# Blender 4.5.4 LTS
# www.blender.org
o Cube
v -0.494368 0.494369 -0.494368
v 0.494369 0.494368 -0.494368
v -0.494368 -0.494368 -0.494368
v 0.494368 -0.494368 -0.494368
v -0.494368 0.494369 0.494368
v 0.494368 0.494368 0.494368
v -0.494368 -0.494368 0.494368
v 0.494368 -0.494368 0.494368
v -0.510858 -0.459618 -0.510858
v -0.529749 -0.414647 -0.529749
v -0.550005 -0.358035 -0.550005
v -0.568566 -0.294389 -0.568566
v -0.584122 -0.225397 -0.584122
v -0.595805 -0.152421 -0.595805
v -0.603033 -0.076831 -0.603033
v -0.605475 -0.000000 -0.605475
v -0.603033 0.076831 -0.603033
v -0.595805 0.152421 -0.595805
v -0.584122 0.225397 -0.584122
v -0.568566 0.294389 -0.568566
v -0.550005 0.358035 -0.550005
v -0.529749 0.414647 -0.529749
v -0.510858 0.459618 -0.510858
v -0.459618 0.510858 -0.510858
v -0.414647 0.529749 -0.529749
v -0.358035 0.550005 -0.550005
v -0.294389 0.568566 -0.568566
v -0.225397 0.584122 -0.584122
v -0.152421 0.595805 -0.595805
v -0.076831 0.603033 -0.603033
v 0.000000 0.605475 -0.605475
v 0.076831 0.603033 -0.603033
v 0.152421 0.595805 -0.595805
v 0.225397 0.584122 -0.584122
v 0.294389 0.568566 -0.568566
v 0.358035 0.550005 -0.550005
v 0.414647 0.529749 -0.529749
v 0.459618 0.510858 -0.510858
v 0.510858 0.459618 -0.510858
v 0.529749 0.414647 -0.529749
v 0.550005 0.358035 -0.550005
v 0.568566 0.294389 -0.568566
v 0.584122 0.225397 -0.584122
v 0.595805 0.152421 -0.595805
v 0.603033 0.076831 -0.603033
v 0.605475 -0.000000 -0.605475
v 0.603033 -0.076831 -0.603033
v 0.595805 -0.152421 -0.595805
v 0.584122 -0.225397 -0.584122
v 0.568566 -0.294389 -0.568566
v 0.550005 -0.358035 -0.550005
v 0.529749 -0.414647 -0.529749
v 0.510858 -0.459618 -0.510858
v 0.459618 -0.510858 -0.510858
v 0.414647 -0.529749 -0.529749
v 0.358035 -0.550005 -0.550005
v 0.294389 -0.568566 -0.568566
v 0.225397 -0.584122 -0.584122
v 0.152421 -0.595805 -0.595805
v 0.076831 -0.603033 -0.603033
v 0.000000 -0.605475 -0.605475
v -0.076831 -0.603033 -0.603033
v -0.152421 -0.595805 -0.595805
v -0.225397 -0.584122 -0.584122
v -0.294389 -0.568566 -0.568566
v -0.358035 -0.550005 -0.550005
v -0.414647 -0.529749 -0.529749
v -0.459618 -0.510858 -0.510858
v -0.510858 -0.510858 0.459618
v -0.529749 -0.529749 0.414647
v -0.550005 -0.550005 0.358035
v -0.568566 -0.568566 0.294389
v -0.584122 -0.584122 0.225397
v -0.595805 -0.595805 0.152421
v -0.603033 -0.603033 0.076831
v -0.605475 -0.605475 0.000000
v -0.603033 -0.603033 -0.076831
v -0.595805 -0.595805 -0.152421
v -0.584122 -0.584122 -0.225397
v -0.568566 -0.568566 -0.294389
v -0.550005 -0.550005 -0.358035
v -0.529749 -0.529749 -0.414647
v -0.510858 -0.510858 -0.459618
v 0.510858 -0.510858 -0.459618
v 0.529749 -0.529749 -0.414647
v 0.550005 -0.550005 -0.358035
v 0.568566 -0.568566 -0.294389
v 0.584122 -0.584122 -0.225397
v 0.595805 -0.595805 -0.152421
v 0.603033 -0.603033 -0.076831
v 0.605475 -0.605475 0.000000
v 0.603033 -0.603033 0.076831
v 0.595805 -0.595805 0.152421
v 0.584122 -0.584122 0.225397
v 0.568566 -0.568566 0.294389
v 0.550005 -0.550005 0.358035
v 0.529749 -0.529749 0.414647
v 0.510858 -0.510858 0.459618
v 0.459618 -0.510858 0.510858
v 0.414647 -0.529749 0.529749
v 0.358035 -0.550005 0.550005
v 0.294389 -0.568566 0.568566
v 0.225397 -0.584122 0.584122
v 0.152421 -0.595805 0.595805
v 0.076831 -0.603033 0.603033
v 0.000000 -0.605475 0.605475
v -0.076831 -0.603033 0.603033
v -0.152421 -0.595805 0.595805
v -0.225397 -0.584122 0.584122
v -0.294389 -0.568566 0.568566
v -0.358035 -0.550005 0.550005
v -0.414647 -0.529749 0.529749
v -0.459618 -0.510858 0.510858
v -0.510858 0.459618 0.510858
v -0.529749 0.414647 0.529749
v -0.550005 0.358035 0.550005
v -0.568566 0.294389 0.568566
v -0.584122 0.225397 0.584122
v -0.595805 0.152421 0.595805
v -0.603033 0.076831 0.603033
v -0.605475 0.000000 0.605475
v -0.603033 -0.076831 0.603033
v -0.595805 -0.152421 0.595805
v -0.584122 -0.225397 0.584122
v -0.568566 -0.294389 0.568566
v -0.550005 -0.358035 0.550005
v -0.529749 -0.414647 0.529749
v -0.510858 -0.459618 0.510858
v 0.510858 -0.459618 0.510858
v 0.529749 -0.414647 0.529749
v 0.550005 -0.358035 0.550005
v 0.568566 -0.294389 0.568566
v 0.584122 -0.225397 0.584122
v 0.595805 -0.152421 0.595805
v 0.603033 -0.076831 0.603033
v 0.605475 -0.000000 0.605475
v 0.603033 0.076831 0.603033
v 0.595805 0.152421 0.595805
v 0.584122 0.225397 0.584122
v 0.568566 0.294389 0.568566
v 0.550005 0.358035 0.550005
v 0.529749 0.414647 0.529749
v 0.510858 0.459618 0.510858
v 0.459618 0.510858 0.510858
v 0.414647 0.529749 0.529749
v 0.358035 0.550005 0.550005
v 0.294389 0.568566 0.568566
v 0.225397 0.584122 0.584122
v 0.152421 0.595805 0.595805
v 0.076831 0.603033 0.603033
v 0.000000 0.605475 0.605475
v -0.076831 0.603033 0.603033
v -0.152421 0.595805 0.595805
v -0.225397 0.584122 0.584122
v -0.294389 0.568566 0.568566
v -0.358035 0.550005 0.550005
v -0.414647 0.529749 0.529749
v -0.459618 0.510858 0.510858
v -0.510858 0.510858 -0.459618
v -0.529749 0.529749 -0.414647
v -0.550005 0.550005 -0.358035
v -0.568566 0.568566 -0.294389
v -0.584122 0.584122 -0.225397
v -0.595805 0.595805 -0.152421
v -0.603033 0.603033 -0.076831
v -0.605475 0.605475 -0.000000
v -0.603033 0.603033 0.076831
v -0.595805 0.595805 0.152421
v -0.584122 0.584122 0.225397
v -0.568566 0.568566 0.294389
v -0.550005 0.550005 0.358035
v -0.529749 0.529749 0.414647
v -0.510858 0.510858 0.459618
v 0.510858 0.510858 0.459618
v 0.529749 0.529749 0.414647
v 0.550005 0.550005 0.358035
v 0.568566 0.568566 0.294389
v 0.584122 0.584122 0.225397
v 0.595805 0.595805 0.152421
v 0.603033 0.603033 0.076831
v 0.605475 0.605475 0.000000
v 0.603033 0.603033 -0.076831
v 0.595805 0.595805 -0.152421
v 0.584122 0.584122 -0.225397
v 0.568566 0.568566 -0.294389
v 0.550005 0.550005 -0.358035
v 0.529749 0.529749 -0.414647
v 0.510858 0.510858 -0.459618
v -0.468727 0.468727 -0.542024
v -0.418558 0.482300 -0.570436
v -0.360754 0.498185 -0.595709
v -0.296379 0.513663 -0.617665
v -0.226813 0.527014 -0.635620
v -0.153331 0.537241 -0.648893
v -0.077278 0.543681 -0.656993
v 0.000000 0.545890 -0.659700
v 0.077278 0.543681 -0.656993
v 0.153332 0.537241 -0.648893
v 0.226813 0.527014 -0.635620
v 0.296379 0.513663 -0.617665
v 0.360754 0.498185 -0.595709
v 0.418558 0.482300 -0.570435
v 0.468727 0.468727 -0.542024
v -0.482300 0.418558 -0.570436
v -0.428184 0.428184 -0.605407
v -0.367729 0.440464 -0.635584
v -0.301553 0.453153 -0.660998
v -0.230514 0.464440 -0.681439
v -0.155724 0.473285 -0.696385
v -0.078456 0.478972 -0.705430
v 0.000000 0.480959 -0.708434
v 0.078456 0.478972 -0.705430
v 0.155724 0.473285 -0.696385
v 0.230514 0.464440 -0.681439
v 0.301553 0.453153 -0.660998
v 0.367729 0.440464 -0.635584
v 0.428184 0.428184 -0.605407
v 0.482300 0.418558 -0.570435
v -0.498185 0.360754 -0.595709
v -0.440464 0.367729 -0.635584
v -0.377163 0.377163 -0.669848
v -0.308695 0.387324 -0.698490
v -0.235673 0.396633 -0.721346
v -0.159087 0.404114 -0.737959
v -0.080121 0.409033 -0.747979
v 0.000000 0.410786 -0.751302
v 0.080122 0.409033 -0.747979
v 0.159087 0.404114 -0.737959
v 0.235674 0.396633 -0.721346
v 0.308695 0.387323 -0.698490
v 0.377163 0.377163 -0.669848
v 0.440464 0.367729 -0.635584
v 0.498185 0.360754 -0.595709
v -0.513663 0.296379 -0.617665
v -0.453153 0.301553 -0.660998
v -0.387324 0.308695 -0.698490
v -0.316560 0.316560 -0.729918
v -0.241448 0.323965 -0.754950
v -0.162902 0.330068 -0.773123
v -0.082027 0.334170 -0.784093
v 0.000000 0.335659 -0.787739
v 0.082027 0.334170 -0.784093
v 0.162902 0.330068 -0.773123
v 0.241448 0.323965 -0.754950
v 0.316560 0.316560 -0.729918
v 0.387323 0.308695 -0.698490
v 0.453153 0.301552 -0.660998
v 0.513663 0.296379 -0.617665
v -0.527014 0.226813 -0.635620
v -0.464440 0.230514 -0.681439
v -0.396633 0.235674 -0.721346
v -0.323965 0.241448 -0.754950
v -0.247018 0.247018 -0.781770
v -0.166650 0.251710 -0.801293
v -0.083921 0.254922 -0.813125
v 0.000000 0.256104 -0.817075
v 0.083921 0.254922 -0.813125
v 0.166650 0.251710 -0.801293
v 0.247018 0.247018 -0.781770
v 0.323965 0.241448 -0.754950
v 0.396633 0.235673 -0.721346
v 0.464440 0.230514 -0.681439
v 0.527014 0.226813 -0.635620
v -0.537241 0.153332 -0.648893
v -0.473285 0.155724 -0.696385
v -0.404114 0.159087 -0.737959
v -0.330068 0.162902 -0.773123
v -0.251710 0.166650 -0.801293
v -0.169860 0.169860 -0.821885
v -0.085559 0.172086 -0.834426
v 0.000000 0.172912 -0.838631
v 0.085559 0.172086 -0.834426
v 0.169860 0.169860 -0.821885
v 0.251710 0.166650 -0.801293
v 0.330068 0.162902 -0.773123
v 0.404114 0.159087 -0.737959
v 0.473285 0.155724 -0.696385
v 0.537241 0.153332 -0.648893
v -0.543681 0.077278 -0.656993
v -0.478972 0.078456 -0.705430
v -0.409033 0.080122 -0.747979
v -0.334170 0.082027 -0.784093
v -0.254922 0.083921 -0.813125
v -0.172086 0.085559 -0.834426
v -0.086703 0.086703 -0.847446
v 0.000000 0.087130 -0.851827
v 0.086703 0.086703 -0.847447
v 0.172086 0.085559 -0.834426
v 0.254922 0.083921 -0.813125
v 0.334171 0.082027 -0.784093
v 0.409033 0.080122 -0.747979
v 0.478972 0.078456 -0.705430
v 0.543681 0.077278 -0.656993
v -0.545890 -0.000000 -0.659700
v -0.480959 -0.000000 -0.708434
v -0.410786 -0.000000 -0.751302
v -0.335659 -0.000000 -0.787739
v -0.256104 -0.000000 -0.817075
v -0.172912 0.000000 -0.838631
v -0.087130 0.000000 -0.851827
v 0.000000 0.000000 -0.856271
v 0.087130 0.000000 -0.851827
v 0.172912 -0.000000 -0.838631
v 0.256104 -0.000000 -0.817075
v 0.335659 -0.000000 -0.787739
v 0.410787 -0.000000 -0.751302
v 0.480959 -0.000000 -0.708434
v 0.545890 -0.000000 -0.659700
v -0.543681 -0.077278 -0.656993
v -0.478972 -0.078456 -0.705430
v -0.409033 -0.080122 -0.747979
v -0.334171 -0.082027 -0.784093
v -0.254922 -0.083921 -0.813125
v -0.172086 -0.085559 -0.834426
v -0.086703 -0.086703 -0.847447
v 0.000000 -0.087130 -0.851827
v 0.086703 -0.086703 -0.847447
v 0.172086 -0.085559 -0.834426
v 0.254922 -0.083921 -0.813125
v 0.334170 -0.082027 -0.784093
v 0.409033 -0.080122 -0.747979
v 0.478972 -0.078456 -0.705430
v 0.543681 -0.077278 -0.656993
v -0.537241 -0.153332 -0.648893
v -0.473285 -0.155724 -0.696385
v -0.404114 -0.159087 -0.737959
v -0.330068 -0.162902 -0.773123
v -0.251710 -0.166650 -0.801293
v -0.169860 -0.169860 -0.821885
v -0.085559 -0.172086 -0.834426
v 0.000000 -0.172912 -0.838631
v 0.085559 -0.172086 -0.834426
v 0.169860 -0.169860 -0.821885
v 0.251710 -0.166650 -0.801293
v 0.330068 -0.162902 -0.773123
v 0.404114 -0.159087 -0.737959
v 0.473285 -0.155724 -0.696385
v 0.537241 -0.153332 -0.648893
v -0.527014 -0.226813 -0.635620
v -0.464440 -0.230514 -0.681439
v -0.396633 -0.235673 -0.721346
v -0.323965 -0.241448 -0.754950
v -0.247018 -0.247018 -0.781770
v -0.166650 -0.251710 -0.801293
v -0.083921 -0.254922 -0.813125
v 0.000000 -0.256104 -0.817075
v 0.083921 -0.254922 -0.813125
v 0.166650 -0.251710 -0.801293
v 0.247018 -0.247018 -0.781770
v 0.323965 -0.241448 -0.754950
v 0.396633 -0.235674 -0.721346
v 0.464440 -0.230514 -0.681439
v 0.527014 -0.226813 -0.635620
v -0.513663 -0.296379 -0.617665
v -0.453153 -0.301552 -0.660998
v -0.387323 -0.308695 -0.698490
v -0.316560 -0.316560 -0.729918
v -0.241448 -0.323965 -0.754950
v -0.162902 -0.330068 -0.773123
v -0.082027 -0.334170 -0.784093
v 0.000000 -0.335659 -0.787739
v 0.082027 -0.334170 -0.784093
v 0.162902 -0.330068 -0.773123
v 0.241448 -0.323965 -0.754950
v 0.316560 -0.316560 -0.729918
v 0.387324 -0.308695 -0.698490
v 0.453153 -0.301553 -0.660998
v 0.513663 -0.296379 -0.617665
v -0.498185 -0.360754 -0.595709
v -0.440464 -0.367729 -0.635584
v -0.377163 -0.377163 -0.669848
v -0.308695 -0.387323 -0.698490
v -0.235673 -0.396633 -0.721346
v -0.159087 -0.404114 -0.737959
v -0.080121 -0.409033 -0.747979
v 0.000000 -0.410787 -0.751302
v 0.080122 -0.409033 -0.747979
v 0.159087 -0.404114 -0.737959
v 0.235674 -0.396633 -0.721346
v 0.308695 -0.387323 -0.698490
v 0.377163 -0.377163 -0.669848
v 0.440464 -0.367729 -0.635584
v 0.498185 -0.360754 -0.595709
v -0.482300 -0.418558 -0.570436
v -0.428184 -0.428184 -0.605407
v -0.367729 -0.440464 -0.635584
v -0.301553 -0.453153 -0.660998
v -0.230514 -0.464440 -0.681439
v -0.155724 -0.473285 -0.696385
v -0.078456 -0.478972 -0.705430
v 0.000000 -0.480959 -0.708434
v 0.078456 -0.478972 -0.705430
v 0.155724 -0.473285 -0.696385
v 0.230514 -0.464440 -0.681439
v 0.301553 -0.453153 -0.660998
v 0.367729 -0.440464 -0.635584
v 0.428184 -0.428184 -0.605407
v 0.482300 -0.418558 -0.570435
v -0.468727 -0.468727 -0.542024
v -0.418558 -0.482300 -0.570436
v -0.360754 -0.498185 -0.595709
v -0.296379 -0.513663 -0.617665
v -0.226813 -0.527014 -0.635620
v -0.153332 -0.537241 -0.648893
v -0.077278 -0.543681 -0.656993
v 0.000000 -0.545890 -0.659700
v 0.077278 -0.543681 -0.656993
v 0.153332 -0.537241 -0.648893
v 0.226813 -0.527014 -0.635620
v 0.296379 -0.513663 -0.617665
v 0.360754 -0.498185 -0.595709
v 0.418558 -0.482300 -0.570435
v 0.468727 -0.468727 -0.542024
v -0.468727 -0.542024 -0.468727
v -0.418558 -0.570435 -0.482300
v -0.360754 -0.595709 -0.498185
v -0.296379 -0.617665 -0.513663
v -0.226813 -0.635620 -0.527014
v -0.153332 -0.648893 -0.537241
v -0.077278 -0.656993 -0.543681
v 0.000000 -0.659700 -0.545890
v 0.077278 -0.656993 -0.543681
v 0.153332 -0.648893 -0.537241
v 0.226813 -0.635620 -0.527014
v 0.296379 -0.617665 -0.513663
v 0.360754 -0.595709 -0.498185
v 0.418558 -0.570436 -0.482300
v 0.468727 -0.542024 -0.468727
v -0.482300 -0.570436 -0.418558
v -0.428184 -0.605407 -0.428184
v -0.367729 -0.635584 -0.440464
v -0.301553 -0.660998 -0.453153
v -0.230514 -0.681439 -0.464440
v -0.155724 -0.696385 -0.473285
v -0.078456 -0.705430 -0.478972
v -0.000000 -0.708434 -0.480959
v 0.078456 -0.705430 -0.478972
v 0.155724 -0.696385 -0.473285
v 0.230514 -0.681439 -0.464440
v 0.301553 -0.660998 -0.453153
v 0.367729 -0.635584 -0.440464
v 0.428184 -0.605407 -0.428184
v 0.482300 -0.570435 -0.418558
v -0.498185 -0.595709 -0.360754
v -0.440464 -0.635584 -0.367729
v -0.377163 -0.669848 -0.377163
v -0.308695 -0.698490 -0.387324
v -0.235674 -0.721346 -0.396633
v -0.159087 -0.737959 -0.404114
v -0.080122 -0.747979 -0.409033
v -0.000000 -0.751302 -0.410786
v 0.080121 -0.747979 -0.409033
v 0.159087 -0.737959 -0.404114
v 0.235674 -0.721346 -0.396633
v 0.308695 -0.698490 -0.387323
v 0.377163 -0.669848 -0.377163
v 0.440464 -0.635584 -0.367729
v 0.498185 -0.595709 -0.360754
v -0.513663 -0.617665 -0.296379
v -0.453153 -0.660998 -0.301553
v -0.387324 -0.698490 -0.308695
v -0.316560 -0.729918 -0.316560
v -0.241448 -0.754950 -0.323965
v -0.162902 -0.773123 -0.330068
v -0.082027 -0.784093 -0.334170
v -0.000000 -0.787739 -0.335659
v 0.082027 -0.784093 -0.334170
v 0.162902 -0.773123 -0.330068
v 0.241448 -0.754950 -0.323965
v 0.316560 -0.729918 -0.316560
v 0.387323 -0.698490 -0.308695
v 0.453153 -0.660998 -0.301552
v 0.513663 -0.617665 -0.296379
v -0.527014 -0.635620 -0.226813
v -0.464440 -0.681439 -0.230514
v -0.396633 -0.721346 -0.235674
v -0.323965 -0.754950 -0.241448
v -0.247018 -0.781770 -0.247018
v -0.166650 -0.801293 -0.251710
v -0.083921 -0.813125 -0.254922
v -0.000000 -0.817075 -0.256104
v 0.083921 -0.813125 -0.254922
v 0.166650 -0.801293 -0.251710
v 0.247018 -0.781770 -0.247018
v 0.323965 -0.754950 -0.241448
v 0.396633 -0.721346 -0.235674
v 0.464440 -0.681439 -0.230514
v 0.527014 -0.635620 -0.226813
v -0.537241 -0.648893 -0.153332
v -0.473285 -0.696385 -0.155724
v -0.404114 -0.737959 -0.159087
v -0.330068 -0.773123 -0.162902
v -0.251710 -0.801293 -0.166650
v -0.169860 -0.821885 -0.169860
v -0.085559 -0.834426 -0.172086
v -0.000000 -0.838631 -0.172912
v 0.085559 -0.834426 -0.172086
v 0.169860 -0.821885 -0.169860
v 0.251710 -0.801293 -0.166650
v 0.330068 -0.773123 -0.162902
v 0.404114 -0.737959 -0.159087
v 0.473285 -0.696385 -0.155724
v 0.537241 -0.648893 -0.153332
v -0.543681 -0.656993 -0.077278
v -0.478972 -0.705430 -0.078456
v -0.409033 -0.747979 -0.080122
v -0.334170 -0.784093 -0.082027
v -0.254922 -0.813125 -0.083921
v -0.172086 -0.834426 -0.085559
v -0.086703 -0.847446 -0.086703
v -0.000000 -0.851827 -0.087130
v 0.086703 -0.847446 -0.086703
v 0.172086 -0.834426 -0.085559
v 0.254922 -0.813125 -0.083921
v 0.334170 -0.784093 -0.082027
v 0.409033 -0.747979 -0.080122
v 0.478972 -0.705430 -0.078456
v 0.543681 -0.656993 -0.077278
v -0.545890 -0.659700 0.000000
v -0.480959 -0.708434 0.000000
v -0.410787 -0.751302 0.000000
v -0.335659 -0.787739 0.000000
v -0.256104 -0.817075 0.000000
v -0.172912 -0.838631 0.000000
v -0.087130 -0.851827 0.000000
v -0.000000 -0.856271 0.000000
v 0.087130 -0.851827 0.000000
v 0.172912 -0.838631 0.000000
v 0.256104 -0.817075 0.000000
v 0.335659 -0.787739 0.000000
v 0.410786 -0.751302 0.000000
v 0.480959 -0.708434 0.000000
v 0.545890 -0.659700 0.000000
v -0.543681 -0.656993 0.077278
v -0.478972 -0.705430 0.078456
v -0.409033 -0.747979 0.080122
v -0.334171 -0.784093 0.082027
v -0.254922 -0.813125 0.083921
v -0.172086 -0.834426 0.085559
v -0.086703 -0.847447 0.086703
v 0.000000 -0.851827 0.087130
v 0.086703 -0.847447 0.086703
v 0.172086 -0.834426 0.085559
v 0.254922 -0.813125 0.083921
v 0.334170 -0.784093 0.082027
v 0.409033 -0.747979 0.080122
v 0.478972 -0.705430 0.078456
v 0.543681 -0.656993 0.077278
v -0.537241 -0.648893 0.153332
v -0.473285 -0.696385 0.155724
v -0.404114 -0.737959 0.159087
v -0.330068 -0.773123 0.162902
v -0.251710 -0.801293 0.166650
v -0.169860 -0.821885 0.169860
v -0.085559 -0.834426 0.172086
v 0.000000 -0.838631 0.172912
v 0.085559 -0.834426 0.172086
v 0.169860 -0.821885 0.169860
v 0.251710 -0.801293 0.166650
v 0.330068 -0.773123 0.162902
v 0.404114 -0.737959 0.159087
v 0.473285 -0.696385 0.155724
v 0.537241 -0.648893 0.153332
v -0.527014 -0.635620 0.226813
v -0.464440 -0.681439 0.230514
v -0.396633 -0.721346 0.235674
v -0.323965 -0.754950 0.241448
v -0.247018 -0.781770 0.247018
v -0.166650 -0.801293 0.251710
v -0.083921 -0.813125 0.254922
v -0.000000 -0.817075 0.256104
v 0.083921 -0.813125 0.254922
v 0.166650 -0.801293 0.251710
v 0.247018 -0.781770 0.247018
v 0.323965 -0.754950 0.241448
v 0.396633 -0.721346 0.235674
v 0.464440 -0.681439 0.230514
v 0.527014 -0.635620 0.226813
v -0.513663 -0.617665 0.296379
v -0.453153 -0.660998 0.301552
v -0.387324 -0.698490 0.308695
v -0.316560 -0.729918 0.316560
v -0.241448 -0.754950 0.323965
v -0.162902 -0.773123 0.330068
v -0.082027 -0.784093 0.334170
v 0.000000 -0.787739 0.335659
v 0.082027 -0.784093 0.334170
v 0.162902 -0.773123 0.330068
v 0.241448 -0.754950 0.323965
v 0.316560 -0.729918 0.316560
v 0.387323 -0.698490 0.308695
v 0.453153 -0.660998 0.301553
v 0.513663 -0.617665 0.296379
v -0.498185 -0.595709 0.360754
v -0.440464 -0.635584 0.367729
v -0.377163 -0.669848 0.377163
v -0.308695 -0.698490 0.387323
v -0.235674 -0.721346 0.396633
v -0.159087 -0.737959 0.404114
v -0.080122 -0.747979 0.409033
v -0.000000 -0.751302 0.410786
v 0.080121 -0.747979 0.409033
v 0.159087 -0.737959 0.404114
v 0.235673 -0.721346 0.396633
v 0.308695 -0.698490 0.387323
v 0.377163 -0.669848 0.377163
v 0.440464 -0.635584 0.367729
v 0.498185 -0.595709 0.360754
v -0.482300 -0.570436 0.418558
v -0.428184 -0.605407 0.428184
v -0.367729 -0.635584 0.440464
v -0.301553 -0.660998 0.453153
v -0.230514 -0.681439 0.464440
v -0.155724 -0.696385 0.473285
v -0.078456 -0.705430 0.478972
v 0.000000 -0.708434 0.480959
v 0.078456 -0.705430 0.478972
v 0.155724 -0.696385 0.473285
v 0.230514 -0.681439 0.464440
v 0.301553 -0.660998 0.453153
v 0.367729 -0.635584 0.440464
v 0.428184 -0.605407 0.428184
v 0.482300 -0.570435 0.418558
v -0.468727 -0.542024 0.468727
v -0.418558 -0.570436 0.482300
v -0.360754 -0.595709 0.498185
v -0.296379 -0.617665 0.513663
v -0.226813 -0.635620 0.527014
v -0.153332 -0.648893 0.537241
v -0.077278 -0.656993 0.543681
v 0.000000 -0.659700 0.545890
v 0.077278 -0.656993 0.543681
v 0.153331 -0.648893 0.537241
v 0.226813 -0.635620 0.527014
v 0.296379 -0.617665 0.513663
v 0.360754 -0.595709 0.498185
v 0.418558 -0.570435 0.482300
v 0.468727 -0.542024 0.468727
v -0.468727 -0.468727 0.542024
v -0.418558 -0.482300 0.570435
v -0.360754 -0.498185 0.595709
v -0.296379 -0.513663 0.617665
v -0.226813 -0.527014 0.635620
v -0.153332 -0.537241 0.648893
v -0.077278 -0.543681 0.656993
v 0.000000 -0.545890 0.659700
v 0.077278 -0.543681 0.656993
v 0.153331 -0.537241 0.648893
v 0.226813 -0.527014 0.635620
v 0.296379 -0.513663 0.617665
v 0.360754 -0.498185 0.595709
v 0.418558 -0.482300 0.570436
v 0.468727 -0.468727 0.542024
v -0.482300 -0.418558 0.570436
v -0.428184 -0.428184 0.605407
v -0.367729 -0.440464 0.635584
v -0.301553 -0.453153 0.660998
v -0.230514 -0.464440 0.681439
v -0.155724 -0.473285 0.696385
v -0.078456 -0.478972 0.705430
v -0.000000 -0.480959 0.708434
v 0.078456 -0.478972 0.705430
v 0.155724 -0.473285 0.696385
v 0.230514 -0.464440 0.681439
v 0.301552 -0.453153 0.660998
v 0.367729 -0.440464 0.635584
v 0.428184 -0.428184 0.605407
v 0.482300 -0.418558 0.570436
v -0.498185 -0.360754 0.595709
v -0.440464 -0.367729 0.635584
v -0.377163 -0.377163 0.669848
v -0.308695 -0.387324 0.698490
v -0.235674 -0.396633 0.721346
v -0.159087 -0.404114 0.737959
v -0.080122 -0.409033 0.747979
v -0.000000 -0.410786 0.751302
v 0.080121 -0.409033 0.747979
v 0.159087 -0.404114 0.737959
v 0.235673 -0.396633 0.721346
v 0.308695 -0.387323 0.698490
v 0.377163 -0.377163 0.669848
v 0.440464 -0.367729 0.635584
v 0.498185 -0.360754 0.595709
v -0.513663 -0.296379 0.617665
v -0.453153 -0.301552 0.660998
v -0.387323 -0.308695 0.698490
v -0.316560 -0.316560 0.729918
v -0.241448 -0.323965 0.754950
v -0.162902 -0.330068 0.773123
v -0.082027 -0.334170 0.784093
v -0.000000 -0.335659 0.787739
v 0.082027 -0.334170 0.784093
v 0.162902 -0.330068 0.773123
v 0.241448 -0.323965 0.754950
v 0.316560 -0.316560 0.729918
v 0.387323 -0.308695 0.698490
v 0.453153 -0.301553 0.660998
v 0.513663 -0.296379 0.617665
v -0.527014 -0.226813 0.635620
v -0.464440 -0.230514 0.681439
v -0.396633 -0.235673 0.721346
v -0.323965 -0.241448 0.754950
v -0.247018 -0.247018 0.781770
v -0.166650 -0.251710 0.801293
v -0.083921 -0.254922 0.813125
v -0.000000 -0.256104 0.817075
v 0.083921 -0.254922 0.813125
v 0.166650 -0.251710 0.801293
v 0.247018 -0.247018 0.781770
v 0.323965 -0.241448 0.754950
v 0.396633 -0.235674 0.721346
v 0.464440 -0.230514 0.681439
v 0.527014 -0.226813 0.635620
v -0.537241 -0.153331 0.648893
v -0.473285 -0.155724 0.696385
v -0.404114 -0.159087 0.737959
v -0.330068 -0.162902 0.773123
v -0.251710 -0.166650 0.801293
v -0.169860 -0.169860 0.821885
v -0.085559 -0.172086 0.834426
v -0.000000 -0.172912 0.838631
v 0.085559 -0.172086 0.834426
v 0.169860 -0.169860 0.821885
v 0.251710 -0.166650 0.801293
v 0.330068 -0.162902 0.773123
v 0.404114 -0.159087 0.737959
v 0.473285 -0.155724 0.696385
v 0.537241 -0.153332 0.648893
v -0.543681 -0.077278 0.656993
v -0.478972 -0.078456 0.705430
v -0.409033 -0.080121 0.747979
v -0.334171 -0.082027 0.784093
v -0.254922 -0.083921 0.813125
v -0.172086 -0.085559 0.834426
v -0.086703 -0.086703 0.847446
v -0.000000 -0.087130 0.851827
v 0.086703 -0.086703 0.847446
v 0.172086 -0.085559 0.834426
v 0.254922 -0.083921 0.813125
v 0.334170 -0.082027 0.784093
v 0.409033 -0.080122 0.747979
v 0.478972 -0.078456 0.705430
v 0.543681 -0.077278 0.656993
v -0.545890 0.000000 0.659700
v -0.480959 0.000000 0.708434
v -0.410787 0.000000 0.751302
v -0.335659 0.000000 0.787739
v -0.256104 0.000000 0.817075
v -0.172912 0.000000 0.838631
v -0.087130 0.000000 0.851827
v 0.000000 0.000000 0.856271
v 0.087130 -0.000000 0.851827
v 0.172912 -0.000000 0.838631
v 0.256104 -0.000000 0.817075
v 0.335659 -0.000000 0.787739
v 0.410786 -0.000000 0.751302
v 0.480959 -0.000000 0.708434
v 0.545890 -0.000000 0.659700
v -0.543681 0.077278 0.656993
v -0.478972 0.078456 0.705430
v -0.409033 0.080122 0.747979
v -0.334171 0.082027 0.784093
v -0.254922 0.083921 0.813125
v -0.172086 0.085559 0.834426
v -0.086703 0.086703 0.847446
v 0.000000 0.087130 0.851827
v 0.086703 0.086703 0.847447
v 0.172086 0.085559 0.834426
v 0.254922 0.083921 0.813125
v 0.334170 0.082027 0.784093
v 0.409033 0.080121 0.747979
v 0.478972 0.078456 0.705430
v 0.543681 0.077278 0.656993
v -0.537241 0.153332 0.648893
v -0.473285 0.155724 0.696385
v -0.404114 0.159087 0.737959
v -0.330068 0.162902 0.773123
v -0.251710 0.166650 0.801293
v -0.169860 0.169860 0.821885
v -0.085559 0.172086 0.834426
v 0.000000 0.172912 0.838631
v 0.085559 0.172086 0.834426
v 0.169860 0.169860 0.821885
v 0.251710 0.166650 0.801293
v 0.330068 0.162902 0.773123
v 0.404114 0.159087 0.737959
v 0.473285 0.155724 0.696385
v 0.537241 0.153332 0.648893
v -0.527014 0.226813 0.635620
v -0.464440 0.230514 0.681439
v -0.396633 0.235674 0.721346
v -0.323965 0.241448 0.754950
v -0.247018 0.247018 0.781770
v -0.166650 0.251710 0.801293
v -0.083921 0.254922 0.813125
v 0.000000 0.256104 0.817075
v 0.083921 0.254922 0.813125
v 0.166650 0.251710 0.801293
v 0.247018 0.247018 0.781770
v 0.323965 0.241448 0.754950
v 0.396633 0.235673 0.721346
v 0.464440 0.230514 0.681439
v 0.527014 0.226813 0.635620
v -0.513663 0.296379 0.617665
v -0.453153 0.301553 0.660998
v -0.387324 0.308695 0.698490
v -0.316560 0.316560 0.729918
v -0.241448 0.323965 0.754950
v -0.162902 0.330068 0.773123
v -0.082027 0.334170 0.784093
v 0.000000 0.335659 0.787739
v 0.082027 0.334170 0.784093
v 0.162902 0.330068 0.773123
v 0.241448 0.323965 0.754950
v 0.316560 0.316560 0.729918
v 0.387324 0.308695 0.698490
v 0.453153 0.301553 0.660998
v 0.513663 0.296379 0.617665
v -0.498185 0.360754 0.595709
v -0.440464 0.367729 0.635584
v -0.377163 0.377163 0.669848
v -0.308695 0.387323 0.698490
v -0.235673 0.396633 0.721346
v -0.159087 0.404114 0.737959
v -0.080122 0.409033 0.747979
v 0.000000 0.410787 0.751302
v 0.080122 0.409033 0.747979
v 0.159087 0.404114 0.737959
v 0.235674 0.396633 0.721346
v 0.308695 0.387323 0.698490
v 0.377163 0.377163 0.669848
v 0.440464 0.367729 0.635584
v 0.498185 0.360754 0.595709
v -0.482300 0.418558 0.570435
v -0.428184 0.428184 0.605407
v -0.367729 0.440464 0.635584
v -0.301553 0.453153 0.660998
v -0.230514 0.464440 0.681439
v -0.155724 0.473285 0.696385
v -0.078456 0.478972 0.705430
v 0.000000 0.480959 0.708434
v 0.078456 0.478972 0.705430
v 0.155724 0.473285 0.696385
v 0.230514 0.464440 0.681439
v 0.301553 0.453153 0.660998
v 0.367729 0.440464 0.635584
v 0.428184 0.428184 0.605407
v 0.482300 0.418558 0.570435
v -0.468727 0.468727 0.542024
v -0.418558 0.482300 0.570436
v -0.360754 0.498185 0.595709
v -0.296379 0.513663 0.617665
v -0.226813 0.527014 0.635620
v -0.153332 0.537241 0.648893
v -0.077278 0.543681 0.656993
v 0.000000 0.545890 0.659700
v 0.077278 0.543681 0.656993
v 0.153332 0.537241 0.648893
v 0.226813 0.527014 0.635620
v 0.296379 0.513663 0.617665
v 0.360754 0.498185 0.595709
v 0.418558 0.482300 0.570435
v 0.468727 0.468727 0.542024
v -0.468727 0.542024 0.468727
v -0.418558 0.570435 0.482300
v -0.360754 0.595709 0.498185
v -0.296379 0.617665 0.513663
v -0.226813 0.635620 0.527014
v -0.153332 0.648893 0.537241
v -0.077278 0.656993 0.543681
v 0.000000 0.659700 0.545890
v 0.077278 0.656993 0.543681
v 0.153332 0.648893 0.537241
v 0.226813 0.635620 0.527014
v 0.296379 0.617665 0.513663
v 0.360754 0.595709 0.498185
v 0.418558 0.570436 0.482300
v 0.468727 0.542024 0.468727
v -0.482300 0.570436 0.418558
v -0.428184 0.605407 0.428184
v -0.367729 0.635584 0.440464
v -0.301553 0.660998 0.453153
v -0.230514 0.681439 0.464440
v -0.155724 0.696385 0.473285
v -0.078456 0.705430 0.478972
v 0.000000 0.708434 0.480959
v 0.078456 0.705430 0.478972
v 0.155724 0.696385 0.473285
v 0.230514 0.681439 0.464440
v 0.301553 0.660998 0.453153
v 0.367729 0.635584 0.440464
v 0.428184 0.605407 0.428184
v 0.482300 0.570435 0.418558
v -0.498185 0.595709 0.360754
v -0.440464 0.635584 0.367729
v -0.377163 0.669848 0.377163
v -0.308695 0.698490 0.387324
v -0.235674 0.721346 0.396633
v -0.159087 0.737959 0.404114
v -0.080122 0.747979 0.409033
v 0.000000 0.751302 0.410786
v 0.080122 0.747979 0.409033
v 0.159087 0.737959 0.404114
v 0.235674 0.721346 0.396633
v 0.308695 0.698490 0.387323
v 0.377163 0.669848 0.377163
v 0.440464 0.635584 0.367729
v 0.498185 0.595709 0.360754
v -0.513663 0.617665 0.296379
v -0.453153 0.660998 0.301552
v -0.387323 0.698490 0.308695
v -0.316560 0.729918 0.316560
v -0.241448 0.754950 0.323965
v -0.162902 0.773123 0.330068
v -0.082027 0.784093 0.334170
v 0.000000 0.787739 0.335659
v 0.082027 0.784093 0.334170
v 0.162902 0.773123 0.330068
v 0.241448 0.754950 0.323965
v 0.316560 0.729918 0.316560
v 0.387324 0.698490 0.308695
v 0.453153 0.660998 0.301553
v 0.513663 0.617665 0.296379
v -0.527014 0.635620 0.226813
v -0.464440 0.681439 0.230514
v -0.396633 0.721346 0.235673
v -0.323965 0.754950 0.241448
v -0.247018 0.781770 0.247018
v -0.166650 0.801293 0.251710
v -0.083921 0.813125 0.254922
v 0.000000 0.817075 0.256104
v 0.083921 0.813125 0.254922
v 0.166650 0.801293 0.251710
v 0.247018 0.781770 0.247018
v 0.323965 0.754950 0.241448
v 0.396633 0.721346 0.235674
v 0.464440 0.681439 0.230514
v 0.527014 0.635620 0.226813
v -0.537241 0.648893 0.153331
v -0.473285 0.696385 0.155724
v -0.404114 0.737959 0.159087
v -0.330068 0.773123 0.162902
v -0.251710 0.801293 0.166650
v -0.169860 0.821885 0.169860
v -0.085559 0.834426 0.172086
v 0.000000 0.838631 0.172912
v 0.085559 0.834426 0.172086
v 0.169860 0.821885 0.169860
v 0.251710 0.801293 0.166650
v 0.330068 0.773123 0.162902
v 0.404114 0.737959 0.159087
v 0.473285 0.696385 0.155724
v 0.537241 0.648893 0.153332
v -0.543681 0.656993 0.077278
v -0.478972 0.705430 0.078456
v -0.409033 0.747979 0.080121
v -0.334170 0.784093 0.082027
v -0.254922 0.813125 0.083921
v -0.172086 0.834426 0.085559
v -0.086703 0.847446 0.086703
v 0.000000 0.851827 0.087130
v 0.086703 0.847446 0.086703
v 0.172086 0.834426 0.085559
v 0.254922 0.813125 0.083921
v 0.334170 0.784093 0.082027
v 0.409033 0.747979 0.080122
v 0.478972 0.705430 0.078456
v 0.543681 0.656993 0.077278
v -0.545890 0.659700 -0.000000
v -0.480959 0.708434 -0.000000
v -0.410787 0.751302 -0.000000
v -0.335659 0.787739 -0.000000
v -0.256104 0.817075 -0.000000
v -0.172912 0.838631 -0.000000
v -0.087130 0.851827 -0.000000
v 0.000000 0.856271 -0.000000
v 0.087130 0.851827 0.000000
v 0.172912 0.838631 0.000000
v 0.256104 0.817075 0.000000
v 0.335659 0.787739 0.000000
v 0.410787 0.751302 0.000000
v 0.480959 0.708434 0.000000
v 0.545891 0.659700 0.000000
v -0.543681 0.656993 -0.077278
v -0.478972 0.705430 -0.078456
v -0.409033 0.747979 -0.080122
v -0.334171 0.784093 -0.082027
v -0.254922 0.813125 -0.083921
v -0.172086 0.834426 -0.085559
v -0.086703 0.847447 -0.086703
v 0.000000 0.851827 -0.087130
v 0.086703 0.847447 -0.086703
v 0.172086 0.834426 -0.085559
v 0.254922 0.813125 -0.083921
v 0.334171 0.784093 -0.082027
v 0.409033 0.747979 -0.080121
v 0.478972 0.705430 -0.078456
v 0.543681 0.656993 -0.077278
v -0.537241 0.648893 -0.153332
v -0.473285 0.696385 -0.155724
v -0.404114 0.737959 -0.159087
v -0.330068 0.773123 -0.162902
v -0.251710 0.801293 -0.166650
v -0.169860 0.821885 -0.169860
v -0.085559 0.834426 -0.172086
v 0.000000 0.838631 -0.172912
v 0.085559 0.834426 -0.172086
v 0.169860 0.821885 -0.169860
v 0.251710 0.801293 -0.166650
v 0.330068 0.773123 -0.162902
v 0.404114 0.737959 -0.159087
v 0.473285 0.696385 -0.155724
v 0.537241 0.648893 -0.153332
v -0.527014 0.635620 -0.226813
v -0.464440 0.681439 -0.230514
v -0.396633 0.721346 -0.235674
v -0.323965 0.754950 -0.241448
v -0.247018 0.781770 -0.247018
v -0.166650 0.801293 -0.251710
v -0.083921 0.813125 -0.254922
v 0.000000 0.817075 -0.256104
v 0.083921 0.813125 -0.254922
v 0.166650 0.801293 -0.251710
v 0.247018 0.781770 -0.247018
v 0.323965 0.754950 -0.241448
v 0.396633 0.721346 -0.235674
v 0.464440 0.681439 -0.230514
v 0.527014 0.635620 -0.226813
v -0.513663 0.617665 -0.296379
v -0.453153 0.660998 -0.301553
v -0.387323 0.698490 -0.308695
v -0.316560 0.729918 -0.316560
v -0.241448 0.754950 -0.323965
v -0.162902 0.773123 -0.330068
v -0.082027 0.784093 -0.334170
v 0.000000 0.787739 -0.335659
v 0.082027 0.784093 -0.334170
v 0.162902 0.773123 -0.330068
v 0.241448 0.754950 -0.323965
v 0.316560 0.729918 -0.316560
v 0.387324 0.698490 -0.308695
v 0.453153 0.660998 -0.301553
v 0.513663 0.617665 -0.296379
v -0.498185 0.595709 -0.360754
v -0.440464 0.635584 -0.367729
v -0.377163 0.669848 -0.377163
v -0.308695 0.698490 -0.387323
v -0.235673 0.721346 -0.396633
v -0.159087 0.737959 -0.404114
v -0.080121 0.747979 -0.409033
v 0.000000 0.751302 -0.410786
v 0.080122 0.747979 -0.409033
v 0.159087 0.737959 -0.404114
v 0.235674 0.721346 -0.396633
v 0.308695 0.698490 -0.387323
v 0.377163 0.669848 -0.377163
v 0.440464 0.635584 -0.367729
v 0.498185 0.595709 -0.360754
v -0.482300 0.570435 -0.418558
v -0.428184 0.605407 -0.428184
v -0.367729 0.635584 -0.440464
v -0.301552 0.660998 -0.453153
v -0.230514 0.681439 -0.464440
v -0.155724 0.696385 -0.473285
v -0.078456 0.705430 -0.478972
v 0.000000 0.708434 -0.480959
v 0.078456 0.705430 -0.478972
v 0.155724 0.696385 -0.473285
v 0.230514 0.681439 -0.464440
v 0.301553 0.660998 -0.453153
v 0.367729 0.635584 -0.440464
v 0.428184 0.605407 -0.428184
v 0.482300 0.570435 -0.418558
v -0.468727 0.542024 -0.468727
v -0.418558 0.570436 -0.482300
v -0.360754 0.595709 -0.498185
v -0.296379 0.617665 -0.513663
v -0.226813 0.635620 -0.527014
v -0.153331 0.648893 -0.537241
v -0.077278 0.656993 -0.543681
v 0.000000 0.659700 -0.545890
v 0.077278 0.656993 -0.543681
v 0.153332 0.648893 -0.537241
v 0.226813 0.635620 -0.527014
v 0.296379 0.617665 -0.513663
v 0.360754 0.595709 -0.498185
v 0.418558 0.570435 -0.482300
v 0.468727 0.542024 -0.468727
v -0.542024 -0.468727 -0.468727
v -0.570436 -0.482300 -0.418558
v -0.595709 -0.498185 -0.360754
v -0.617665 -0.513663 -0.296379
v -0.635620 -0.527014 -0.226813
v -0.648893 -0.537241 -0.153332
v -0.656993 -0.543681 -0.077278
v -0.659700 -0.545890 0.000000
v -0.656993 -0.543681 0.077278
v -0.648893 -0.537241 0.153332
v -0.635620 -0.527014 0.226813
v -0.617665 -0.513663 0.296379
v -0.595709 -0.498185 0.360754
v -0.570436 -0.482300 0.418558
v -0.542024 -0.468727 0.468727
v -0.570436 -0.418558 -0.482300
v -0.605407 -0.428184 -0.428184
v -0.635584 -0.440464 -0.367729
v -0.660998 -0.453153 -0.301553
v -0.681439 -0.464440 -0.230514
v -0.696385 -0.473285 -0.155724
v -0.705430 -0.478972 -0.078456
v -0.708434 -0.480959 -0.000000
v -0.705430 -0.478972 0.078456
v -0.696385 -0.473285 0.155724
v -0.681439 -0.464440 0.230514
v -0.660998 -0.453153 0.301552
v -0.635584 -0.440464 0.367729
v -0.605407 -0.428184 0.428184
v -0.570436 -0.418558 0.482300
v -0.595709 -0.360754 -0.498185
v -0.635584 -0.367729 -0.440464
v -0.669848 -0.377163 -0.377163
v -0.698490 -0.387323 -0.308695
v -0.721346 -0.396633 -0.235674
v -0.737959 -0.404114 -0.159087
v -0.747979 -0.409033 -0.080122
v -0.751302 -0.410786 -0.000000
v -0.747979 -0.409033 0.080121
v -0.737959 -0.404114 0.159087
v -0.721346 -0.396633 0.235674
v -0.698490 -0.387323 0.308695
v -0.669848 -0.377163 0.377163
v -0.635584 -0.367729 0.440464
v -0.595709 -0.360754 0.498185
v -0.617665 -0.296379 -0.513663
v -0.660998 -0.301552 -0.453153
v -0.698490 -0.308695 -0.387323
v -0.729918 -0.316560 -0.316560
v -0.754950 -0.323965 -0.241448
v -0.773123 -0.330068 -0.162902
v -0.784093 -0.334170 -0.082027
v -0.787740 -0.335659 -0.000000
v -0.784093 -0.334170 0.082027
v -0.773123 -0.330068 0.162902
v -0.754950 -0.323965 0.241448
v -0.729918 -0.316560 0.316560
v -0.698490 -0.308695 0.387323
v -0.660998 -0.301552 0.453153
v -0.617665 -0.296379 0.513663
v -0.635620 -0.226813 -0.527014
v -0.681439 -0.230514 -0.464440
v -0.721346 -0.235673 -0.396633
v -0.754950 -0.241448 -0.323965
v -0.781770 -0.247018 -0.247018
v -0.801293 -0.251710 -0.166650
v -0.813125 -0.254922 -0.083921
v -0.817075 -0.256104 -0.000000
v -0.813125 -0.254922 0.083921
v -0.801293 -0.251710 0.166650
v -0.781770 -0.247018 0.247018
v -0.754950 -0.241448 0.323965
v -0.721346 -0.235674 0.396633
v -0.681439 -0.230514 0.464440
v -0.635620 -0.226813 0.527014
v -0.648893 -0.153331 -0.537241
v -0.696385 -0.155724 -0.473285
v -0.737959 -0.159087 -0.404114
v -0.773123 -0.162902 -0.330068
v -0.801293 -0.166650 -0.251710
v -0.821885 -0.169860 -0.169860
v -0.834426 -0.172086 -0.085559
v -0.838631 -0.172912 -0.000000
v -0.834426 -0.172086 0.085559
v -0.821885 -0.169860 0.169860
v -0.801293 -0.166650 0.251710
v -0.773123 -0.162902 0.330068
v -0.737959 -0.159087 0.404114
v -0.696385 -0.155724 0.473285
v -0.648893 -0.153332 0.537241
v -0.656993 -0.077278 -0.543681
v -0.705430 -0.078456 -0.478972
v -0.747979 -0.080121 -0.409033
v -0.784093 -0.082027 -0.334170
v -0.813125 -0.083921 -0.254922
v -0.834426 -0.085559 -0.172086
v -0.847446 -0.086703 -0.086703
v -0.851827 -0.087130 -0.000000
v -0.847447 -0.086703 0.086703
v -0.834426 -0.085559 0.172086
v -0.813125 -0.083921 0.254922
v -0.784093 -0.082027 0.334170
v -0.747979 -0.080122 0.409033
v -0.705430 -0.078456 0.478972
v -0.656993 -0.077278 0.543681
v -0.659700 0.000000 -0.545890
v -0.708434 0.000000 -0.480959
v -0.751302 0.000000 -0.410787
v -0.787739 0.000000 -0.335659
v -0.817075 0.000000 -0.256104
v -0.838631 0.000000 -0.172912
v -0.851827 0.000000 -0.087130
v -0.856271 0.000000 -0.000000
v -0.851827 0.000000 0.087130
v -0.838631 0.000000 0.172912
v -0.817075 -0.000000 0.256104
v -0.787739 -0.000000 0.335659
v -0.751302 0.000000 0.410786
v -0.708434 0.000000 0.480959
v -0.659700 0.000000 0.545890
v -0.656993 0.077278 -0.543681
v -0.705430 0.078456 -0.478972
v -0.747979 0.080122 -0.409033
v -0.784093 0.082027 -0.334171
v -0.813125 0.083921 -0.254922
v -0.834426 0.085559 -0.172086
v -0.847447 0.086703 -0.086703
v -0.851827 0.087130 -0.000000
v -0.847447 0.086703 0.086703
v -0.834426 0.085559 0.172086
v -0.813125 0.083921 0.254922
v -0.784093 0.082027 0.334170
v -0.747979 0.080122 0.409033
v -0.705430 0.078456 0.478972
v -0.656993 0.077278 0.543681
v -0.648893 0.153332 -0.537241
v -0.696385 0.155724 -0.473285
v -0.737959 0.159087 -0.404114
v -0.773123 0.162902 -0.330068
v -0.801293 0.166650 -0.251710
v -0.821885 0.169860 -0.169860
v -0.834426 0.172086 -0.085559
v -0.838631 0.172912 -0.000000
v -0.834426 0.172086 0.085559
v -0.821885 0.169860 0.169860
v -0.801293 0.166650 0.251710
v -0.773123 0.162902 0.330068
v -0.737959 0.159087 0.404114
v -0.696385 0.155724 0.473285
v -0.648893 0.153332 0.537241
v -0.635620 0.226813 -0.527014
v -0.681439 0.230514 -0.464440
v -0.721346 0.235674 -0.396633
v -0.754950 0.241448 -0.323965
v -0.781770 0.247018 -0.247018
v -0.801293 0.251710 -0.166650
v -0.813125 0.254922 -0.083921
v -0.817075 0.256104 0.000000
v -0.813125 0.254922 0.083921
v -0.801293 0.251710 0.166650
v -0.781770 0.247018 0.247018
v -0.754950 0.241448 0.323965
v -0.721346 0.235674 0.396633
v -0.681439 0.230514 0.464440
v -0.635620 0.226813 0.527014
v -0.617665 0.296379 -0.513663
v -0.660998 0.301553 -0.453153
v -0.698490 0.308695 -0.387323
v -0.729918 0.316560 -0.316560
v -0.754950 0.323965 -0.241448
v -0.773123 0.330068 -0.162902
v -0.784093 0.334170 -0.082027
v -0.787739 0.335659 0.000000
v -0.784093 0.334170 0.082027
v -0.773123 0.330068 0.162902
v -0.754950 0.323965 0.241448
v -0.729918 0.316560 0.316560
v -0.698490 0.308695 0.387323
v -0.660998 0.301553 0.453153
v -0.617665 0.296379 0.513663
v -0.595709 0.360754 -0.498185
v -0.635584 0.367729 -0.440464
v -0.669848 0.377163 -0.377163
v -0.698490 0.387324 -0.308695
v -0.721346 0.396633 -0.235674
v -0.737959 0.404114 -0.159087
v -0.747979 0.409033 -0.080122
v -0.751302 0.410786 -0.000000
v -0.747979 0.409033 0.080121
v -0.737959 0.404114 0.159087
v -0.721346 0.396633 0.235673
v -0.698490 0.387324 0.308695
v -0.669848 0.377163 0.377163
v -0.635584 0.367729 0.440464
v -0.595709 0.360754 0.498185
v -0.570436 0.418558 -0.482300
v -0.605407 0.428184 -0.428184
v -0.635584 0.440464 -0.367729
v -0.660998 0.453153 -0.301552
v -0.681439 0.464440 -0.230514
v -0.696385 0.473285 -0.155724
v -0.705430 0.478972 -0.078456
v -0.708434 0.480959 -0.000000
v -0.705430 0.478972 0.078456
v -0.696385 0.473285 0.155724
v -0.681439 0.464440 0.230514
v -0.660998 0.453153 0.301553
v -0.635584 0.440464 0.367729
v -0.605407 0.428184 0.428184
v -0.570436 0.418558 0.482300
v -0.542024 0.468727 -0.468727
v -0.570436 0.482300 -0.418558
v -0.595709 0.498185 -0.360754
v -0.617665 0.513663 -0.296379
v -0.635620 0.527014 -0.226813
v -0.648893 0.537241 -0.153332
v -0.656993 0.543681 -0.077278
v -0.659700 0.545890 -0.000000
v -0.656993 0.543681 0.077278
v -0.648893 0.537241 0.153331
v -0.635620 0.527014 0.226813
v -0.617665 0.513663 0.296379
v -0.595709 0.498185 0.360754
v -0.570436 0.482300 0.418558
v -0.542024 0.468727 0.468727
v 0.542024 -0.468727 0.468727
v 0.570436 -0.482300 0.418558
v 0.595709 -0.498185 0.360754
v 0.617665 -0.513663 0.296379
v 0.635620 -0.527014 0.226813
v 0.648893 -0.537241 0.153332
v 0.656993 -0.543681 0.077278
v 0.659700 -0.545890 0.000000
v 0.656993 -0.543681 -0.077278
v 0.648893 -0.537241 -0.153332
v 0.635620 -0.527014 -0.226813
v 0.617665 -0.513663 -0.296379
v 0.595709 -0.498185 -0.360754
v 0.570436 -0.482300 -0.418558
v 0.542024 -0.468727 -0.468727
v 0.570436 -0.418558 0.482300
v 0.605407 -0.428184 0.428184
v 0.635584 -0.440464 0.367729
v 0.660998 -0.453153 0.301553
v 0.681439 -0.464440 0.230514
v 0.696385 -0.473285 0.155724
v 0.705430 -0.478972 0.078456
v 0.708434 -0.480959 0.000000
v 0.705430 -0.478972 -0.078456
v 0.696385 -0.473285 -0.155724
v 0.681439 -0.464440 -0.230514
v 0.660998 -0.453153 -0.301552
v 0.635584 -0.440464 -0.367729
v 0.605407 -0.428184 -0.428184
v 0.570436 -0.418558 -0.482300
v 0.595709 -0.360754 0.498185
v 0.635584 -0.367729 0.440464
v 0.669848 -0.377163 0.377163
v 0.698490 -0.387324 0.308695
v 0.721346 -0.396633 0.235674
v 0.737959 -0.404114 0.159087
v 0.747979 -0.409033 0.080122
v 0.751302 -0.410787 0.000000
v 0.747979 -0.409033 -0.080122
v 0.737959 -0.404114 -0.159087
v 0.721346 -0.396633 -0.235674
v 0.698490 -0.387324 -0.308695
v 0.669848 -0.377163 -0.377163
v 0.635584 -0.367729 -0.440464
v 0.595709 -0.360754 -0.498185
v 0.617665 -0.296379 0.513663
v 0.660998 -0.301553 0.453153
v 0.698490 -0.308695 0.387324
v 0.729918 -0.316560 0.316560
v 0.754950 -0.323965 0.241448
v 0.773123 -0.330068 0.162902
v 0.784093 -0.334170 0.082027
v 0.787739 -0.335659 0.000000
v 0.784093 -0.334170 -0.082027
v 0.773123 -0.330068 -0.162902
v 0.754950 -0.323965 -0.241448
v 0.729918 -0.316560 -0.316560
v 0.698490 -0.308695 -0.387323
v 0.660998 -0.301553 -0.453153
v 0.617665 -0.296379 -0.513663
v 0.635620 -0.226813 0.527014
v 0.681439 -0.230514 0.464440
v 0.721346 -0.235674 0.396633
v 0.754950 -0.241448 0.323965
v 0.781770 -0.247018 0.247018
v 0.801293 -0.251710 0.166650
v 0.813125 -0.254922 0.083921
v 0.817075 -0.256104 0.000000
v 0.813125 -0.254922 -0.083921
v 0.801293 -0.251710 -0.166650
v 0.781770 -0.247018 -0.247018
v 0.754950 -0.241448 -0.323965
v 0.721346 -0.235674 -0.396633
v 0.681439 -0.230514 -0.464440
v 0.635620 -0.226813 -0.527014
v 0.648893 -0.153332 0.537241
v 0.696385 -0.155724 0.473285
v 0.737959 -0.159087 0.404114
v 0.773123 -0.162902 0.330068
v 0.801293 -0.166650 0.251710
v 0.821885 -0.169860 0.169860
v 0.834426 -0.172086 0.085559
v 0.838631 -0.172912 0.000000
v 0.834426 -0.172086 -0.085559
v 0.821885 -0.169860 -0.169860
v 0.801293 -0.166650 -0.251710
v 0.773123 -0.162902 -0.330068
v 0.737959 -0.159087 -0.404114
v 0.696385 -0.155724 -0.473285
v 0.648893 -0.153332 -0.537241
v 0.656993 -0.077278 0.543681
v 0.705430 -0.078456 0.478972
v 0.747979 -0.080122 0.409033
v 0.784093 -0.082027 0.334170
v 0.813125 -0.083921 0.254922
v 0.834426 -0.085559 0.172086
v 0.847447 -0.086703 0.086703
v 0.851827 -0.087130 0.000000
v 0.847446 -0.086703 -0.086703
v 0.834426 -0.085559 -0.172086
v 0.813125 -0.083921 -0.254922
v 0.784093 -0.082027 -0.334170
v 0.747979 -0.080122 -0.409033
v 0.705430 -0.078456 -0.478972
v 0.656993 -0.077278 -0.543681
v 0.659700 -0.000000 0.545890
v 0.708434 -0.000000 0.480959
v 0.751302 -0.000000 0.410786
v 0.787739 -0.000000 0.335659
v 0.817075 -0.000000 0.256104
v 0.838631 -0.000000 0.172912
v 0.851827 -0.000000 0.087130
v 0.856271 -0.000000 0.000000
v 0.851827 -0.000000 -0.087130
v 0.838631 -0.000000 -0.172912
v 0.817075 -0.000000 -0.256104
v 0.787740 -0.000000 -0.335659
v 0.751302 -0.000000 -0.410786
v 0.708434 -0.000000 -0.480959
v 0.659700 -0.000000 -0.545890
v 0.656993 0.077278 0.543681
v 0.705430 0.078456 0.478972
v 0.747979 0.080122 0.409033
v 0.784093 0.082027 0.334171
v 0.813125 0.083921 0.254922
v 0.834426 0.085559 0.172086
v 0.847447 0.086703 0.086703
v 0.851827 0.087130 0.000000
v 0.847447 0.086703 -0.086703
v 0.834426 0.085559 -0.172086
v 0.813125 0.083921 -0.254922
v 0.784093 0.082027 -0.334170
v 0.747979 0.080122 -0.409033
v 0.705430 0.078456 -0.478972
v 0.656993 0.077278 -0.543681
v 0.648893 0.153332 0.537241
v 0.696385 0.155724 0.473285
v 0.737959 0.159087 0.404114
v 0.773123 0.162902 0.330068
v 0.801293 0.166650 0.251710
v 0.821885 0.169860 0.169860
v 0.834426 0.172086 0.085559
v 0.838631 0.172912 0.000000
v 0.834426 0.172086 -0.085559
v 0.821885 0.169860 -0.169860
v 0.801293 0.166650 -0.251710
v 0.773123 0.162902 -0.330068
v 0.737959 0.159087 -0.404114
v 0.696385 0.155724 -0.473285
v 0.648893 0.153332 -0.537241
v 0.635620 0.226813 0.527014
v 0.681439 0.230514 0.464440
v 0.721346 0.235674 0.396633
v 0.754950 0.241448 0.323965
v 0.781770 0.247018 0.247018
v 0.801293 0.251710 0.166650
v 0.813125 0.254922 0.083921
v 0.817075 0.256104 0.000000
v 0.813125 0.254922 -0.083921
v 0.801293 0.251710 -0.166650
v 0.781770 0.247018 -0.247018
v 0.754950 0.241448 -0.323965
v 0.721346 0.235674 -0.396633
v 0.681439 0.230514 -0.464440
v 0.635620 0.226813 -0.527014
v 0.617665 0.296379 0.513663
v 0.660998 0.301552 0.453153
v 0.698490 0.308695 0.387324
v 0.729918 0.316560 0.316560
v 0.754950 0.323965 0.241448
v 0.773123 0.330068 0.162902
v 0.784093 0.334170 0.082027
v 0.787740 0.335659 0.000000
v 0.784093 0.334170 -0.082027
v 0.773123 0.330068 -0.162902
v 0.754950 0.323965 -0.241448
v 0.729918 0.316560 -0.316560
v 0.698490 0.308695 -0.387323
v 0.660998 0.301553 -0.453153
v 0.617665 0.296379 -0.513663
v 0.595709 0.360754 0.498185
v 0.635584 0.367729 0.440464
v 0.669848 0.377163 0.377163
v 0.698490 0.387323 0.308695
v 0.721347 0.396633 0.235673
v 0.737959 0.404114 0.159087
v 0.747979 0.409033 0.080122
v 0.751302 0.410786 0.000000
v 0.747979 0.409033 -0.080122
v 0.737959 0.404114 -0.159087
v 0.721346 0.396633 -0.235674
v 0.698490 0.387323 -0.308695
v 0.669848 0.377163 -0.377163
v 0.635584 0.367729 -0.440464
v 0.595709 0.360754 -0.498185
v 0.570436 0.418558 0.482300
v 0.605407 0.428184 0.428184
v 0.635584 0.440464 0.367729
v 0.660998 0.453153 0.301552
v 0.681439 0.464440 0.230514
v 0.696385 0.473285 0.155724
v 0.705430 0.478972 0.078456
v 0.708434 0.480959 0.000000
v 0.705430 0.478972 -0.078456
v 0.696385 0.473285 -0.155724
v 0.681439 0.464440 -0.230514
v 0.660998 0.453153 -0.301553
v 0.635584 0.440464 -0.367729
v 0.605407 0.428184 -0.428184
v 0.570436 0.418558 -0.482300
v 0.542024 0.468727 0.468727
v 0.570436 0.482300 0.418558
v 0.595709 0.498185 0.360754
v 0.617665 0.513663 0.296379
v 0.635620 0.527014 0.226813
v 0.648893 0.537241 0.153332
v 0.656993 0.543681 0.077278
v 0.659700 0.545890 0.000000
v 0.656993 0.543681 -0.077278
v 0.648893 0.537241 -0.153332
v 0.635620 0.527014 -0.226813
v 0.617665 0.513663 -0.296379
v 0.595709 0.498185 -0.360754
v 0.570436 0.482300 -0.418558
v 0.542024 0.468727 -0.468727
vn -0.5244 0.5244 -0.6709
vn -0.4593 0.5401 -0.7052
vn -0.3868 0.5570 -0.7349
vn -0.3078 0.5726 -0.7599
vn -0.2236 0.5854 -0.7793
vn -0.1356 0.5946 -0.7925
vn -0.0455 0.5994 -0.7991
vn 0.0455 0.5994 -0.7991
vn 0.1356 0.5946 -0.7925
vn 0.2236 0.5854 -0.7793
vn 0.3078 0.5726 -0.7599
vn 0.3868 0.5570 -0.7349
vn 0.4593 0.5401 -0.7052
vn 0.5244 0.5244 -0.6709
vn -0.5401 0.4593 -0.7052
vn -0.4710 0.4710 -0.7458
vn -0.3955 0.4844 -0.7803
vn -0.3142 0.4973 -0.8087
vn -0.2280 0.5082 -0.8305
vn -0.1382 0.5162 -0.8453
vn -0.0463 0.5204 -0.8527
vn 0.0463 0.5204 -0.8527
vn 0.1382 0.5162 -0.8453
vn 0.2280 0.5082 -0.8305
vn 0.3142 0.4973 -0.8087
vn 0.3955 0.4844 -0.7803
vn 0.4710 0.4710 -0.7458
vn 0.5401 0.4593 -0.7052
vn -0.5570 0.3868 -0.7349
vn -0.4844 0.3955 -0.7803
vn -0.4058 0.4058 -0.8189
vn -0.3219 0.4162 -0.8504
vn -0.2333 0.4252 -0.8745
vn -0.1414 0.4318 -0.8908
vn -0.0473 0.4354 -0.8990
vn 0.0473 0.4354 -0.8990
vn 0.1414 0.4318 -0.8908
vn 0.2333 0.4252 -0.8745
vn 0.3219 0.4162 -0.8504
vn 0.4058 0.4058 -0.8189
vn 0.4844 0.3955 -0.7804
vn 0.5570 0.3868 -0.7349
vn -0.5726 0.3078 -0.7599
vn -0.4973 0.3142 -0.8087
vn -0.4162 0.3219 -0.8504
vn -0.3298 0.3298 -0.8846
vn -0.2389 0.3368 -0.9108
vn -0.1447 0.3422 -0.9284
vn -0.0485 0.3451 -0.9373
vn 0.0485 0.3451 -0.9373
vn 0.1447 0.3422 -0.9284
vn 0.2389 0.3368 -0.9108
vn 0.3298 0.3298 -0.8846
vn 0.4162 0.3219 -0.8504
vn 0.4973 0.3142 -0.8087
vn 0.5726 0.3078 -0.7599
vn -0.5854 0.2236 -0.7793
vn -0.5082 0.2280 -0.8305
vn -0.4252 0.2333 -0.8745
vn -0.3368 0.2389 -0.9108
vn -0.2440 0.2440 -0.9386
vn -0.1478 0.2479 -0.9574
vn -0.0495 0.2501 -0.9670
vn 0.0495 0.2501 -0.9670
vn 0.1478 0.2479 -0.9574
vn 0.2440 0.2440 -0.9386
vn 0.3368 0.2389 -0.9108
vn 0.4252 0.2333 -0.8745
vn 0.5082 0.2280 -0.8305
vn 0.5854 0.2236 -0.7793
vn -0.5946 0.1357 -0.7925
vn -0.5162 0.1382 -0.8453
vn -0.4318 0.1414 -0.8908
vn -0.3421 0.1447 -0.9284
vn -0.2479 0.1478 -0.9574
vn -0.1502 0.1502 -0.9772
vn -0.0503 0.1515 -0.9872
vn 0.0503 0.1515 -0.9872
vn 0.1502 0.1502 -0.9772
vn 0.2479 0.1478 -0.9574
vn 0.3422 0.1447 -0.9284
vn 0.4318 0.1414 -0.8908
vn 0.5162 0.1382 -0.8453
vn 0.5946 0.1356 -0.7925
vn -0.5994 0.0455 -0.7992
vn -0.5204 0.0463 -0.8527
vn -0.4354 0.0473 -0.8990
vn -0.3451 0.0485 -0.9373
vn -0.2501 0.0495 -0.9670
vn -0.1515 0.0503 -0.9872
vn -0.0508 0.0508 -0.9974
vn 0.0508 0.0508 -0.9974
vn 0.1515 0.0503 -0.9872
vn 0.2501 0.0495 -0.9670
vn 0.3451 0.0485 -0.9373
vn 0.4354 0.0473 -0.8990
vn 0.5204 0.0463 -0.8527
vn 0.5994 0.0455 -0.7992
vn -0.5994 -0.0455 -0.7992
vn -0.5204 -0.0463 -0.8527
vn -0.4354 -0.0473 -0.8990
vn -0.3451 -0.0485 -0.9373
vn -0.2501 -0.0495 -0.9670
vn -0.1515 -0.0503 -0.9872
vn -0.0508 -0.0508 -0.9974
vn 0.0508 -0.0508 -0.9974
vn 0.1515 -0.0503 -0.9872
vn 0.2501 -0.0495 -0.9670
vn 0.3451 -0.0485 -0.9373
vn 0.4354 -0.0473 -0.8990
vn 0.5204 -0.0463 -0.8527
vn 0.5994 -0.0455 -0.7991
vn -0.5946 -0.1356 -0.7925
vn -0.5162 -0.1382 -0.8453
vn -0.4318 -0.1414 -0.8908
vn -0.3422 -0.1447 -0.9284
vn -0.2479 -0.1478 -0.9574
vn -0.1502 -0.1502 -0.9772
vn -0.0503 -0.1515 -0.9872
vn 0.0503 -0.1515 -0.9872
vn 0.1502 -0.1502 -0.9772
vn 0.2479 -0.1478 -0.9574
vn 0.3422 -0.1447 -0.9284
vn 0.4318 -0.1414 -0.8908
vn 0.5162 -0.1382 -0.8453
vn 0.5946 -0.1356 -0.7925
vn -0.5854 -0.2236 -0.7793
vn -0.5082 -0.2280 -0.8305
vn -0.4252 -0.2333 -0.8745
vn -0.3368 -0.2389 -0.9108
vn -0.2440 -0.2440 -0.9386
vn -0.1478 -0.2479 -0.9574
vn -0.0495 -0.2501 -0.9670
vn 0.0495 -0.2501 -0.9670
vn 0.1478 -0.2479 -0.9574
vn 0.2440 -0.2440 -0.9386
vn 0.3368 -0.2389 -0.9108
vn 0.4252 -0.2333 -0.8745
vn 0.5082 -0.2280 -0.8305
vn 0.5854 -0.2236 -0.7793
vn -0.5726 -0.3078 -0.7599
vn -0.4973 -0.3142 -0.8087
vn -0.4162 -0.3219 -0.8504
vn -0.3298 -0.3298 -0.8846
vn -0.2389 -0.3368 -0.9108
vn -0.1447 -0.3421 -0.9284
vn -0.0485 -0.3451 -0.9373
vn 0.0485 -0.3451 -0.9373
vn 0.1447 -0.3422 -0.9284
vn 0.2389 -0.3368 -0.9108
vn 0.3298 -0.3298 -0.8846
vn 0.4162 -0.3219 -0.8504
vn 0.4973 -0.3142 -0.8087
vn 0.5726 -0.3078 -0.7599
vn -0.5570 -0.3868 -0.7349
vn -0.4844 -0.3955 -0.7803
vn -0.4058 -0.4058 -0.8189
vn -0.3219 -0.4162 -0.8504
vn -0.2333 -0.4252 -0.8745
vn -0.1414 -0.4318 -0.8908
vn -0.0473 -0.4354 -0.8990
vn 0.0473 -0.4354 -0.8990
vn 0.1414 -0.4318 -0.8908
vn 0.2333 -0.4252 -0.8745
vn 0.3219 -0.4162 -0.8504
vn 0.4058 -0.4058 -0.8189
vn 0.4844 -0.3955 -0.7804
vn 0.5570 -0.3868 -0.7349
vn -0.5401 -0.4593 -0.7052
vn -0.4710 -0.4710 -0.7458
vn -0.3955 -0.4844 -0.7804
vn -0.3142 -0.4973 -0.8087
vn -0.2280 -0.5082 -0.8305
vn -0.1382 -0.5162 -0.8453
vn -0.0463 -0.5204 -0.8527
vn 0.0463 -0.5204 -0.8527
vn 0.1382 -0.5162 -0.8453
vn 0.2280 -0.5082 -0.8305
vn 0.3142 -0.4973 -0.8087
vn 0.3955 -0.4844 -0.7804
vn 0.4710 -0.4710 -0.7458
vn 0.5401 -0.4593 -0.7052
vn -0.5244 -0.5244 -0.6709
vn -0.4593 -0.5401 -0.7052
vn -0.3868 -0.5570 -0.7349
vn -0.3078 -0.5726 -0.7599
vn -0.2236 -0.5854 -0.7793
vn -0.1356 -0.5946 -0.7925
vn -0.0455 -0.5994 -0.7992
vn 0.0455 -0.5994 -0.7991
vn 0.1356 -0.5946 -0.7925
vn 0.2236 -0.5854 -0.7793
vn 0.3078 -0.5726 -0.7599
vn 0.3868 -0.5570 -0.7349
vn 0.4593 -0.5401 -0.7052
vn 0.5244 -0.5244 -0.6709
vn -0.5627 0.5627 -0.6055
vn -0.5126 0.5814 -0.6319
vn -0.4521 0.6026 -0.6577
vn -0.3817 0.6232 -0.6826
vn -0.3042 0.6416 -0.7041
vn -0.2211 0.6565 -0.7212
vn -0.1342 0.6669 -0.7329
vn -0.0450 0.6723 -0.7389
vn 0.0450 0.6723 -0.7389
vn 0.1342 0.6669 -0.7329
vn 0.2211 0.6565 -0.7212
vn 0.3042 0.6416 -0.7041
vn 0.3817 0.6232 -0.6826
vn 0.4521 0.6026 -0.6577
vn 0.5126 0.5814 -0.6319
vn 0.5627 0.5627 -0.6055
vn 0.5814 0.5125 -0.6319
vn 0.6026 0.4521 -0.6577
vn 0.6232 0.3817 -0.6826
vn 0.6416 0.3042 -0.7041
vn 0.6565 0.2211 -0.7212
vn 0.6669 0.1342 -0.7329
vn 0.6723 0.0450 -0.7389
vn 0.6723 -0.0450 -0.7389
vn 0.6669 -0.1342 -0.7329
vn 0.6565 -0.2211 -0.7212
vn 0.6416 -0.3042 -0.7041
vn 0.6232 -0.3817 -0.6826
vn 0.6026 -0.4521 -0.6577
vn 0.5814 -0.5126 -0.6319
vn 0.5627 -0.5627 -0.6055
vn 0.5126 -0.5814 -0.6319
vn 0.4521 -0.6026 -0.6577
vn 0.3817 -0.6232 -0.6826
vn 0.3042 -0.6416 -0.7041
vn 0.2211 -0.6565 -0.7212
vn 0.1342 -0.6669 -0.7329
vn 0.0450 -0.6723 -0.7389
vn -0.0450 -0.6723 -0.7389
vn -0.1342 -0.6669 -0.7329
vn -0.2211 -0.6565 -0.7212
vn -0.3042 -0.6416 -0.7041
vn -0.3817 -0.6232 -0.6826
vn -0.4521 -0.6026 -0.6577
vn -0.5126 -0.5814 -0.6319
vn -0.5627 -0.5627 -0.6055
vn -0.5814 -0.5126 -0.6319
vn -0.6026 -0.4521 -0.6577
vn -0.6232 -0.3817 -0.6826
vn -0.6416 -0.3042 -0.7041
vn -0.6565 -0.2211 -0.7212
vn -0.6669 -0.1342 -0.7329
vn -0.6723 -0.0450 -0.7389
vn -0.6723 0.0450 -0.7389
vn -0.6669 0.1342 -0.7329
vn -0.6565 0.2211 -0.7212
vn -0.6416 0.3042 -0.7041
vn -0.6232 0.3817 -0.6826
vn -0.6026 0.4521 -0.6577
vn -0.5814 0.5126 -0.6319
vn -0.5244 -0.6709 -0.5244
vn -0.4593 -0.7052 -0.5401
vn -0.3868 -0.7349 -0.5570
vn -0.3078 -0.7599 -0.5726
vn -0.2236 -0.7793 -0.5854
vn -0.1356 -0.7925 -0.5946
vn -0.0455 -0.7991 -0.5994
vn 0.0455 -0.7992 -0.5994
vn 0.1356 -0.7925 -0.5946
vn 0.2236 -0.7793 -0.5854
vn 0.3078 -0.7599 -0.5726
vn 0.3868 -0.7349 -0.5570
vn 0.4593 -0.7052 -0.5401
vn 0.5244 -0.6709 -0.5244
vn -0.5401 -0.7052 -0.4593
vn -0.4710 -0.7458 -0.4710
vn -0.3955 -0.7804 -0.4844
vn -0.3142 -0.8087 -0.4973
vn -0.2280 -0.8305 -0.5082
vn -0.1382 -0.8453 -0.5162
vn -0.0463 -0.8527 -0.5204
vn 0.0463 -0.8527 -0.5204
vn 0.1382 -0.8453 -0.5162
vn 0.2280 -0.8305 -0.5082
vn 0.3142 -0.8087 -0.4973
vn 0.3955 -0.7804 -0.4844
vn 0.4710 -0.7458 -0.4710
vn 0.5401 -0.7052 -0.4593
vn -0.5570 -0.7349 -0.3868
vn -0.4844 -0.7804 -0.3955
vn -0.4058 -0.8189 -0.4058
vn -0.3219 -0.8504 -0.4162
vn -0.2333 -0.8745 -0.4252
vn -0.1414 -0.8908 -0.4318
vn -0.0473 -0.8990 -0.4354
vn 0.0473 -0.8990 -0.4354
vn 0.1414 -0.8908 -0.4318
vn 0.2333 -0.8745 -0.4252
vn 0.3219 -0.8504 -0.4162
vn 0.4058 -0.8189 -0.4058
vn 0.4844 -0.7803 -0.3955
vn 0.5570 -0.7349 -0.3868
vn -0.5726 -0.7599 -0.3078
vn -0.4973 -0.8087 -0.3142
vn -0.4162 -0.8504 -0.3219
vn -0.3298 -0.8846 -0.3298
vn -0.2389 -0.9108 -0.3368
vn -0.1447 -0.9284 -0.3422
vn -0.0485 -0.9373 -0.3451
vn 0.0485 -0.9373 -0.3451
vn 0.1447 -0.9284 -0.3422
vn 0.2389 -0.9108 -0.3368
vn 0.3298 -0.8846 -0.3298
vn 0.4162 -0.8504 -0.3219
vn 0.4973 -0.8087 -0.3142
vn 0.5726 -0.7599 -0.3078
vn -0.5854 -0.7793 -0.2236
vn -0.5082 -0.8305 -0.2280
vn -0.4252 -0.8745 -0.2333
vn -0.3368 -0.9108 -0.2389
vn -0.2440 -0.9386 -0.2440
vn -0.1478 -0.9574 -0.2479
vn -0.0495 -0.9670 -0.2501
vn 0.0495 -0.9670 -0.2501
vn 0.1478 -0.9574 -0.2479
vn 0.2440 -0.9386 -0.2440
vn 0.3368 -0.9108 -0.2389
vn 0.4252 -0.8745 -0.2333
vn 0.5082 -0.8305 -0.2280
vn 0.5854 -0.7793 -0.2236
vn -0.5946 -0.7925 -0.1356
vn -0.5162 -0.8453 -0.1382
vn -0.4318 -0.8908 -0.1414
vn -0.3421 -0.9284 -0.1447
vn -0.2479 -0.9574 -0.1478
vn -0.1502 -0.9772 -0.1502
vn -0.0503 -0.9872 -0.1515
vn 0.0503 -0.9872 -0.1515
vn 0.1502 -0.9772 -0.1502
vn 0.2479 -0.9574 -0.1478
vn 0.3422 -0.9284 -0.1447
vn 0.4318 -0.8908 -0.1414
vn 0.5162 -0.8453 -0.1382
vn 0.5946 -0.7925 -0.1356
vn -0.5994 -0.7991 -0.0455
vn -0.5204 -0.8527 -0.0463
vn -0.4354 -0.8990 -0.0473
vn -0.3451 -0.9373 -0.0485
vn -0.2501 -0.9670 -0.0495
vn -0.1515 -0.9872 -0.0503
vn -0.0508 -0.9974 -0.0508
vn 0.0508 -0.9974 -0.0508
vn 0.1515 -0.9872 -0.0503
vn 0.2501 -0.9670 -0.0495
vn 0.3451 -0.9373 -0.0485
vn 0.4354 -0.8990 -0.0473
vn 0.5204 -0.8527 -0.0463
vn 0.5994 -0.7992 -0.0455
vn -0.5994 -0.7991 0.0455
vn -0.5204 -0.8527 0.0463
vn -0.4354 -0.8990 0.0473
vn -0.3451 -0.9373 0.0485
vn -0.2501 -0.9670 0.0495
vn -0.1515 -0.9872 0.0503
vn -0.0508 -0.9974 0.0508
vn 0.0508 -0.9974 0.0508
vn 0.1515 -0.9872 0.0503
vn 0.2501 -0.9670 0.0495
vn 0.3451 -0.9373 0.0485
vn 0.4354 -0.8990 0.0473
vn 0.5204 -0.8527 0.0463
vn 0.5994 -0.7992 0.0455
vn -0.5946 -0.7925 0.1357
vn -0.5162 -0.8453 0.1382
vn -0.4318 -0.8908 0.1414
vn -0.3422 -0.9284 0.1447
vn -0.2479 -0.9574 0.1478
vn -0.1502 -0.9772 0.1502
vn -0.0503 -0.9872 0.1515
vn 0.0503 -0.9872 0.1515
vn 0.1502 -0.9772 0.1502
vn 0.2479 -0.9574 0.1478
vn 0.3422 -0.9284 0.1447
vn 0.4318 -0.8908 0.1414
vn 0.5162 -0.8453 0.1382
vn 0.5946 -0.7925 0.1356
vn -0.5854 -0.7793 0.2236
vn -0.5082 -0.8305 0.2280
vn -0.4252 -0.8745 0.2333
vn -0.3368 -0.9108 0.2389
vn -0.2440 -0.9386 0.2440
vn -0.1478 -0.9574 0.2479
vn -0.0495 -0.9670 0.2501
vn 0.0495 -0.9670 0.2501
vn 0.1478 -0.9574 0.2479
vn 0.2440 -0.9386 0.2440
vn 0.3368 -0.9108 0.2389
vn 0.4252 -0.8745 0.2333
vn 0.5082 -0.8305 0.2280
vn 0.5854 -0.7793 0.2236
vn -0.5726 -0.7599 0.3078
vn -0.4973 -0.8087 0.3142
vn -0.4162 -0.8504 0.3219
vn -0.3298 -0.8846 0.3298
vn -0.2389 -0.9108 0.3368
vn -0.1447 -0.9284 0.3422
vn -0.0485 -0.9373 0.3451
vn 0.0485 -0.9373 0.3451
vn 0.1447 -0.9284 0.3422
vn 0.2389 -0.9108 0.3368
vn 0.3298 -0.8846 0.3298
vn 0.4162 -0.8504 0.3219
vn 0.4973 -0.8087 0.3142
vn 0.5726 -0.7599 0.3078
vn -0.5570 -0.7349 0.3868
vn -0.4844 -0.7804 0.3955
vn -0.4058 -0.8189 0.4058
vn -0.3219 -0.8504 0.4162
vn -0.2333 -0.8745 0.4252
vn -0.1414 -0.8908 0.4318
vn -0.0473 -0.8990 0.4354
vn 0.0473 -0.8990 0.4354
vn 0.1414 -0.8908 0.4318
vn 0.2333 -0.8745 0.4252
vn 0.3219 -0.8504 0.4162
vn 0.4058 -0.8189 0.4058
vn 0.4844 -0.7803 0.3955
vn 0.5570 -0.7349 0.3868
vn -0.5401 -0.7052 0.4593
vn -0.4710 -0.7458 0.4710
vn -0.3955 -0.7804 0.4844
vn -0.3142 -0.8087 0.4973
vn -0.2280 -0.8305 0.5082
vn -0.1382 -0.8453 0.5162
vn -0.0463 -0.8527 0.5204
vn 0.0463 -0.8527 0.5204
vn 0.1382 -0.8453 0.5162
vn 0.2280 -0.8305 0.5082
vn 0.3142 -0.8087 0.4973
vn 0.3955 -0.7804 0.4844
vn 0.4710 -0.7458 0.4710
vn 0.5401 -0.7052 0.4593
vn -0.5244 -0.6709 0.5244
vn -0.4593 -0.7052 0.5401
vn -0.3868 -0.7349 0.5570
vn -0.3078 -0.7599 0.5726
vn -0.2236 -0.7793 0.5854
vn -0.1356 -0.7925 0.5946
vn -0.0455 -0.7992 0.5994
vn 0.0455 -0.7991 0.5994
vn 0.1356 -0.7925 0.5946
vn 0.2236 -0.7793 0.5854
vn 0.3078 -0.7599 0.5726
vn 0.3868 -0.7349 0.5570
vn 0.4593 -0.7052 0.5401
vn 0.5244 -0.6709 0.5244
vn -0.5627 -0.6055 -0.5627
vn -0.5126 -0.6319 -0.5814
vn -0.4521 -0.6577 -0.6026
vn -0.3817 -0.6826 -0.6232
vn -0.3042 -0.7041 -0.6416
vn -0.2211 -0.7212 -0.6565
vn -0.1342 -0.7329 -0.6669
vn -0.0450 -0.7389 -0.6723
vn 0.0450 -0.7389 -0.6723
vn 0.1342 -0.7329 -0.6669
vn 0.2211 -0.7212 -0.6565
vn 0.3042 -0.7041 -0.6416
vn 0.3817 -0.6826 -0.6232
vn 0.4521 -0.6577 -0.6026
vn 0.5126 -0.6319 -0.5814
vn 0.5627 -0.6055 -0.5627
vn 0.5814 -0.6319 -0.5125
vn 0.6026 -0.6577 -0.4521
vn 0.6232 -0.6826 -0.3817
vn 0.6416 -0.7041 -0.3042
vn 0.6565 -0.7212 -0.2211
vn 0.6669 -0.7329 -0.1342
vn 0.6723 -0.7389 -0.0450
vn 0.6723 -0.7389 0.0450
vn 0.6669 -0.7329 0.1342
vn 0.6565 -0.7212 0.2211
vn 0.6416 -0.7041 0.3042
vn 0.6232 -0.6826 0.3817
vn 0.6026 -0.6577 0.4521
vn 0.5814 -0.6319 0.5126
vn 0.5627 -0.6055 0.5627
vn 0.5125 -0.6319 0.5814
vn 0.4521 -0.6577 0.6026
vn 0.3817 -0.6826 0.6232
vn 0.3042 -0.7041 0.6416
vn 0.2211 -0.7212 0.6565
vn 0.1342 -0.7329 0.6669
vn 0.0450 -0.7389 0.6723
vn -0.0450 -0.7389 0.6723
vn -0.1342 -0.7329 0.6669
vn -0.2211 -0.7212 0.6565
vn -0.3042 -0.7041 0.6416
vn -0.3817 -0.6826 0.6232
vn -0.4521 -0.6577 0.6026
vn -0.5126 -0.6319 0.5814
vn -0.5627 -0.6055 0.5627
vn -0.5814 -0.6319 0.5126
vn -0.6026 -0.6577 0.4521
vn -0.6232 -0.6826 0.3817
vn -0.6416 -0.7041 0.3042
vn -0.6565 -0.7212 0.2211
vn -0.6669 -0.7329 0.1342
vn -0.6723 -0.7389 0.0450
vn -0.6723 -0.7389 -0.0450
vn -0.6669 -0.7329 -0.1342
vn -0.6565 -0.7212 -0.2211
vn -0.6416 -0.7041 -0.3042
vn -0.6232 -0.6826 -0.3817
vn -0.6026 -0.6577 -0.4521
vn -0.5814 -0.6319 -0.5126
vn -0.5244 -0.5244 0.6709
vn -0.4593 -0.5401 0.7052
vn -0.3868 -0.5570 0.7349
vn -0.3078 -0.5726 0.7599
vn -0.2236 -0.5854 0.7793
vn -0.1356 -0.5946 0.7925
vn -0.0455 -0.5994 0.7992
vn 0.0455 -0.5994 0.7991
vn 0.1356 -0.5946 0.7925
vn 0.2236 -0.5854 0.7793
vn 0.3078 -0.5726 0.7599
vn 0.3868 -0.5570 0.7349
vn 0.4593 -0.5401 0.7052
vn 0.5244 -0.5244 0.6709
vn -0.5401 -0.4593 0.7052
vn -0.4710 -0.4710 0.7458
vn -0.3955 -0.4844 0.7803
vn -0.3142 -0.4973 0.8087
vn -0.2280 -0.5082 0.8305
vn -0.1382 -0.5162 0.8453
vn -0.0463 -0.5204 0.8527
vn 0.0463 -0.5204 0.8527
vn 0.1382 -0.5162 0.8453
vn 0.2280 -0.5082 0.8305
vn 0.3142 -0.4973 0.8087
vn 0.3955 -0.4844 0.7803
vn 0.4710 -0.4710 0.7458
vn 0.5401 -0.4593 0.7052
vn -0.5570 -0.3868 0.7349
vn -0.4844 -0.3955 0.7804
vn -0.4058 -0.4058 0.8189
vn -0.3219 -0.4162 0.8504
vn -0.2333 -0.4252 0.8745
vn -0.1414 -0.4318 0.8908
vn -0.0473 -0.4354 0.8990
vn 0.0473 -0.4354 0.8990
vn 0.1414 -0.4318 0.8908
vn 0.2333 -0.4252 0.8745
vn 0.3219 -0.4162 0.8504
vn 0.4058 -0.4058 0.8189
vn 0.4844 -0.3955 0.7804
vn 0.5570 -0.3868 0.7349
vn -0.5726 -0.3078 0.7599
vn -0.4973 -0.3142 0.8087
vn -0.4162 -0.3219 0.8504
vn -0.3298 -0.3298 0.8846
vn -0.2389 -0.3368 0.9108
vn -0.1447 -0.3422 0.9284
vn -0.0485 -0.3451 0.9373
vn 0.0485 -0.3451 0.9373
vn 0.1447 -0.3422 0.9284
vn 0.2389 -0.3368 0.9108
vn 0.3298 -0.3298 0.8846
vn 0.4162 -0.3219 0.8504
vn 0.4973 -0.3142 0.8087
vn 0.5726 -0.3078 0.7599
vn -0.5854 -0.2236 0.7793
vn -0.5082 -0.2280 0.8305
vn -0.4252 -0.2333 0.8745
vn -0.3368 -0.2389 0.9108
vn -0.2440 -0.2440 0.9386
vn -0.1478 -0.2479 0.9574
vn -0.0495 -0.2501 0.9670
vn 0.0495 -0.2501 0.9670
vn 0.1478 -0.2479 0.9574
vn 0.2440 -0.2440 0.9386
vn 0.3368 -0.2389 0.9108
vn 0.4252 -0.2333 0.8745
vn 0.5082 -0.2280 0.8305
vn 0.5854 -0.2236 0.7793
vn -0.5946 -0.1356 0.7925
vn -0.5162 -0.1382 0.8453
vn -0.4318 -0.1414 0.8908
vn -0.3421 -0.1447 0.9284
vn -0.2479 -0.1478 0.9574
vn -0.1502 -0.1502 0.9772
vn -0.0503 -0.1515 0.9872
vn 0.0503 -0.1515 0.9872
vn 0.1502 -0.1502 0.9772
vn 0.2479 -0.1478 0.9574
vn 0.3421 -0.1447 0.9284
vn 0.4318 -0.1414 0.8908
vn 0.5162 -0.1382 0.8453
vn 0.5946 -0.1356 0.7925
vn -0.5994 -0.0455 0.7991
vn -0.5204 -0.0463 0.8527
vn -0.4354 -0.0473 0.8990
vn -0.3451 -0.0485 0.9373
vn -0.2501 -0.0495 0.9670
vn -0.1515 -0.0503 0.9872
vn -0.0508 -0.0508 0.9974
vn 0.0508 -0.0508 0.9974
vn 0.1515 -0.0503 0.9872
vn 0.2501 -0.0495 0.9670
vn 0.3451 -0.0485 0.9373
vn 0.4354 -0.0473 0.8990
vn 0.5204 -0.0463 0.8527
vn 0.5994 -0.0455 0.7992
vn -0.5994 0.0455 0.7991
vn -0.5204 0.0463 0.8527
vn -0.4354 0.0473 0.8990
vn -0.3451 0.0485 0.9373
vn -0.2501 0.0495 0.9670
vn -0.1515 0.0503 0.9872
vn -0.0508 0.0508 0.9974
vn 0.0508 0.0508 0.9974
vn 0.1515 0.0503 0.9872
vn 0.2501 0.0495 0.9670
vn 0.3451 0.0485 0.9373
vn 0.4354 0.0473 0.8990
vn 0.5204 0.0463 0.8527
vn 0.5994 0.0455 0.7992
vn -0.5946 0.1356 0.7925
vn -0.5162 0.1382 0.8453
vn -0.4318 0.1414 0.8908
vn -0.3422 0.1447 0.9284
vn -0.2479 0.1478 0.9574
vn -0.1502 0.1502 0.9772
vn -0.0503 0.1515 0.9872
vn 0.0503 0.1515 0.9872
vn 0.1502 0.1502 0.9772
vn 0.2479 0.1478 0.9574
vn 0.3422 0.1447 0.9284
vn 0.4318 0.1414 0.8908
vn 0.5162 0.1382 0.8453
vn 0.5946 0.1356 0.7925
vn -0.5854 0.2236 0.7793
vn -0.5082 0.2280 0.8305
vn -0.4252 0.2333 0.8745
vn -0.3368 0.2389 0.9108
vn -0.2440 0.2440 0.9386
vn -0.1478 0.2479 0.9574
vn -0.0495 0.2501 0.9670
vn 0.0495 0.2501 0.9670
vn 0.1478 0.2479 0.9574
vn 0.2440 0.2440 0.9386
vn 0.3368 0.2389 0.9108
vn 0.4252 0.2333 0.8745
vn 0.5082 0.2280 0.8305
vn 0.5854 0.2236 0.7793
vn -0.5726 0.3078 0.7599
vn -0.4973 0.3142 0.8087
vn -0.4162 0.3219 0.8504
vn -0.3298 0.3298 0.8846
vn -0.2389 0.3368 0.9108
vn -0.1447 0.3422 0.9284
vn -0.0485 0.3451 0.9373
vn 0.0485 0.3451 0.9373
vn 0.1447 0.3422 0.9284
vn 0.2389 0.3368 0.9108
vn 0.3298 0.3298 0.8846
vn 0.4162 0.3219 0.8504
vn 0.4973 0.3142 0.8087
vn 0.5726 0.3078 0.7599
vn -0.5570 0.3868 0.7349
vn -0.4844 0.3955 0.7803
vn -0.4058 0.4058 0.8189
vn -0.3219 0.4162 0.8504
vn -0.2333 0.4252 0.8745
vn -0.1414 0.4318 0.8908
vn -0.0473 0.4354 0.8990
vn 0.0473 0.4354 0.8990
vn 0.1414 0.4318 0.8908
vn 0.2333 0.4252 0.8745
vn 0.3219 0.4162 0.8504
vn 0.4058 0.4058 0.8189
vn 0.4844 0.3955 0.7804
vn 0.5570 0.3868 0.7349
vn -0.5401 0.4593 0.7052
vn -0.4710 0.4710 0.7458
vn -0.3955 0.4844 0.7804
vn -0.3142 0.4973 0.8087
vn -0.2280 0.5082 0.8305
vn -0.1382 0.5162 0.8453
vn -0.0463 0.5204 0.8527
vn 0.0463 0.5204 0.8527
vn 0.1382 0.5162 0.8453
vn 0.2280 0.5082 0.8305
vn 0.3142 0.4973 0.8087
vn 0.3955 0.4844 0.7804
vn 0.4710 0.4710 0.7458
vn 0.5401 0.4593 0.7052
vn -0.5244 0.5244 0.6709
vn -0.4593 0.5401 0.7052
vn -0.3868 0.5570 0.7349
vn -0.3078 0.5726 0.7599
vn -0.2236 0.5854 0.7793
vn -0.1356 0.5946 0.7925
vn -0.0455 0.5994 0.7992
vn 0.0455 0.5994 0.7991
vn 0.1356 0.5946 0.7925
vn 0.2236 0.5854 0.7793
vn 0.3078 0.5726 0.7599
vn 0.3868 0.5570 0.7349
vn 0.4593 0.5401 0.7052
vn 0.5244 0.5244 0.6709
vn -0.5627 -0.5627 0.6055
vn -0.5125 -0.5814 0.6319
vn -0.4521 -0.6026 0.6577
vn -0.3817 -0.6232 0.6826
vn -0.3042 -0.6416 0.7041
vn -0.2211 -0.6565 0.7212
vn -0.1342 -0.6669 0.7329
vn -0.0450 -0.6723 0.7389
vn 0.0450 -0.6723 0.7389
vn 0.1342 -0.6669 0.7329
vn 0.2211 -0.6565 0.7212
vn 0.3042 -0.6416 0.7041
vn 0.3817 -0.6232 0.6826
vn 0.4521 -0.6026 0.6577
vn 0.5126 -0.5814 0.6319
vn 0.5627 -0.5627 0.6055
vn 0.5814 -0.5126 0.6319
vn 0.6026 -0.4521 0.6577
vn 0.6232 -0.3817 0.6826
vn 0.6416 -0.3042 0.7041
vn 0.6565 -0.2211 0.7212
vn 0.6669 -0.1342 0.7329
vn 0.6723 -0.0450 0.7389
vn 0.6723 0.0450 0.7389
vn 0.6669 0.1342 0.7329
vn 0.6565 0.2211 0.7212
vn 0.6416 0.3042 0.7041
vn 0.6232 0.3817 0.6826
vn 0.6026 0.4521 0.6577
vn 0.5814 0.5126 0.6319
vn 0.5627 0.5627 0.6055
vn 0.5126 0.5814 0.6319
vn 0.4521 0.6026 0.6577
vn 0.3817 0.6232 0.6826
vn 0.3042 0.6416 0.7041
vn 0.2211 0.6565 0.7212
vn 0.1342 0.6669 0.7329
vn 0.0450 0.6723 0.7389
vn -0.0450 0.6723 0.7389
vn -0.1342 0.6669 0.7329
vn -0.2211 0.6565 0.7212
vn -0.3042 0.6416 0.7041
vn -0.3817 0.6232 0.6826
vn -0.4521 0.6026 0.6577
vn -0.5126 0.5814 0.6319
vn -0.5627 0.5627 0.6055
vn -0.5814 0.5125 0.6319
vn -0.6026 0.4521 0.6577
vn -0.6232 0.3817 0.6826
vn -0.6416 0.3042 0.7041
vn -0.6565 0.2211 0.7212
vn -0.6669 0.1342 0.7329
vn -0.6723 0.0450 0.7389
vn -0.6723 -0.0450 0.7389
vn -0.6669 -0.1342 0.7329
vn -0.6565 -0.2211 0.7212
vn -0.6416 -0.3042 0.7041
vn -0.6232 -0.3817 0.6826
vn -0.6026 -0.4521 0.6577
vn -0.5814 -0.5126 0.6319
vn -0.5244 0.6709 0.5244
vn -0.4593 0.7052 0.5401
vn -0.3868 0.7349 0.5570
vn -0.3078 0.7599 0.5726
vn -0.2236 0.7793 0.5854
vn -0.1356 0.7925 0.5946
vn -0.0455 0.7991 0.5994
vn 0.0455 0.7991 0.5994
vn 0.1356 0.7925 0.5946
vn 0.2236 0.7793 0.5854
vn 0.3078 0.7599 0.5726
vn 0.3868 0.7349 0.5570
vn 0.4593 0.7052 0.5401
vn 0.5244 0.6709 0.5244
vn -0.5401 0.7052 0.4593
vn -0.4710 0.7458 0.4710
vn -0.3955 0.7803 0.4844
vn -0.3142 0.8087 0.4973
vn -0.2280 0.8305 0.5082
vn -0.1382 0.8453 0.5162
vn -0.0463 0.8527 0.5204
vn 0.0463 0.8527 0.5204
vn 0.1382 0.8453 0.5162
vn 0.2280 0.8305 0.5082
vn 0.3142 0.8087 0.4973
vn 0.3955 0.7804 0.4844
vn 0.4710 0.7458 0.4710
vn 0.5401 0.7052 0.4593
vn -0.5570 0.7349 0.3868
vn -0.4844 0.7803 0.3955
vn -0.4058 0.8189 0.4058
vn -0.3219 0.8504 0.4162
vn -0.2333 0.8745 0.4252
vn -0.1414 0.8908 0.4318
vn -0.0473 0.8990 0.4354
vn 0.0473 0.8990 0.4354
vn 0.1414 0.8908 0.4318
vn 0.2333 0.8745 0.4252
vn 0.3219 0.8504 0.4162
vn 0.4058 0.8189 0.4058
vn 0.4844 0.7803 0.3955
vn 0.5570 0.7349 0.3868
vn -0.5726 0.7599 0.3078
vn -0.4973 0.8087 0.3142
vn -0.4162 0.8504 0.3219
vn -0.3298 0.8846 0.3298
vn -0.2389 0.9108 0.3368
vn -0.1447 0.9284 0.3422
vn -0.0485 0.9373 0.3451
vn 0.0485 0.9373 0.3451
vn 0.1447 0.9284 0.3422
vn 0.2389 0.9108 0.3368
vn 0.3298 0.8846 0.3298
vn 0.4162 0.8504 0.3219
vn 0.4973 0.8087 0.3142
vn 0.5726 0.7599 0.3078
vn -0.5854 0.7793 0.2236
vn -0.5082 0.8305 0.2280
vn -0.4252 0.8745 0.2333
vn -0.3368 0.9108 0.2389
vn -0.2440 0.9386 0.2440
vn -0.1478 0.9574 0.2479
vn -0.0495 0.9670 0.2501
vn 0.0495 0.9670 0.2501
vn 0.1478 0.9574 0.2479
vn 0.2440 0.9386 0.2440
vn 0.3368 0.9108 0.2389
vn 0.4252 0.8745 0.2333
vn 0.5082 0.8305 0.2280
vn 0.5854 0.7793 0.2236
vn -0.5946 0.7925 0.1356
vn -0.5162 0.8453 0.1382
vn -0.4318 0.8908 0.1414
vn -0.3422 0.9284 0.1447
vn -0.2479 0.9574 0.1478
vn -0.1502 0.9772 0.1502
vn -0.0503 0.9872 0.1515
vn 0.0503 0.9872 0.1515
vn 0.1502 0.9772 0.1502
vn 0.2479 0.9574 0.1478
vn 0.3421 0.9284 0.1447
vn 0.4318 0.8908 0.1414
vn 0.5162 0.8453 0.1382
vn 0.5946 0.7925 0.1356
vn -0.5994 0.7991 0.0455
vn -0.5204 0.8527 0.0463
vn -0.4354 0.8990 0.0473
vn -0.3451 0.9373 0.0485
vn -0.2501 0.9670 0.0495
vn -0.1515 0.9872 0.0503
vn -0.0508 0.9974 0.0508
vn 0.0508 0.9974 0.0508
vn 0.1515 0.9872 0.0503
vn 0.2501 0.9670 0.0495
vn 0.3451 0.9373 0.0485
vn 0.4354 0.8990 0.0473
vn 0.5204 0.8527 0.0463
vn 0.5994 0.7992 0.0455
vn -0.5994 0.7991 -0.0455
vn -0.5204 0.8527 -0.0463
vn -0.4354 0.8990 -0.0473
vn -0.3451 0.9373 -0.0485
vn -0.2501 0.9670 -0.0495
vn -0.1515 0.9872 -0.0503
vn -0.0508 0.9974 -0.0508
vn 0.0508 0.9974 -0.0508
vn 0.1515 0.9872 -0.0503
vn 0.2501 0.9670 -0.0495
vn 0.3451 0.9373 -0.0485
vn 0.4354 0.8990 -0.0473
vn 0.5204 0.8527 -0.0463
vn 0.5994 0.7992 -0.0455
vn -0.5946 0.7925 -0.1357
vn -0.5162 0.8453 -0.1382
vn -0.4318 0.8908 -0.1414
vn -0.3422 0.9284 -0.1447
vn -0.2479 0.9574 -0.1478
vn -0.1502 0.9772 -0.1502
vn -0.0503 0.9872 -0.1515
vn 0.0503 0.9872 -0.1515
vn 0.1502 0.9772 -0.1502
vn 0.2479 0.9574 -0.1478
vn 0.3422 0.9284 -0.1447
vn 0.4318 0.8908 -0.1414
vn 0.5162 0.8453 -0.1382
vn 0.5946 0.7925 -0.1356
vn -0.5854 0.7793 -0.2236
vn -0.5082 0.8305 -0.2280
vn -0.4252 0.8745 -0.2333
vn -0.3368 0.9108 -0.2389
vn -0.2440 0.9386 -0.2440
vn -0.1478 0.9574 -0.2479
vn -0.0495 0.9670 -0.2501
vn 0.0495 0.9670 -0.2501
vn 0.1478 0.9574 -0.2479
vn 0.2440 0.9386 -0.2440
vn 0.3368 0.9108 -0.2389
vn 0.4252 0.8745 -0.2333
vn 0.5082 0.8305 -0.2280
vn 0.5854 0.7793 -0.2236
vn -0.5726 0.7599 -0.3078
vn -0.4973 0.8087 -0.3142
vn -0.4162 0.8504 -0.3219
vn -0.3298 0.8846 -0.3298
vn -0.2389 0.9108 -0.3368
vn -0.1447 0.9284 -0.3422
vn -0.0485 0.9373 -0.3451
vn 0.0485 0.9373 -0.3451
vn 0.1447 0.9284 -0.3422
vn 0.2389 0.9108 -0.3368
vn 0.3298 0.8846 -0.3298
vn 0.4162 0.8504 -0.3219
vn 0.4973 0.8087 -0.3142
vn 0.5726 0.7599 -0.3078
vn -0.5570 0.7349 -0.3868
vn -0.4844 0.7803 -0.3955
vn -0.4058 0.8189 -0.4058
vn -0.3219 0.8504 -0.4162
vn -0.2333 0.8745 -0.4252
vn -0.1414 0.8908 -0.4318
vn -0.0473 0.8990 -0.4354
vn 0.0473 0.8990 -0.4354
vn 0.1414 0.8908 -0.4318
vn 0.2333 0.8745 -0.4252
vn 0.3219 0.8504 -0.4162
vn 0.4058 0.8189 -0.4058
vn 0.4844 0.7803 -0.3955
vn 0.5570 0.7349 -0.3868
vn -0.5401 0.7052 -0.4593
vn -0.4710 0.7458 -0.4710
vn -0.3955 0.7804 -0.4844
vn -0.3142 0.8087 -0.4973
vn -0.2280 0.8305 -0.5082
vn -0.1382 0.8453 -0.5162
vn -0.0463 0.8527 -0.5204
vn 0.0463 0.8527 -0.5204
vn 0.1382 0.8453 -0.5162
vn 0.2280 0.8305 -0.5082
vn 0.3142 0.8087 -0.4973
vn 0.3955 0.7804 -0.4844
vn 0.4710 0.7458 -0.4710
vn 0.5401 0.7052 -0.4593
vn -0.5244 0.6709 -0.5244
vn -0.4593 0.7052 -0.5401
vn -0.3868 0.7349 -0.5570
vn -0.3078 0.7599 -0.5726
vn -0.2236 0.7793 -0.5854
vn -0.1356 0.7925 -0.5946
vn -0.0455 0.7991 -0.5994
vn 0.0455 0.7991 -0.5994
vn 0.1356 0.7925 -0.5946
vn 0.2236 0.7793 -0.5854
vn 0.3078 0.7599 -0.5726
vn 0.3868 0.7349 -0.5570
vn 0.4593 0.7052 -0.5401
vn 0.5244 0.6709 -0.5244
vn -0.5627 0.6055 0.5627
vn -0.5126 0.6319 0.5814
vn -0.4521 0.6577 0.6026
vn -0.3817 0.6826 0.6232
vn -0.3042 0.7041 0.6416
vn -0.2211 0.7212 0.6565
vn -0.1342 0.7329 0.6669
vn -0.0450 0.7389 0.6723
vn 0.0450 0.7389 0.6723
vn 0.1342 0.7329 0.6669
vn 0.2211 0.7212 0.6565
vn 0.3042 0.7041 0.6416
vn 0.3817 0.6826 0.6232
vn 0.4521 0.6577 0.6026
vn 0.5126 0.6319 0.5814
vn 0.5627 0.6055 0.5627
vn 0.5814 0.6319 0.5125
vn 0.6026 0.6577 0.4521
vn 0.6232 0.6826 0.3817
vn 0.6416 0.7041 0.3042
vn 0.6565 0.7212 0.2211
vn 0.6669 0.7329 0.1342
vn 0.6723 0.7389 0.0450
vn 0.6723 0.7389 -0.0450
vn 0.6669 0.7329 -0.1342
vn 0.6565 0.7212 -0.2211
vn 0.6416 0.7041 -0.3042
vn 0.6232 0.6826 -0.3817
vn 0.6026 0.6577 -0.4521
vn 0.5814 0.6319 -0.5126
vn 0.5627 0.6055 -0.5627
vn 0.5126 0.6319 -0.5814
vn 0.4521 0.6577 -0.6026
vn 0.3817 0.6826 -0.6232
vn 0.3042 0.7041 -0.6416
vn 0.2211 0.7212 -0.6565
vn 0.1342 0.7329 -0.6669
vn 0.0450 0.7389 -0.6723
vn -0.0450 0.7389 -0.6723
vn -0.1342 0.7329 -0.6669
vn -0.2211 0.7212 -0.6565
vn -0.3042 0.7041 -0.6416
vn -0.3817 0.6826 -0.6232
vn -0.4521 0.6577 -0.6026
vn -0.5126 0.6319 -0.5814
vn -0.5627 0.6056 -0.5627
vn -0.5814 0.6319 -0.5126
vn -0.6026 0.6577 -0.4521
vn -0.6232 0.6826 -0.3817
vn -0.6416 0.7041 -0.3042
vn -0.6565 0.7212 -0.2211
vn -0.6669 0.7329 -0.1342
vn -0.6723 0.7389 -0.0450
vn -0.6723 0.7389 0.0450
vn -0.6669 0.7329 0.1342
vn -0.6565 0.7212 0.2211
vn -0.6416 0.7041 0.3042
vn -0.6232 0.6826 0.3817
vn -0.6026 0.6577 0.4521
vn -0.5814 0.6319 0.5126
vn -0.6709 -0.5244 -0.5244
vn -0.7052 -0.5401 -0.4593
vn -0.7349 -0.5570 -0.3868
vn -0.7599 -0.5726 -0.3078
vn -0.7793 -0.5854 -0.2236
vn -0.7925 -0.5946 -0.1356
vn -0.7992 -0.5994 -0.0455
vn -0.7992 -0.5994 0.0455
vn -0.7925 -0.5946 0.1356
vn -0.7793 -0.5854 0.2236
vn -0.7599 -0.5726 0.3078
vn -0.7349 -0.5570 0.3868
vn -0.7052 -0.5401 0.4593
vn -0.6709 -0.5244 0.5244
vn -0.7052 -0.4593 -0.5401
vn -0.7458 -0.4710 -0.4710
vn -0.7803 -0.4844 -0.3955
vn -0.8087 -0.4973 -0.3142
vn -0.8305 -0.5082 -0.2280
vn -0.8453 -0.5162 -0.1382
vn -0.8527 -0.5204 -0.0463
vn -0.8527 -0.5204 0.0463
vn -0.8453 -0.5162 0.1382
vn -0.8305 -0.5082 0.2280
vn -0.8087 -0.4973 0.3142
vn -0.7803 -0.4844 0.3955
vn -0.7458 -0.4710 0.4710
vn -0.7052 -0.4593 0.5401
vn -0.7349 -0.3868 -0.5570
vn -0.7804 -0.3955 -0.4844
vn -0.8189 -0.4058 -0.4058
vn -0.8504 -0.4162 -0.3219
vn -0.8745 -0.4252 -0.2333
vn -0.8908 -0.4318 -0.1414
vn -0.8990 -0.4354 -0.0473
vn -0.8990 -0.4354 0.0473
vn -0.8908 -0.4318 0.1414
vn -0.8745 -0.4252 0.2333
vn -0.8504 -0.4162 0.3219
vn -0.8189 -0.4058 0.4058
vn -0.7804 -0.3955 0.4844
vn -0.7349 -0.3868 0.5570
vn -0.7599 -0.3078 -0.5726
vn -0.8087 -0.3142 -0.4973
vn -0.8504 -0.3219 -0.4162
vn -0.8846 -0.3298 -0.3298
vn -0.9108 -0.3368 -0.2389
vn -0.9284 -0.3422 -0.1447
vn -0.9373 -0.3451 -0.0485
vn -0.9373 -0.3451 0.0485
vn -0.9284 -0.3422 0.1447
vn -0.9108 -0.3368 0.2389
vn -0.8846 -0.3298 0.3298
vn -0.8504 -0.3219 0.4162
vn -0.8087 -0.3142 0.4973
vn -0.7599 -0.3078 0.5726
vn -0.7793 -0.2236 -0.5854
vn -0.8305 -0.2280 -0.5082
vn -0.8745 -0.2333 -0.4252
vn -0.9108 -0.2389 -0.3368
vn -0.9386 -0.2440 -0.2440
vn -0.9574 -0.2479 -0.1478
vn -0.9670 -0.2501 -0.0495
vn -0.9670 -0.2501 0.0495
vn -0.9574 -0.2479 0.1478
vn -0.9386 -0.2440 0.2440
vn -0.9108 -0.2389 0.3368
vn -0.8745 -0.2333 0.4252
vn -0.8305 -0.2280 0.5082
vn -0.7793 -0.2236 0.5854
vn -0.7925 -0.1356 -0.5946
vn -0.8453 -0.1382 -0.5162
vn -0.8908 -0.1414 -0.4318
vn -0.9284 -0.1447 -0.3422
vn -0.9574 -0.1478 -0.2479
vn -0.9772 -0.1502 -0.1502
vn -0.9872 -0.1515 -0.0503
vn -0.9872 -0.1515 0.0503
vn -0.9772 -0.1502 0.1502
vn -0.9574 -0.1478 0.2479
vn -0.9284 -0.1447 0.3421
vn -0.8908 -0.1414 0.4318
vn -0.8453 -0.1382 0.5162
vn -0.7925 -0.1356 0.5946
vn -0.7991 -0.0455 -0.5994
vn -0.8527 -0.0463 -0.5204
vn -0.8990 -0.0473 -0.4354
vn -0.9373 -0.0485 -0.3451
vn -0.9670 -0.0495 -0.2501
vn -0.9872 -0.0503 -0.1515
vn -0.9974 -0.0508 -0.0508
vn -0.9974 -0.0508 0.0508
vn -0.9872 -0.0503 0.1515
vn -0.9670 -0.0495 0.2501
vn -0.9373 -0.0485 0.3451
vn -0.8990 -0.0473 0.4354
vn -0.8527 -0.0463 0.5204
vn -0.7992 -0.0455 0.5994
vn -0.7991 0.0455 -0.5994
vn -0.8527 0.0463 -0.5204
vn -0.8990 0.0473 -0.4354
vn -0.9373 0.0485 -0.3451
vn -0.9670 0.0495 -0.2501
vn -0.9872 0.0503 -0.1515
vn -0.9974 0.0508 -0.0508
vn -0.9974 0.0508 0.0508
vn -0.9872 0.0503 0.1515
vn -0.9670 0.0495 0.2501
vn -0.9373 0.0485 0.3451
vn -0.8990 0.0473 0.4354
vn -0.8527 0.0463 0.5204
vn -0.7992 0.0455 0.5994
vn -0.7925 0.1356 -0.5946
vn -0.8453 0.1382 -0.5162
vn -0.8908 0.1414 -0.4318
vn -0.9284 0.1447 -0.3422
vn -0.9574 0.1478 -0.2479
vn -0.9772 0.1502 -0.1502
vn -0.9872 0.1515 -0.0503
vn -0.9872 0.1515 0.0503
vn -0.9772 0.1502 0.1502
vn -0.9574 0.1478 0.2479
vn -0.9284 0.1447 0.3422
vn -0.8908 0.1414 0.4318
vn -0.8453 0.1382 0.5162
vn -0.7925 0.1356 0.5946
vn -0.7793 0.2236 -0.5854
vn -0.8305 0.2280 -0.5082
vn -0.8745 0.2333 -0.4252
vn -0.9108 0.2389 -0.3368
vn -0.9386 0.2440 -0.2440
vn -0.9574 0.2479 -0.1478
vn -0.9670 0.2501 -0.0495
vn -0.9670 0.2501 0.0495
vn -0.9574 0.2479 0.1478
vn -0.9386 0.2440 0.2440
vn -0.9108 0.2389 0.3368
vn -0.8745 0.2333 0.4252
vn -0.8305 0.2280 0.5082
vn -0.7793 0.2236 0.5854
vn -0.7599 0.3078 -0.5726
vn -0.8087 0.3142 -0.4973
vn -0.8504 0.3219 -0.4162
vn -0.8846 0.3298 -0.3298
vn -0.9108 0.3368 -0.2389
vn -0.9284 0.3422 -0.1447
vn -0.9373 0.3451 -0.0485
vn -0.9373 0.3451 0.0485
vn -0.9284 0.3422 0.1447
vn -0.9108 0.3368 0.2389
vn -0.8846 0.3298 0.3298
vn -0.8504 0.3219 0.4162
vn -0.8087 0.3142 0.4973
vn -0.7599 0.3078 0.5726
vn -0.7349 0.3868 -0.5570
vn -0.7804 0.3955 -0.4844
vn -0.8189 0.4058 -0.4058
vn -0.8504 0.4162 -0.3219
vn -0.8745 0.4252 -0.2333
vn -0.8908 0.4318 -0.1414
vn -0.8990 0.4354 -0.0473
vn -0.8990 0.4354 0.0473
vn -0.8908 0.4318 0.1414
vn -0.8745 0.4252 0.2333
vn -0.8504 0.4162 0.3219
vn -0.8189 0.4058 0.4058
vn -0.7803 0.3955 0.4844
vn -0.7349 0.3868 0.5570
vn -0.7052 0.4593 -0.5401
vn -0.7458 0.4710 -0.4710
vn -0.7803 0.4844 -0.3955
vn -0.8087 0.4973 -0.3142
vn -0.8305 0.5082 -0.2280
vn -0.8453 0.5162 -0.1382
vn -0.8527 0.5204 -0.0463
vn -0.8527 0.5204 0.0463
vn -0.8453 0.5162 0.1382
vn -0.8305 0.5082 0.2280
vn -0.8087 0.4973 0.3142
vn -0.7804 0.4844 0.3955
vn -0.7458 0.4710 0.4710
vn -0.7052 0.4593 0.5401
vn -0.6709 0.5244 -0.5244
vn -0.7052 0.5401 -0.4593
vn -0.7349 0.5570 -0.3868
vn -0.7599 0.5726 -0.3078
vn -0.7793 0.5854 -0.2236
vn -0.7925 0.5946 -0.1356
vn -0.7992 0.5994 -0.0455
vn -0.7992 0.5994 0.0455
vn -0.7925 0.5946 0.1356
vn -0.7793 0.5854 0.2236
vn -0.7599 0.5726 0.3078
vn -0.7349 0.5570 0.3868
vn -0.7052 0.5401 0.4593
vn -0.6709 0.5244 0.5244
vn -0.6055 -0.5627 -0.5627
vn -0.6319 -0.5814 -0.5125
vn -0.6577 -0.6026 -0.4521
vn -0.6826 -0.6232 -0.3817
vn -0.7041 -0.6416 -0.3042
vn -0.7212 -0.6565 -0.2211
vn -0.7329 -0.6669 -0.1342
vn -0.7389 -0.6723 -0.0450
vn -0.7389 -0.6723 0.0450
vn -0.7329 -0.6669 0.1342
vn -0.7212 -0.6565 0.2211
vn -0.7041 -0.6416 0.3042
vn -0.6826 -0.6232 0.3817
vn -0.6577 -0.6026 0.4521
vn -0.6319 -0.5814 0.5126
vn -0.6055 -0.5627 0.5627
vn -0.6319 -0.5126 0.5814
vn -0.6577 -0.4521 0.6026
vn -0.6826 -0.3817 0.6232
vn -0.7041 -0.3042 0.6416
vn -0.7212 -0.2211 0.6565
vn -0.7329 -0.1342 0.6669
vn -0.7389 -0.0450 0.6723
vn -0.7389 0.0450 0.6723
vn -0.7329 0.1342 0.6669
vn -0.7212 0.2211 0.6565
vn -0.7041 0.3042 0.6416
vn -0.6826 0.3817 0.6232
vn -0.6577 0.4521 0.6026
vn -0.6319 0.5126 0.5814
vn -0.6055 0.5627 0.5627
vn -0.6319 0.5814 0.5125
vn -0.6577 0.6026 0.4521
vn -0.6826 0.6232 0.3817
vn -0.7041 0.6416 0.3042
vn -0.7212 0.6565 0.2211
vn -0.7329 0.6669 0.1342
vn -0.7389 0.6723 0.0450
vn -0.7389 0.6723 -0.0450
vn -0.7329 0.6669 -0.1342
vn -0.7212 0.6565 -0.2211
vn -0.7041 0.6416 -0.3042
vn -0.6826 0.6232 -0.3817
vn -0.6577 0.6026 -0.4520
vn -0.6319 0.5814 -0.5126
vn -0.6055 0.5627 -0.5627
vn -0.6319 0.5126 -0.5814
vn -0.6577 0.4521 -0.6026
vn -0.6826 0.3817 -0.6232
vn -0.7041 0.3042 -0.6416
vn -0.7212 0.2211 -0.6565
vn -0.7329 0.1342 -0.6669
vn -0.7389 0.0450 -0.6723
vn -0.7389 -0.0450 -0.6723
vn -0.7329 -0.1342 -0.6669
vn -0.7212 -0.2211 -0.6565
vn -0.7041 -0.3042 -0.6416
vn -0.6826 -0.3817 -0.6232
vn -0.6577 -0.4521 -0.6026
vn -0.6319 -0.5126 -0.5814
vn 0.6709 -0.5244 0.5244
vn 0.7052 -0.5401 0.4593
vn 0.7349 -0.5570 0.3868
vn 0.7599 -0.5726 0.3078
vn 0.7793 -0.5854 0.2236
vn 0.7925 -0.5946 0.1356
vn 0.7992 -0.5994 0.0455
vn 0.7991 -0.5994 -0.0455
vn 0.7925 -0.5946 -0.1356
vn 0.7793 -0.5854 -0.2236
vn 0.7599 -0.5726 -0.3078
vn 0.7349 -0.5570 -0.3868
vn 0.7052 -0.5401 -0.4593
vn 0.6709 -0.5244 -0.5244
vn 0.7052 -0.4593 0.5401
vn 0.7458 -0.4710 0.4710
vn 0.7803 -0.4844 0.3955
vn 0.8087 -0.4973 0.3142
vn 0.8305 -0.5082 0.2280
vn 0.8453 -0.5162 0.1382
vn 0.8527 -0.5204 0.0463
vn 0.8527 -0.5204 -0.0463
vn 0.8453 -0.5162 -0.1382
vn 0.8305 -0.5082 -0.2280
vn 0.8087 -0.4973 -0.3142
vn 0.7803 -0.4844 -0.3955
vn 0.7458 -0.4710 -0.4710
vn 0.7052 -0.4593 -0.5401
vn 0.7349 -0.3868 0.5570
vn 0.7803 -0.3955 0.4844
vn 0.8189 -0.4058 0.4058
vn 0.8504 -0.4162 0.3219
vn 0.8745 -0.4252 0.2333
vn 0.8908 -0.4318 0.1414
vn 0.8990 -0.4354 0.0473
vn 0.8990 -0.4354 -0.0473
vn 0.8908 -0.4318 -0.1414
vn 0.8745 -0.4252 -0.2333
vn 0.8504 -0.4162 -0.3219
vn 0.8189 -0.4058 -0.4058
vn 0.7804 -0.3955 -0.4844
vn 0.7349 -0.3868 -0.5570
vn 0.7599 -0.3078 0.5726
vn 0.8087 -0.3142 0.4973
vn 0.8504 -0.3219 0.4162
vn 0.8846 -0.3298 0.3298
vn 0.9108 -0.3368 0.2389
vn 0.9284 -0.3422 0.1447
vn 0.9373 -0.3451 0.0485
vn 0.9373 -0.3451 -0.0485
vn 0.9284 -0.3422 -0.1447
vn 0.9108 -0.3368 -0.2389
vn 0.8846 -0.3298 -0.3298
vn 0.8504 -0.3219 -0.4162
vn 0.8087 -0.3142 -0.4973
vn 0.7599 -0.3078 -0.5726
vn 0.7793 -0.2236 0.5854
vn 0.8305 -0.2280 0.5082
vn 0.8745 -0.2333 0.4252
vn 0.9108 -0.2389 0.3368
vn 0.9386 -0.2440 0.2440
vn 0.9574 -0.2479 0.1478
vn 0.9670 -0.2501 0.0495
vn 0.9670 -0.2501 -0.0495
vn 0.9574 -0.2479 -0.1478
vn 0.9386 -0.2440 -0.2440
vn 0.9108 -0.2389 -0.3368
vn 0.8745 -0.2333 -0.4252
vn 0.8305 -0.2280 -0.5082
vn 0.7793 -0.2236 -0.5854
vn 0.7925 -0.1356 0.5946
vn 0.8453 -0.1382 0.5162
vn 0.8908 -0.1414 0.4318
vn 0.9284 -0.1447 0.3422
vn 0.9574 -0.1478 0.2479
vn 0.9772 -0.1502 0.1502
vn 0.9872 -0.1515 0.0503
vn 0.9872 -0.1515 -0.0503
vn 0.9772 -0.1502 -0.1502
vn 0.9574 -0.1478 -0.2479
vn 0.9284 -0.1447 -0.3421
vn 0.8908 -0.1414 -0.4318
vn 0.8453 -0.1382 -0.5162
vn 0.7925 -0.1356 -0.5946
vn 0.7992 -0.0455 0.5994
vn 0.8527 -0.0463 0.5204
vn 0.8990 -0.0473 0.4354
vn 0.9373 -0.0485 0.3451
vn 0.9670 -0.0495 0.2501
vn 0.9872 -0.0503 0.1515
vn 0.9974 -0.0508 0.0508
vn 0.9974 -0.0508 -0.0508
vn 0.9872 -0.0503 -0.1515
vn 0.9670 -0.0495 -0.2501
vn 0.9373 -0.0485 -0.3451
vn 0.8990 -0.0473 -0.4354
vn 0.8527 -0.0463 -0.5204
vn 0.7992 -0.0455 -0.5994
vn 0.7992 0.0455 0.5994
vn 0.8527 0.0463 0.5204
vn 0.8990 0.0473 0.4354
vn 0.9373 0.0485 0.3451
vn 0.9670 0.0495 0.2501
vn 0.9872 0.0503 0.1515
vn 0.9974 0.0508 0.0508
vn 0.9974 0.0508 -0.0508
vn 0.9872 0.0503 -0.1515
vn 0.9670 0.0495 -0.2501
vn 0.9373 0.0485 -0.3451
vn 0.8990 0.0473 -0.4354
vn 0.8527 0.0463 -0.5204
vn 0.7992 0.0455 -0.5994
vn 0.7925 0.1356 0.5946
vn 0.8453 0.1382 0.5162
vn 0.8908 0.1414 0.4318
vn 0.9284 0.1447 0.3421
vn 0.9574 0.1478 0.2479
vn 0.9772 0.1502 0.1502
vn 0.9872 0.1515 0.0503
vn 0.9872 0.1515 -0.0503
vn 0.9772 0.1502 -0.1502
vn 0.9574 0.1478 -0.2479
vn 0.9284 0.1447 -0.3422
vn 0.8908 0.1414 -0.4318
vn 0.8453 0.1382 -0.5162
vn 0.7925 0.1356 -0.5946
vn 0.7793 0.2236 0.5854
vn 0.8305 0.2280 0.5082
vn 0.8745 0.2333 0.4252
vn 0.9108 0.2389 0.3368
vn 0.9386 0.2440 0.2440
vn 0.9574 0.2479 0.1478
vn 0.9670 0.2501 0.0495
vn 0.9670 0.2501 -0.0495
vn 0.9574 0.2479 -0.1478
vn 0.9386 0.2440 -0.2440
vn 0.9108 0.2389 -0.3368
vn 0.8745 0.2333 -0.4252
vn 0.8305 0.2280 -0.5082
vn 0.7793 0.2236 -0.5854
vn 0.7599 0.3078 0.5726
vn 0.8087 0.3142 0.4973
vn 0.8504 0.3219 0.4162
vn 0.8846 0.3298 0.3298
vn 0.9108 0.3368 0.2389
vn 0.9284 0.3422 0.1447
vn 0.9373 0.3451 0.0485
vn 0.9373 0.3451 -0.0485
vn 0.9284 0.3422 -0.1447
vn 0.9108 0.3368 -0.2389
vn 0.8846 0.3298 -0.3298
vn 0.8504 0.3219 -0.4162
vn 0.8087 0.3142 -0.4973
vn 0.7599 0.3078 -0.5726
vn 0.7349 0.3868 0.5570
vn 0.7803 0.3955 0.4844
vn 0.8189 0.4058 0.4058
vn 0.8504 0.4162 0.3219
vn 0.8745 0.4252 0.2333
vn 0.8908 0.4318 0.1414
vn 0.8990 0.4354 0.0473
vn 0.8990 0.4354 -0.0473
vn 0.8908 0.4318 -0.1414
vn 0.8745 0.4252 -0.2333
vn 0.8504 0.4162 -0.3219
vn 0.8189 0.4058 -0.4058
vn 0.7803 0.3955 -0.4844
vn 0.7349 0.3868 -0.5570
vn 0.7052 0.4593 0.5401
vn 0.7458 0.4710 0.4710
vn 0.7803 0.4844 0.3955
vn 0.8087 0.4973 0.3142
vn 0.8305 0.5082 0.2280
vn 0.8453 0.5162 0.1382
vn 0.8527 0.5204 0.0463
vn 0.8527 0.5204 -0.0463
vn 0.8453 0.5162 -0.1382
vn 0.8305 0.5082 -0.2280
vn 0.8087 0.4973 -0.3142
vn 0.7803 0.4844 -0.3955
vn 0.7458 0.4710 -0.4710
vn 0.7052 0.4593 -0.5401
vn 0.6709 0.5244 0.5244
vn 0.7052 0.5401 0.4593
vn 0.7349 0.5570 0.3868
vn 0.7599 0.5726 0.3078
vn 0.7793 0.5854 0.2236
vn 0.7925 0.5946 0.1357
vn 0.7992 0.5994 0.0455
vn 0.7991 0.5994 -0.0455
vn 0.7925 0.5946 -0.1356
vn 0.7793 0.5854 -0.2236
vn 0.7599 0.5726 -0.3078
vn 0.7349 0.5570 -0.3868
vn 0.7052 0.5401 -0.4593
vn 0.6709 0.5244 -0.5244
vn 0.6055 -0.5627 0.5627
vn 0.6319 -0.5814 0.5126
vn 0.6577 -0.6026 0.4521
vn 0.6826 -0.6232 0.3817
vn 0.7041 -0.6416 0.3042
vn 0.7212 -0.6565 0.2211
vn 0.7329 -0.6669 0.1342
vn 0.7389 -0.6723 0.0450
vn 0.7389 -0.6723 -0.0450
vn 0.7329 -0.6669 -0.1342
vn 0.7212 -0.6565 -0.2211
vn 0.7041 -0.6416 -0.3042
vn 0.6826 -0.6232 -0.3817
vn 0.6577 -0.6026 -0.4521
vn 0.6319 -0.5814 -0.5125
vn 0.6055 -0.5627 -0.5627
vn 0.6319 -0.5126 -0.5814
vn 0.6577 -0.4521 -0.6026
vn 0.6826 -0.3817 -0.6232
vn 0.7041 -0.3042 -0.6416
vn 0.7212 -0.2211 -0.6565
vn 0.7329 -0.1342 -0.6669
vn 0.7389 -0.0450 -0.6723
vn 0.7389 0.0450 -0.6723
vn 0.7329 0.1342 -0.6669
vn 0.7212 0.2211 -0.6565
vn 0.7041 0.3042 -0.6416
vn 0.6826 0.3817 -0.6232
vn 0.6577 0.4521 -0.6026
vn 0.6319 0.5125 -0.5814
vn 0.6055 0.5627 -0.5627
vn 0.6319 0.5814 -0.5126
vn 0.6577 0.6026 -0.4521
vn 0.6826 0.6232 -0.3817
vn 0.7041 0.6416 -0.3042
vn 0.7212 0.6565 -0.2211
vn 0.7329 0.6669 -0.1342
vn 0.7389 0.6723 -0.0450
vn 0.7389 0.6723 0.0450
vn 0.7329 0.6669 0.1342
vn 0.7212 0.6565 0.2211
vn 0.7041 0.6416 0.3042
vn 0.6826 0.6232 0.3817
vn 0.6577 0.6026 0.4521
vn 0.6319 0.5814 0.5126
vn 0.6055 0.5627 0.5627
vn 0.6319 0.5126 0.5814
vn 0.6577 0.4521 0.6026
vn 0.6826 0.3817 0.6232
vn 0.7041 0.3042 0.6416
vn 0.7212 0.2211 0.6565
vn 0.7329 0.1342 0.6669
vn 0.7389 0.0450 0.6723
vn 0.7389 -0.0450 0.6723
vn 0.7329 -0.1342 0.6669
vn 0.7212 -0.2211 0.6565
vn 0.7041 -0.3042 0.6416
vn 0.6826 -0.3817 0.6232
vn 0.6577 -0.4521 0.6026
vn 0.6319 -0.5126 0.5814
vt 0.863479 0.684384
vt 0.850748 0.690451
vt 0.847974 0.666687
vt 0.861706 0.662570
vt 0.836663 0.697654
vt 0.833479 0.671985
vt 0.821204 0.704786
vt 0.818119 0.677514
vt 0.804551 0.711036
vt 0.801915 0.682483
vt 0.786930 0.715889
vt 0.785014 0.686413
vt 0.768635 0.718975
vt 0.767628 0.688956
vt 0.750000 0.720040
vt 0.750000 0.689849
vt 0.731365 0.718975
vt 0.732372 0.688956
vt 0.713070 0.715889
vt 0.714986 0.686413
vt 0.695449 0.711036
vt 0.698085 0.682483
vt 0.678796 0.704786
vt 0.681881 0.677514
vt 0.663337 0.697654
vt 0.666521 0.671985
vt 0.649252 0.690451
vt 0.652026 0.666687
vt 0.636521 0.684384
vt 0.638294 0.662571
vt 0.846451 0.641294
vt 0.860848 0.638429
vt 0.831617 0.645189
vt 0.816230 0.649410
vt 0.800258 0.653302
vt 0.783793 0.656448
vt 0.766984 0.658526
vt 0.750000 0.659269
vt 0.733016 0.658526
vt 0.716207 0.656448
vt 0.699742 0.653302
vt 0.683770 0.649410
vt 0.668383 0.645189
vt 0.653549 0.641294
vt 0.639152 0.638429
vt 0.845647 0.614556
vt 0.860410 0.612503
vt 0.830581 0.617397
vt 0.815128 0.620538
vt 0.799265 0.623506
vt 0.783051 0.625961
vt 0.766589 0.627616
vt 0.750000 0.628217
vt 0.733411 0.627616
vt 0.716949 0.625961
vt 0.700735 0.623506
vt 0.684872 0.620538
vt 0.669419 0.617397
vt 0.654353 0.614556
vt 0.639590 0.612503
vt 0.845213 0.586761
vt 0.860176 0.585334
vt 0.830012 0.588755
vt 0.814514 0.590990
vt 0.798709 0.593150
vt 0.782635 0.594973
vt 0.766368 0.596223
vt 0.750000 0.596684
vt 0.733632 0.596223
vt 0.717365 0.594973
vt 0.701291 0.593150
vt 0.685486 0.590990
vt 0.669988 0.588755
vt 0.654787 0.586762
vt 0.639824 0.585334
vt 0.845003 0.558213
vt 0.860063 0.557308
vt 0.829738 0.559485
vt 0.814219 0.560928
vt 0.798442 0.562348
vt 0.782436 0.563565
vt 0.766262 0.564410
vt 0.750000 0.564723
vt 0.733738 0.564410
vt 0.717564 0.563565
vt 0.701558 0.562348
vt 0.685781 0.560928
vt 0.670262 0.559485
vt 0.654997 0.558213
vt 0.639937 0.557309
vt 0.844932 0.529206
vt 0.860024 0.528766
vt 0.829645 0.529828
vt 0.814120 0.530539
vt 0.798352 0.531247
vt 0.782369 0.531859
vt 0.766227 0.532286
vt 0.750000 0.532446
vt 0.733773 0.532286
vt 0.717631 0.531859
vt 0.701648 0.531247
vt 0.685880 0.530539
vt 0.670355 0.529828
vt 0.655068 0.529206
vt 0.639976 0.528766
vt 0.844924 0.500000
vt 0.860020 0.500000
vt 0.829634 0.500000
vt 0.814108 0.500000
vt 0.798342 0.500000
vt 0.782362 0.500000
vt 0.766223 0.500000
vt 0.750000 0.500000
vt 0.733777 0.500000
vt 0.717638 0.500000
vt 0.701658 0.500000
vt 0.685892 0.500000
vt 0.670366 0.500000
vt 0.655076 0.500000
vt 0.639980 0.500000
vt 0.844932 0.470794
vt 0.860024 0.471234
vt 0.829645 0.470172
vt 0.814120 0.469461
vt 0.798352 0.468753
vt 0.782369 0.468141
vt 0.766227 0.467714
vt 0.750000 0.467554
vt 0.733773 0.467714
vt 0.717631 0.468141
vt 0.701648 0.468753
vt 0.685880 0.469461
vt 0.670355 0.470172
vt 0.655068 0.470794
vt 0.639976 0.471234
vt 0.845003 0.441787
vt 0.860063 0.442692
vt 0.829738 0.440515
vt 0.814219 0.439072
vt 0.798442 0.437652
vt 0.782436 0.436435
vt 0.766262 0.435590
vt 0.750000 0.435277
vt 0.733738 0.435590
vt 0.717564 0.436435
vt 0.701558 0.437652
vt 0.685781 0.439072
vt 0.670262 0.440515
vt 0.654997 0.441787
vt 0.639937 0.442692
vt 0.845213 0.413238
vt 0.860176 0.414666
vt 0.830012 0.411245
vt 0.814514 0.409010
vt 0.798709 0.406850
vt 0.782635 0.405027
vt 0.766368 0.403777
vt 0.750000 0.403316
vt 0.733632 0.403777
vt 0.717365 0.405027
vt 0.701291 0.406850
vt 0.685486 0.409010
vt 0.669988 0.411245
vt 0.654787 0.413238
vt 0.639824 0.414666
vt 0.845647 0.385444
vt 0.860410 0.387497
vt 0.830581 0.382603
vt 0.815128 0.379462
vt 0.799265 0.376494
vt 0.783051 0.374039
vt 0.766589 0.372384
vt 0.750000 0.371783
vt 0.733411 0.372384
vt 0.716949 0.374039
vt 0.700735 0.376494
vt 0.684872 0.379462
vt 0.669419 0.382603
vt 0.654353 0.385444
vt 0.639590 0.387497
vt 0.846451 0.358706
vt 0.860848 0.361571
vt 0.831617 0.354811
vt 0.816230 0.350590
vt 0.800258 0.346698
vt 0.783793 0.343552
vt 0.766984 0.341474
vt 0.750000 0.340731
vt 0.733016 0.341474
vt 0.716207 0.343552
vt 0.699742 0.346698
vt 0.683770 0.350590
vt 0.668383 0.354811
vt 0.653549 0.358706
vt 0.639152 0.361571
vt 0.847974 0.333313
vt 0.861706 0.337429
vt 0.833479 0.328015
vt 0.818119 0.322486
vt 0.801915 0.317517
vt 0.785014 0.313587
vt 0.767628 0.311043
vt 0.750000 0.310151
vt 0.732372 0.311043
vt 0.714986 0.313587
vt 0.698085 0.317516
vt 0.681881 0.322486
vt 0.666521 0.328015
vt 0.652026 0.333313
vt 0.638294 0.337429
vt 0.850748 0.309548
vt 0.863479 0.315616
vt 0.836663 0.302346
vt 0.821204 0.295214
vt 0.804551 0.288964
vt 0.786930 0.284111
vt 0.768635 0.281025
vt 0.750000 0.279960
vt 0.731365 0.281025
vt 0.713070 0.284111
vt 0.695449 0.288964
vt 0.678796 0.295214
vt 0.663337 0.302346
vt 0.649252 0.309549
vt 0.636521 0.315616
vt 0.875000 0.695913
vt 0.866605 0.703485
vt 0.875000 0.680355
vt 0.855698 0.712328
vt 0.841841 0.722030
vt 0.826039 0.731144
vt 0.808612 0.738963
vt 0.789861 0.744956
vt 0.770169 0.748719
vt 0.750000 0.750000
vt 0.729831 0.748719
vt 0.710139 0.744956
vt 0.691388 0.738963
vt 0.673961 0.731144
vt 0.658159 0.722030
vt 0.644302 0.712328
vt 0.633395 0.703485
vt 0.625000 0.695913
vt 0.625000 0.680355
vt 0.625000 0.660907
vt 0.625000 0.637315
vt 0.625000 0.611715
vt 0.625000 0.584788
vt 0.625000 0.556964
vt 0.625000 0.528600
vt 0.625000 0.500000
vt 0.625000 0.471400
vt 0.625000 0.443036
vt 0.625000 0.415212
vt 0.625000 0.388285
vt 0.625000 0.362685
vt 0.625000 0.339093
vt 0.625000 0.319645
vt 0.625000 0.304087
vt 0.633395 0.296515
vt 0.644302 0.287672
vt 0.658159 0.277970
vt 0.673961 0.268856
vt 0.691388 0.261037
vt 0.710139 0.255044
vt 0.729831 0.251281
vt 0.750000 0.250000
vt 0.770169 0.251281
vt 0.789861 0.255044
vt 0.808612 0.261037
vt 0.826039 0.268856
vt 0.841841 0.277970
vt 0.855698 0.287672
vt 0.866605 0.296515
vt 0.875000 0.319645
vt 0.875000 0.304087
vt 0.875000 0.339093
vt 0.875000 0.362685
vt 0.875000 0.388285
vt 0.875000 0.415212
vt 0.875000 0.443036
vt 0.875000 0.471400
vt 0.875000 0.500000
vt 0.875000 0.528600
vt 0.875000 0.556964
vt 0.875000 0.584788
vt 0.875000 0.611715
vt 0.875000 0.637315
vt 0.875000 0.660907
vt 0.875000 0.281821
vt 0.863757 0.267926
vt 0.875000 0.250036
vt 0.886243 0.267926
vt 0.849749 0.255094
vt 0.860715 0.233749
vt 0.833290 0.243525
vt 0.843450 0.219282
vt 0.814683 0.233730
vt 0.823323 0.207039
vt 0.794247 0.226268
vt 0.800591 0.197682
vt 0.772471 0.221614
vt 0.775840 0.191828
vt 0.750000 0.220040
vt 0.750000 0.189849
vt 0.727529 0.221614
vt 0.724160 0.191828
vt 0.705753 0.226268
vt 0.699409 0.197682
vt 0.685317 0.233730
vt 0.676677 0.207039
vt 0.666710 0.243525
vt 0.656550 0.219282
vt 0.650251 0.255094
vt 0.639285 0.233750
vt 0.636243 0.267926
vt 0.625000 0.250036
vt 0.625000 0.281821
vt 0.613757 0.267926
vt 0.889285 0.233749
vt 0.900251 0.255094
vt 0.875000 0.214054
vt 0.857096 0.196333
vt 0.835328 0.181126
vt 0.809689 0.169319
vt 0.780786 0.161825
vt 0.750000 0.159269
vt 0.719214 0.161825
vt 0.690311 0.169319
vt 0.664672 0.181126
vt 0.642904 0.196333
vt 0.625000 0.214054
vt 0.610715 0.233749
vt 0.599749 0.255094
vt 0.906550 0.219282
vt 0.916710 0.243525
vt 0.892904 0.196333
vt 0.875000 0.175123
vt 0.851936 0.156418
vt 0.822967 0.141438
vt 0.788309 0.131632
vt 0.750000 0.128217
vt 0.711691 0.131632
vt 0.677033 0.141438
vt 0.648064 0.156418
vt 0.625000 0.175123
vt 0.607096 0.196333
vt 0.593450 0.219282
vt 0.583290 0.243525
vt 0.926677 0.207039
vt 0.935317 0.233730
vt 0.914672 0.181126
vt 0.898064 0.156418
vt 0.875000 0.133764
vt 0.843076 0.114685
vt 0.800616 0.101478
vt 0.750000 0.096684
vt 0.699384 0.101478
vt 0.656924 0.114685
vt 0.625000 0.133764
vt 0.601936 0.156418
vt 0.585328 0.181126
vt 0.573323 0.207039
vt 0.564683 0.233730
vt 0.949409 0.197682
vt 0.955753 0.226268
vt 0.940311 0.169319
vt 0.927033 0.141438
vt 0.906924 0.114685
vt 0.875000 0.090514
vt 0.823434 0.072055
vt 0.750000 0.064723
vt 0.676566 0.072055
vt 0.625000 0.090514
vt 0.593076 0.114685
vt 0.572967 0.141438
vt 0.559689 0.169319
vt 0.550591 0.197682
vt 0.544247 0.226268
vt 0.974160 0.191828
vt 0.977529 0.221614
vt 0.969215 0.161825
vt 0.961691 0.131632
vt 0.949384 0.101478
vt 0.926567 0.072055
vt 0.875000 0.045739
vt 0.750000 0.032446
vt 0.625000 0.045739
vt 0.573434 0.072055
vt 0.550616 0.101478
vt 0.538309 0.131632
vt 0.530785 0.161825
vt 0.525840 0.191828
vt 0.522471 0.221614
vt 1.000000 0.189849
vt 1.000000 0.220040
vt 1.000000 0.159269
vt 1.000000 0.128217
vt 1.000000 0.096684
vt 1.000000 0.064723
vt 1.000000 0.032446
vt 0.500000 0.000000
vt 0.500000 0.032446
vt 0.500000 0.064723
vt 0.500000 0.096684
vt 0.500000 0.128217
vt 0.500000 0.159269
vt 0.500000 0.189849
vt 0.500000 0.220040
vt 0.000000 0.220040
vt 0.000000 0.189849
vt 0.025840 0.191828
vt 0.022471 0.221614
vt 0.000000 0.159269
vt 0.030786 0.161825
vt 0.000000 0.128217
vt 0.038309 0.131632
vt 0.000000 0.096684
vt 0.050616 0.101478
vt 0.000000 0.064723
vt 0.073434 0.072055
vt 0.000000 0.032446
vt 0.125000 0.045739
vt 0.250000 0.032446
vt 0.375000 0.045739
vt 0.426566 0.072055
vt 0.449384 0.101478
vt 0.461691 0.131632
vt 0.469214 0.161825
vt 0.474160 0.191828
vt 0.477529 0.221614
vt 0.050591 0.197682
vt 0.044247 0.226268
vt 0.059689 0.169319
vt 0.072967 0.141438
vt 0.093076 0.114685
vt 0.125000 0.090514
vt 0.176566 0.072055
vt 0.250000 0.064723
vt 0.323434 0.072055
vt 0.375000 0.090514
vt 0.406924 0.114685
vt 0.427033 0.141438
vt 0.440311 0.169319
vt 0.449409 0.197682
vt 0.455753 0.226268
vt 0.073323 0.207039
vt 0.064683 0.233730
vt 0.085328 0.181126
vt 0.101936 0.156418
vt 0.125000 0.133764
vt 0.156924 0.114685
vt 0.199384 0.101478
vt 0.250000 0.096684
vt 0.300616 0.101478
vt 0.343076 0.114685
vt 0.375000 0.133764
vt 0.398064 0.156418
vt 0.414672 0.181126
vt 0.426677 0.207039
vt 0.435317 0.233730
vt 0.093450 0.219282
vt 0.083290 0.243525
vt 0.107096 0.196333
vt 0.125000 0.175123
vt 0.148064 0.156418
vt 0.177033 0.141438
vt 0.211691 0.131632
vt 0.250000 0.128217
vt 0.288309 0.131632
vt 0.322967 0.141438
vt 0.351936 0.156418
vt 0.375000 0.175123
vt 0.392904 0.196333
vt 0.406550 0.219282
vt 0.416710 0.243525
vt 0.110715 0.233750
vt 0.099749 0.255094
vt 0.125000 0.214054
vt 0.142904 0.196333
vt 0.164672 0.181126
vt 0.190311 0.169319
vt 0.219214 0.161825
vt 0.250000 0.159269
vt 0.280786 0.161825
vt 0.309689 0.169319
vt 0.335328 0.181126
vt 0.357096 0.196333
vt 0.375000 0.214054
vt 0.389285 0.233750
vt 0.400251 0.255094
vt 0.125000 0.250036
vt 0.113757 0.267926
vt 0.139285 0.233750
vt 0.156550 0.219282
vt 0.176677 0.207039
vt 0.199409 0.197682
vt 0.224160 0.191828
vt 0.250000 0.189849
vt 0.275840 0.191828
vt 0.300591 0.197682
vt 0.323323 0.207039
vt 0.343450 0.219282
vt 0.360715 0.233750
vt 0.375000 0.250036
vt 0.386243 0.267926
vt 0.136243 0.267926
vt 0.125000 0.281821
vt 0.150251 0.255094
vt 0.166710 0.243525
vt 0.185317 0.233730
vt 0.205753 0.226268
vt 0.227529 0.221614
vt 0.250000 0.220040
vt 0.272471 0.221614
vt 0.294247 0.226268
vt 0.314683 0.233730
vt 0.333290 0.243525
vt 0.349749 0.255094
vt 0.363757 0.267926
vt 0.375000 0.281821
vt 0.883395 0.296515
vt 0.616605 0.296515
vt 0.605698 0.287672
vt 0.591841 0.277970
vt 0.576039 0.268856
vt 0.558612 0.261037
vt 0.539861 0.255044
vt 0.520169 0.251281
vt 0.500000 0.250000
vt 0.479831 0.251281
vt 0.460139 0.255044
vt 0.441388 0.261037
vt 0.423961 0.268856
vt 0.408159 0.277970
vt 0.394302 0.287672
vt 0.383395 0.296515
vt 0.375000 0.304087
vt 0.366605 0.296515
vt 0.355698 0.287672
vt 0.341841 0.277970
vt 0.326039 0.268856
vt 0.308612 0.261037
vt 0.289861 0.255044
vt 0.270169 0.251281
vt 0.250000 0.250000
vt 0.229831 0.251281
vt 0.210139 0.255044
vt 0.191388 0.261037
vt 0.173961 0.268856
vt 0.158159 0.277970
vt 0.144302 0.287672
vt 0.133395 0.296515
vt 0.116605 0.296515
vt 0.125000 0.304087
vt 0.105698 0.287672
vt 0.091841 0.277970
vt 0.076039 0.268856
vt 0.058612 0.261037
vt 0.039861 0.255044
vt 0.020169 0.251281
vt 0.000000 0.250000
vt 0.979831 0.251281
vt 1.000000 0.250000
vt 0.960139 0.255044
vt 0.941388 0.261037
vt 0.923961 0.268856
vt 0.908159 0.277970
vt 0.894302 0.287672
vt 0.136521 0.315616
vt 0.149252 0.309549
vt 0.152026 0.333313
vt 0.138294 0.337430
vt 0.163337 0.302346
vt 0.166521 0.328015
vt 0.178796 0.295214
vt 0.181881 0.322486
vt 0.195449 0.288964
vt 0.198085 0.317517
vt 0.213070 0.284111
vt 0.214986 0.313587
vt 0.231365 0.281025
vt 0.232372 0.311043
vt 0.250000 0.279960
vt 0.250000 0.310151
vt 0.268635 0.281025
vt 0.267628 0.311044
vt 0.286930 0.284111
vt 0.285014 0.313587
vt 0.304551 0.288964
vt 0.301915 0.317517
vt 0.321204 0.295214
vt 0.318119 0.322486
vt 0.336663 0.302346
vt 0.333479 0.328015
vt 0.350748 0.309549
vt 0.347974 0.333313
vt 0.363479 0.315616
vt 0.361706 0.337430
vt 0.153549 0.358706
vt 0.139152 0.361571
vt 0.168383 0.354811
vt 0.183770 0.350590
vt 0.199742 0.346698
vt 0.216207 0.343552
vt 0.233016 0.341474
vt 0.250000 0.340732
vt 0.266984 0.341474
vt 0.283793 0.343552
vt 0.300258 0.346698
vt 0.316230 0.350590
vt 0.331617 0.354811
vt 0.346451 0.358706
vt 0.360848 0.361571
vt 0.154353 0.385444
vt 0.139590 0.387497
vt 0.169419 0.382603
vt 0.184872 0.379462
vt 0.200735 0.376494
vt 0.216949 0.374039
vt 0.233411 0.372384
vt 0.250000 0.371783
vt 0.266589 0.372384
vt 0.283051 0.374039
vt 0.299265 0.376494
vt 0.315128 0.379462
vt 0.330581 0.382603
vt 0.345647 0.385444
vt 0.360410 0.387497
vt 0.154787 0.413239
vt 0.139824 0.414666
vt 0.169988 0.411245
vt 0.185486 0.409010
vt 0.201291 0.406850
vt 0.217365 0.405027
vt 0.233632 0.403777
vt 0.250000 0.403316
vt 0.266368 0.403777
vt 0.282635 0.405027
vt 0.298709 0.406850
vt 0.314514 0.409010
vt 0.330012 0.411245
vt 0.345213 0.413239
vt 0.360176 0.414666
vt 0.154997 0.441787
vt 0.139937 0.442692
vt 0.170262 0.440515
vt 0.185781 0.439072
vt 0.201558 0.437652
vt 0.217564 0.436435
vt 0.233738 0.435590
vt 0.250000 0.435277
vt 0.266262 0.435590
vt 0.282436 0.436435
vt 0.298442 0.437652
vt 0.314219 0.439072
vt 0.329738 0.440515
vt 0.345003 0.441787
vt 0.360063 0.442692
vt 0.155068 0.470794
vt 0.139976 0.471234
vt 0.170355 0.470172
vt 0.185880 0.469461
vt 0.201648 0.468753
vt 0.217631 0.468141
vt 0.233773 0.467714
vt 0.250000 0.467554
vt 0.266227 0.467714
vt 0.282369 0.468141
vt 0.298352 0.468753
vt 0.314120 0.469461
vt 0.329645 0.470172
vt 0.344932 0.470794
vt 0.360024 0.471234
vt 0.155076 0.500000
vt 0.139980 0.500000
vt 0.170366 0.500000
vt 0.185892 0.500000
vt 0.201658 0.500000
vt 0.217638 0.500000
vt 0.233777 0.500000
vt 0.250000 0.500000
vt 0.266223 0.500000
vt 0.282362 0.500000
vt 0.298342 0.500000
vt 0.314108 0.500000
vt 0.329634 0.500000
vt 0.344924 0.500000
vt 0.360020 0.500000
vt 0.155068 0.529206
vt 0.139976 0.528766
vt 0.170355 0.529828
vt 0.185880 0.530539
vt 0.201648 0.531247
vt 0.217631 0.531859
vt 0.233773 0.532286
vt 0.250000 0.532446
vt 0.266227 0.532286
vt 0.282369 0.531859
vt 0.298352 0.531247
vt 0.314120 0.530539
vt 0.329645 0.529828
vt 0.344932 0.529206
vt 0.360024 0.528766
vt 0.154997 0.558213
vt 0.139937 0.557309
vt 0.170262 0.559485
vt 0.185781 0.560928
vt 0.201558 0.562348
vt 0.217564 0.563565
vt 0.233738 0.564410
vt 0.250000 0.564723
vt 0.266262 0.564410
vt 0.282436 0.563565
vt 0.298442 0.562348
vt 0.314219 0.560928
vt 0.329738 0.559485
vt 0.345003 0.558213
vt 0.360063 0.557309
vt 0.154787 0.586762
vt 0.139824 0.585334
vt 0.169988 0.588755
vt 0.185486 0.590990
vt 0.201291 0.593150
vt 0.217365 0.594974
vt 0.233632 0.596223
vt 0.250000 0.596684
vt 0.266368 0.596223
vt 0.282635 0.594974
vt 0.298709 0.593150
vt 0.314514 0.590990
vt 0.330012 0.588755
vt 0.345213 0.586762
vt 0.360176 0.585334
vt 0.154353 0.614556
vt 0.139590 0.612503
vt 0.169419 0.617397
vt 0.184872 0.620538
vt 0.200735 0.623506
vt 0.216949 0.625961
vt 0.233411 0.627616
vt 0.250000 0.628217
vt 0.266589 0.627616
vt 0.283051 0.625961
vt 0.299265 0.623506
vt 0.315128 0.620538
vt 0.330581 0.617397
vt 0.345647 0.614556
vt 0.360410 0.612503
vt 0.153549 0.641294
vt 0.139152 0.638429
vt 0.168383 0.645189
vt 0.183770 0.649410
vt 0.199742 0.653302
vt 0.216207 0.656448
vt 0.233016 0.658526
vt 0.250000 0.659269
vt 0.266984 0.658526
vt 0.283793 0.656448
vt 0.300258 0.653302
vt 0.316230 0.649410
vt 0.331617 0.645189
vt 0.346451 0.641294
vt 0.360848 0.638429
vt 0.152026 0.666687
vt 0.138294 0.662571
vt 0.166521 0.671985
vt 0.181881 0.677514
vt 0.198085 0.682484
vt 0.214986 0.686413
vt 0.232372 0.688957
vt 0.250000 0.689849
vt 0.267628 0.688957
vt 0.285014 0.686413
vt 0.301915 0.682484
vt 0.318119 0.677514
vt 0.333479 0.671985
vt 0.347974 0.666687
vt 0.361706 0.662571
vt 0.149252 0.690452
vt 0.136521 0.684384
vt 0.163337 0.697654
vt 0.178796 0.704786
vt 0.195449 0.711036
vt 0.213070 0.715889
vt 0.231365 0.718975
vt 0.250000 0.720040
vt 0.268635 0.718975
vt 0.286930 0.715889
vt 0.304551 0.711036
vt 0.321204 0.704786
vt 0.336663 0.697654
vt 0.350748 0.690452
vt 0.363479 0.684384
vt 0.125000 0.319645
vt 0.375000 0.319645
vt 0.375000 0.339093
vt 0.375000 0.362685
vt 0.375000 0.388285
vt 0.375000 0.415212
vt 0.375000 0.443036
vt 0.375000 0.471400
vt 0.375000 0.500000
vt 0.375000 0.528600
vt 0.375000 0.556964
vt 0.375000 0.584788
vt 0.375000 0.611715
vt 0.375000 0.637315
vt 0.375000 0.660907
vt 0.375000 0.680355
vt 0.375000 0.695913
vt 0.366605 0.703485
vt 0.355698 0.712328
vt 0.341841 0.722030
vt 0.326039 0.731144
vt 0.308612 0.738963
vt 0.289861 0.744956
vt 0.270169 0.748719
vt 0.250000 0.750000
vt 0.229831 0.748719
vt 0.210139 0.744956
vt 0.191388 0.738963
vt 0.173961 0.731144
vt 0.158159 0.722030
vt 0.144302 0.712328
vt 0.133395 0.703485
vt 0.125000 0.680355
vt 0.125000 0.695913
vt 0.125000 0.660907
vt 0.125000 0.637315
vt 0.125000 0.611715
vt 0.125000 0.584788
vt 0.125000 0.556964
vt 0.125000 0.528600
vt 0.125000 0.500000
vt 0.125000 0.471400
vt 0.125000 0.443036
vt 0.125000 0.415212
vt 0.125000 0.388285
vt 0.125000 0.362685
vt 0.125000 0.339093
vt 0.125000 0.718179
vt 0.136243 0.732074
vt 0.125000 0.749964
vt 0.113757 0.732074
vt 0.150251 0.744906
vt 0.139285 0.766251
vt 0.166710 0.756475
vt 0.156550 0.780718
vt 0.185317 0.766270
vt 0.176677 0.792961
vt 0.205753 0.773732
vt 0.199409 0.802318
vt 0.227529 0.778386
vt 0.224160 0.808172
vt 0.250000 0.779960
vt 0.250000 0.810151
vt 0.272471 0.778386
vt 0.275840 0.808172
vt 0.294247 0.773732
vt 0.300591 0.802318
vt 0.314683 0.766270
vt 0.323323 0.792961
vt 0.333290 0.756475
vt 0.343450 0.780718
vt 0.349749 0.744906
vt 0.360715 0.766251
vt 0.363757 0.732074
vt 0.375000 0.749964
vt 0.375000 0.718179
vt 0.386243 0.732074
vt 0.110715 0.766251
vt 0.099749 0.744906
vt 0.125000 0.785946
vt 0.142904 0.803667
vt 0.164672 0.818874
vt 0.190311 0.830681
vt 0.219214 0.838175
vt 0.250000 0.840732
vt 0.280785 0.838175
vt 0.309689 0.830681
vt 0.335328 0.818874
vt 0.357096 0.803667
vt 0.375000 0.785946
vt 0.389285 0.766251
vt 0.400251 0.744906
vt 0.093450 0.780718
vt 0.083290 0.756475
vt 0.107096 0.803667
vt 0.125000 0.824877
vt 0.148064 0.843582
vt 0.177033 0.858562
vt 0.211691 0.868368
vt 0.250000 0.871783
vt 0.288309 0.868368
vt 0.322967 0.858562
vt 0.351936 0.843582
vt 0.375000 0.824877
vt 0.392904 0.803667
vt 0.406550 0.780718
vt 0.416710 0.756475
vt 0.073323 0.792961
vt 0.064683 0.766270
vt 0.085328 0.818874
vt 0.101936 0.843582
vt 0.125000 0.866236
vt 0.156924 0.885315
vt 0.199384 0.898522
vt 0.250000 0.903316
vt 0.300616 0.898522
vt 0.343076 0.885315
vt 0.375000 0.866236
vt 0.398064 0.843582
vt 0.414672 0.818874
vt 0.426677 0.792961
vt 0.435317 0.766270
vt 0.050591 0.802318
vt 0.044247 0.773732
vt 0.059689 0.830681
vt 0.072967 0.858562
vt 0.093076 0.885315
vt 0.125000 0.909486
vt 0.176566 0.927945
vt 0.250000 0.935277
vt 0.323434 0.927945
vt 0.375000 0.909486
vt 0.406924 0.885315
vt 0.427033 0.858562
vt 0.440311 0.830681
vt 0.449409 0.802318
vt 0.455753 0.773732
vt 0.025840 0.808172
vt 0.022471 0.778386
vt 0.030785 0.838175
vt 0.038309 0.868368
vt 0.050616 0.898522
vt 0.073433 0.927945
vt 0.125000 0.954261
vt 0.250000 0.967554
vt 0.375000 0.954261
vt 0.426566 0.927945
vt 0.449384 0.898522
vt 0.461691 0.868368
vt 0.469215 0.838175
vt 0.474160 0.808172
vt 0.477529 0.778386
vt 0.000000 0.810151
vt 0.000000 0.779960
vt 0.000000 0.840731
vt 0.000000 0.871783
vt 0.000000 0.903316
vt 0.000000 0.935277
vt 0.000000 0.967554
vt 0.500000 1.000000
vt 0.500000 0.967554
vt 0.500000 0.935277
vt 0.500000 0.903316
vt 0.500000 0.871783
vt 0.500000 0.840731
vt 0.500000 0.810151
vt 0.500000 0.779960
vt 1.000000 0.779960
vt 1.000000 0.810151
vt 0.974160 0.808172
vt 0.977529 0.778386
vt 1.000000 0.840731
vt 0.969214 0.838175
vt 1.000000 0.871783
vt 0.961691 0.868368
vt 1.000000 0.903316
vt 0.949384 0.898522
vt 1.000000 0.935277
vt 0.926566 0.927945
vt 1.000000 0.967554
vt 0.875000 0.954261
vt 0.750000 0.967554
vt 0.625000 0.954261
vt 0.573434 0.927945
vt 0.550616 0.898522
vt 0.538309 0.868368
vt 0.530786 0.838175
vt 0.525840 0.808172
vt 0.522471 0.778386
vt 0.949409 0.802318
vt 0.955753 0.773732
vt 0.940311 0.830681
vt 0.927033 0.858562
vt 0.906924 0.885315
vt 0.875000 0.909486
vt 0.823434 0.927945
vt 0.750000 0.935277
vt 0.676567 0.927945
vt 0.625000 0.909486
vt 0.593076 0.885315
vt 0.572967 0.858562
vt 0.559689 0.830681
vt 0.550591 0.802318
vt 0.544247 0.773732
vt 0.926677 0.792961
vt 0.935317 0.766270
vt 0.914672 0.818874
vt 0.898064 0.843582
vt 0.875000 0.866236
vt 0.843076 0.885315
vt 0.800616 0.898522
vt 0.750000 0.903316
vt 0.699384 0.898522
vt 0.656924 0.885315
vt 0.625000 0.866236
vt 0.601936 0.843582
vt 0.585328 0.818874
vt 0.573323 0.792961
vt 0.564683 0.766270
vt 0.906550 0.780718
vt 0.916710 0.756475
vt 0.892904 0.803667
vt 0.875000 0.824877
vt 0.851936 0.843582
vt 0.822967 0.858562
vt 0.788309 0.868368
vt 0.750000 0.871783
vt 0.711691 0.868368
vt 0.677033 0.858562
vt 0.648064 0.843582
vt 0.625000 0.824877
vt 0.607096 0.803667
vt 0.593450 0.780718
vt 0.583290 0.756475
vt 0.889285 0.766250
vt 0.900251 0.744906
vt 0.875000 0.785946
vt 0.857096 0.803667
vt 0.835328 0.818874
vt 0.809689 0.830681
vt 0.780786 0.838175
vt 0.750000 0.840731
vt 0.719215 0.838175
vt 0.690311 0.830681
vt 0.664672 0.818874
vt 0.642904 0.803667
vt 0.625000 0.785946
vt 0.610715 0.766251
vt 0.599749 0.744906
vt 0.875000 0.749964
vt 0.886243 0.732074
vt 0.860715 0.766251
vt 0.843450 0.780718
vt 0.823323 0.792961
vt 0.800591 0.802318
vt 0.775840 0.808172
vt 0.750000 0.810151
vt 0.724160 0.808172
vt 0.699409 0.802318
vt 0.676677 0.792961
vt 0.656550 0.780718
vt 0.639285 0.766251
vt 0.625000 0.749964
vt 0.613757 0.732074
vt 0.863757 0.732074
vt 0.875000 0.718179
vt 0.849749 0.744906
vt 0.833290 0.756475
vt 0.814683 0.766270
vt 0.794247 0.773732
vt 0.772471 0.778386
vt 0.750000 0.779960
vt 0.727529 0.778386
vt 0.705753 0.773732
vt 0.685317 0.766270
vt 0.666710 0.756475
vt 0.650251 0.744906
vt 0.636243 0.732074
vt 0.625000 0.718179
vt 0.116605 0.703485
vt 0.383395 0.703485
vt 0.394302 0.712328
vt 0.408159 0.722030
vt 0.423961 0.731144
vt 0.441388 0.738963
vt 0.460139 0.744956
vt 0.479831 0.748719
vt 0.500000 0.750000
vt 0.520169 0.748719
vt 0.539861 0.744956
vt 0.558612 0.738963
vt 0.576039 0.731144
vt 0.591841 0.722030
vt 0.605698 0.712328
vt 0.616605 0.703485
vt 0.883395 0.703485
vt 0.894302 0.712328
vt 0.908159 0.722030
vt 0.923961 0.731144
vt 0.941388 0.738963
vt 0.960139 0.744956
vt 0.979831 0.748719
vt 1.000000 0.750000
vt 0.020169 0.748719
vt 0.000000 0.750000
vt 0.039861 0.744956
vt 0.058612 0.738963
vt 0.076039 0.731144
vt 0.091841 0.722030
vt 0.105698 0.712328
vt 0.886521 0.315616
vt 0.899252 0.309548
vt 0.902026 0.333313
vt 0.888294 0.337429
vt 0.913337 0.302346
vt 0.916521 0.328015
vt 0.928796 0.295214
vt 0.931881 0.322486
vt 0.945449 0.288964
vt 0.948085 0.317517
vt 0.963070 0.284111
vt 0.964986 0.313587
vt 0.981365 0.281025
vt 0.982372 0.311043
vt 1.000000 0.279960
vt 1.000000 0.310151
vt 0.000000 0.279960
vt 0.018635 0.281025
vt 0.017628 0.311043
vt 0.000000 0.310151
vt 0.036931 0.284111
vt 0.035014 0.313587
vt 0.054551 0.288964
vt 0.051915 0.317517
vt 0.071204 0.295214
vt 0.068119 0.322486
vt 0.086663 0.302346
vt 0.083479 0.328015
vt 0.100748 0.309549
vt 0.097974 0.333313
vt 0.113479 0.315616
vt 0.111706 0.337430
vt 0.903549 0.358706
vt 0.889152 0.361571
vt 0.918383 0.354811
vt 0.933770 0.350590
vt 0.949742 0.346698
vt 0.966207 0.343552
vt 0.983016 0.341474
vt 1.000000 0.340732
vt 0.016984 0.341474
vt 0.000000 0.340732
vt 0.033793 0.343552
vt 0.050258 0.346698
vt 0.066230 0.350590
vt 0.081617 0.354811
vt 0.096451 0.358706
vt 0.110848 0.361571
vt 0.904353 0.385444
vt 0.889590 0.387497
vt 0.919419 0.382603
vt 0.934872 0.379462
vt 0.950735 0.376494
vt 0.966949 0.374039
vt 0.983411 0.372384
vt 1.000000 0.371783
vt 0.016589 0.372384
vt 0.000000 0.371783
vt 0.033051 0.374039
vt 0.049265 0.376494
vt 0.065128 0.379462
vt 0.080581 0.382603
vt 0.095647 0.385444
vt 0.110410 0.387497
vt 0.904787 0.413238
vt 0.889824 0.414666
vt 0.919988 0.411245
vt 0.935486 0.409010
vt 0.951291 0.406850
vt 0.967365 0.405027
vt 0.983632 0.403777
vt 1.000000 0.403316
vt 0.016368 0.403777
vt 0.000000 0.403316
vt 0.032635 0.405027
vt 0.048709 0.406850
vt 0.064514 0.409010
vt 0.080012 0.411245
vt 0.095213 0.413239
vt 0.110176 0.414666
vt 0.904997 0.441787
vt 0.889937 0.442692
vt 0.920262 0.440515
vt 0.935781 0.439072
vt 0.951558 0.437652
vt 0.967564 0.436435
vt 0.983738 0.435590
vt 1.000000 0.435277
vt 0.016262 0.435590
vt 0.000000 0.435277
vt 0.032436 0.436435
vt 0.048442 0.437652
vt 0.064219 0.439072
vt 0.079738 0.440515
vt 0.095003 0.441787
vt 0.110063 0.442692
vt 0.905068 0.470794
vt 0.889976 0.471234
vt 0.920355 0.470172
vt 0.935880 0.469461
vt 0.951648 0.468753
vt 0.967631 0.468141
vt 0.983773 0.467714
vt 1.000000 0.467554
vt 0.016227 0.467714
vt 0.000000 0.467554
vt 0.032369 0.468141
vt 0.048352 0.468753
vt 0.064120 0.469461
vt 0.079645 0.470172
vt 0.094932 0.470794
vt 0.110024 0.471234
vt 0.905076 0.500000
vt 0.889980 0.500000
vt 0.920366 0.500000
vt 0.935892 0.500000
vt 0.951658 0.500000
vt 0.967638 0.500000
vt 0.983777 0.500000
vt 1.000000 0.500000
vt 0.016223 0.500000
vt 0.000000 0.500000
vt 0.032362 0.500000
vt 0.048342 0.500000
vt 0.064108 0.500000
vt 0.079634 0.500000
vt 0.094924 0.500000
vt 0.110020 0.500000
vt 0.905068 0.529206
vt 0.889976 0.528766
vt 0.920355 0.529828
vt 0.935880 0.530539
vt 0.951648 0.531247
vt 0.967631 0.531859
vt 0.983773 0.532286
vt 1.000000 0.532446
vt 0.016227 0.532286
vt 0.000000 0.532446
vt 0.032369 0.531859
vt 0.048352 0.531247
vt 0.064120 0.530539
vt 0.079645 0.529828
vt 0.094932 0.529206
vt 0.110024 0.528766
vt 0.904997 0.558213
vt 0.889937 0.557308
vt 0.920262 0.559485
vt 0.935781 0.560928
vt 0.951558 0.562348
vt 0.967564 0.563565
vt 0.983738 0.564410
vt 1.000000 0.564723
vt 0.016262 0.564410
vt 0.000000 0.564723
vt 0.032436 0.563565
vt 0.048442 0.562348
vt 0.064219 0.560928
vt 0.079738 0.559485
vt 0.095003 0.558213
vt 0.110063 0.557309
vt 0.904787 0.586761
vt 0.889824 0.585334
vt 0.919988 0.588755
vt 0.935486 0.590990
vt 0.951291 0.593150
vt 0.967365 0.594973
vt 0.983632 0.596223
vt 1.000000 0.596684
vt 0.016368 0.596223
vt 0.000000 0.596684
vt 0.032635 0.594973
vt 0.048709 0.593150
vt 0.064514 0.590990
vt 0.080012 0.588755
vt 0.095213 0.586762
vt 0.110176 0.585334
vt 0.904353 0.614556
vt 0.889590 0.612503
vt 0.919419 0.617397
vt 0.934872 0.620538
vt 0.950735 0.623506
vt 0.966949 0.625961
vt 0.983411 0.627616
vt 1.000000 0.628217
vt 0.016589 0.627616
vt 0.000000 0.628217
vt 0.033051 0.625961
vt 0.049265 0.623506
vt 0.065128 0.620538
vt 0.080581 0.617397
vt 0.095647 0.614556
vt 0.110410 0.612503
vt 0.903549 0.641294
vt 0.889152 0.638429
vt 0.918383 0.645189
vt 0.933770 0.649410
vt 0.949742 0.653302
vt 0.966207 0.656448
vt 0.983016 0.658526
vt 1.000000 0.659269
vt 0.016984 0.658526
vt 0.000000 0.659269
vt 0.033793 0.656448
vt 0.050258 0.653302
vt 0.066230 0.649410
vt 0.081617 0.645189
vt 0.096451 0.641294
vt 0.110848 0.638429
vt 0.902026 0.666687
vt 0.888294 0.662570
vt 0.916521 0.671985
vt 0.931881 0.677514
vt 0.948085 0.682483
vt 0.964986 0.686413
vt 0.982372 0.688957
vt 1.000000 0.689849
vt 0.017628 0.688957
vt 0.000000 0.689849
vt 0.035014 0.686413
vt 0.051915 0.682483
vt 0.068119 0.677514
vt 0.083479 0.671985
vt 0.097974 0.666687
vt 0.111706 0.662571
vt 0.899252 0.690451
vt 0.886521 0.684384
vt 0.913337 0.697654
vt 0.928796 0.704786
vt 0.945449 0.711036
vt 0.963070 0.715889
vt 0.981365 0.718975
vt 1.000000 0.720040
vt 0.018635 0.718975
vt 0.000000 0.720040
vt 0.036930 0.715889
vt 0.054551 0.711036
vt 0.071204 0.704786
vt 0.086663 0.697654
vt 0.100748 0.690452
vt 0.113479 0.684384
vt 0.386521 0.315616
vt 0.399252 0.309549
vt 0.402026 0.333313
vt 0.388294 0.337430
vt 0.413337 0.302346
vt 0.416521 0.328015
vt 0.428796 0.295214
vt 0.431881 0.322486
vt 0.445449 0.288964
vt 0.448085 0.317517
vt 0.463069 0.284111
vt 0.464986 0.313587
vt 0.481365 0.281025
vt 0.482372 0.311043
vt 0.500000 0.279960
vt 0.500000 0.310151
vt 0.518635 0.281025
vt 0.517628 0.311043
vt 0.536930 0.284111
vt 0.535014 0.313587
vt 0.554551 0.288964
vt 0.551915 0.317517
vt 0.571204 0.295214
vt 0.568119 0.322486
vt 0.586663 0.302346
vt 0.583479 0.328015
vt 0.600748 0.309549
vt 0.597974 0.333313
vt 0.613479 0.315616
vt 0.611706 0.337429
vt 0.403549 0.358706
vt 0.389152 0.361571
vt 0.418383 0.354811
vt 0.433770 0.350590
vt 0.449742 0.346698
vt 0.466207 0.343552
vt 0.483016 0.341474
vt 0.500000 0.340732
vt 0.516984 0.341474
vt 0.533793 0.343552
vt 0.550258 0.346698
vt 0.566230 0.350590
vt 0.581617 0.354811
vt 0.596451 0.358706
vt 0.610848 0.361571
vt 0.404353 0.385444
vt 0.389590 0.387497
vt 0.419419 0.382603
vt 0.434872 0.379462
vt 0.450735 0.376494
vt 0.466949 0.374039
vt 0.483411 0.372384
vt 0.500000 0.371783
vt 0.516589 0.372384
vt 0.533051 0.374039
vt 0.549265 0.376494
vt 0.565128 0.379462
vt 0.580581 0.382603
vt 0.595647 0.385444
vt 0.610410 0.387497
vt 0.404787 0.413239
vt 0.389824 0.414666
vt 0.419988 0.411245
vt 0.435486 0.409010
vt 0.451291 0.406850
vt 0.467365 0.405027
vt 0.483632 0.403777
vt 0.500000 0.403316
vt 0.516368 0.403777
vt 0.532635 0.405027
vt 0.548709 0.406850
vt 0.564514 0.409010
vt 0.580012 0.411245
vt 0.595213 0.413238
vt 0.610176 0.414666
vt 0.404997 0.441787
vt 0.389937 0.442692
vt 0.420262 0.440515
vt 0.435781 0.439072
vt 0.451558 0.437652
vt 0.467564 0.436435
vt 0.483738 0.435590
vt 0.500000 0.435277
vt 0.516262 0.435590
vt 0.532436 0.436435
vt 0.548442 0.437652
vt 0.564219 0.439072
vt 0.579738 0.440515
vt 0.595003 0.441787
vt 0.610063 0.442692
vt 0.405068 0.470794
vt 0.389976 0.471234
vt 0.420355 0.470172
vt 0.435880 0.469461
vt 0.451648 0.468753
vt 0.467631 0.468141
vt 0.483773 0.467714
vt 0.500000 0.467554
vt 0.516227 0.467714
vt 0.532369 0.468141
vt 0.548352 0.468753
vt 0.564120 0.469461
vt 0.579645 0.470172
vt 0.594932 0.470794
vt 0.610024 0.471234
vt 0.405076 0.500000
vt 0.389980 0.500000
vt 0.420366 0.500000
vt 0.435892 0.500000
vt 0.451658 0.500000
vt 0.467638 0.500000
vt 0.483777 0.500000
vt 0.500000 0.500000
vt 0.516223 0.500000
vt 0.532362 0.500000
vt 0.548342 0.500000
vt 0.564108 0.500000
vt 0.579634 0.500000
vt 0.594924 0.500000
vt 0.610020 0.500000
vt 0.405068 0.529206
vt 0.389976 0.528766
vt 0.420355 0.529828
vt 0.435880 0.530539
vt 0.451648 0.531247
vt 0.467631 0.531859
vt 0.483773 0.532286
vt 0.500000 0.532446
vt 0.516227 0.532286
vt 0.532369 0.531859
vt 0.548352 0.531247
vt 0.564120 0.530539
vt 0.579645 0.529828
vt 0.594932 0.529206
vt 0.610024 0.528766
vt 0.404997 0.558213
vt 0.389937 0.557309
vt 0.420262 0.559485
vt 0.435781 0.560928
vt 0.451558 0.562348
vt 0.467564 0.563565
vt 0.483738 0.564410
vt 0.500000 0.564723
vt 0.516262 0.564410
vt 0.532436 0.563565
vt 0.548442 0.562348
vt 0.564219 0.560928
vt 0.579738 0.559485
vt 0.595003 0.558213
vt 0.610063 0.557309
vt 0.404787 0.586762
vt 0.389824 0.585334
vt 0.419988 0.588755
vt 0.435486 0.590990
vt 0.451291 0.593150
vt 0.467365 0.594973
vt 0.483632 0.596223
vt 0.500000 0.596684
vt 0.516368 0.596223
vt 0.532635 0.594973
vt 0.548709 0.593150
vt 0.564514 0.590990
vt 0.580012 0.588755
vt 0.595213 0.586762
vt 0.610176 0.585334
vt 0.404353 0.614556
vt 0.389590 0.612503
vt 0.419419 0.617397
vt 0.434872 0.620538
vt 0.450735 0.623506
vt 0.466949 0.625961
vt 0.483411 0.627616
vt 0.500000 0.628217
vt 0.516589 0.627616
vt 0.533051 0.625961
vt 0.549265 0.623506
vt 0.565128 0.620538
vt 0.580581 0.617397
vt 0.595647 0.614556
vt 0.610410 0.612503
vt 0.403549 0.641294
vt 0.389152 0.638429
vt 0.418383 0.645189
vt 0.433770 0.649410
vt 0.449742 0.653302
vt 0.466207 0.656448
vt 0.483016 0.658526
vt 0.500000 0.659269
vt 0.516984 0.658526
vt 0.533793 0.656448
vt 0.550258 0.653302
vt 0.566230 0.649410
vt 0.581617 0.645189
vt 0.596451 0.641294
vt 0.610848 0.638429
vt 0.402026 0.666687
vt 0.388294 0.662571
vt 0.416521 0.671985
vt 0.431881 0.677514
vt 0.448085 0.682483
vt 0.464986 0.686413
vt 0.482372 0.688957
vt 0.500000 0.689849
vt 0.517628 0.688957
vt 0.535014 0.686413
vt 0.551915 0.682483
vt 0.568119 0.677514
vt 0.583479 0.671985
vt 0.597974 0.666687
vt 0.611706 0.662571
vt 0.399252 0.690452
vt 0.386521 0.684384
vt 0.413337 0.697654
vt 0.428796 0.704786
vt 0.445449 0.711036
vt 0.463070 0.715889
vt 0.481365 0.718975
vt 0.500000 0.720040
vt 0.518635 0.718975
vt 0.536931 0.715889
vt 0.554551 0.711036
vt 0.571204 0.704786
vt 0.586663 0.697654
vt 0.600748 0.690452
vt 0.613479 0.684384
s 0
f 189/1/1 190/2/1 205/3/1 204/4/1
f 190/2/2 191/5/2 206/6/2 205/3/2
f 191/5/3 192/7/3 207/8/3 206/6/3
f 192/7/4 193/9/4 208/10/4 207/8/4
f 193/9/5 194/11/5 209/12/5 208/10/5
f 194/11/6 195/13/6 210/14/6 209/12/6
f 195/13/7 196/15/7 211/16/7 210/14/7
f 196/15/8 197/17/8 212/18/8 211/16/8
f 197/17/9 198/19/9 213/20/9 212/18/9
f 198/19/10 199/21/10 214/22/10 213/20/10
f 199/21/11 200/23/11 215/24/11 214/22/11
f 200/23/12 201/25/12 216/26/12 215/24/12
f 201/25/13 202/27/13 217/28/13 216/26/13
f 202/27/14 203/29/14 218/30/14 217/28/14
f 204/4/15 205/3/15 220/31/15 219/32/15
f 205/3/16 206/6/16 221/33/16 220/31/16
f 206/6/17 207/8/17 222/34/17 221/33/17
f 207/8/18 208/10/18 223/35/18 222/34/18
f 208/10/19 209/12/19 224/36/19 223/35/19
f 209/12/20 210/14/20 225/37/20 224/36/20
f 210/14/21 211/16/21 226/38/21 225/37/21
f 211/16/22 212/18/22 227/39/22 226/38/22
f 212/18/23 213/20/23 228/40/23 227/39/23
f 213/20/24 214/22/24 229/41/24 228/40/24
f 214/22/25 215/24/25 230/42/25 229/41/25
f 215/24/26 216/26/26 231/43/26 230/42/26
f 216/26/27 217/28/27 232/44/27 231/43/27
f 217/28/28 218/30/28 233/45/28 232/44/28
f 219/32/29 220/31/29 235/46/29 234/47/29
f 220/31/30 221/33/30 236/48/30 235/46/30
f 221/33/31 222/34/31 237/49/31 236/48/31
f 222/34/32 223/35/32 238/50/32 237/49/32
f 223/35/33 224/36/33 239/51/33 238/50/33
f 224/36/34 225/37/34 240/52/34 239/51/34
f 225/37/35 226/38/35 241/53/35 240/52/35
f 226/38/36 227/39/36 242/54/36 241/53/36
f 227/39/37 228/40/37 243/55/37 242/54/37
f 228/40/38 229/41/38 244/56/38 243/55/38
f 229/41/39 230/42/39 245/57/39 244/56/39
f 230/42/40 231/43/40 246/58/40 245/57/40
f 231/43/41 232/44/41 247/59/41 246/58/41
f 232/44/42 233/45/42 248/60/42 247/59/42
f 234/47/43 235/46/43 250/61/43 249/62/43
f 235/46/44 236/48/44 251/63/44 250/61/44
f 236/48/45 237/49/45 252/64/45 251/63/45
f 237/49/46 238/50/46 253/65/46 252/64/46
f 238/50/47 239/51/47 254/66/47 253/65/47
f 239/51/48 240/52/48 255/67/48 254/66/48
f 240/52/49 241/53/49 256/68/49 255/67/49
f 241/53/50 242/54/50 257/69/50 256/68/50
f 242/54/51 243/55/51 258/70/51 257/69/51
f 243/55/52 244/56/52 259/71/52 258/70/52
f 244/56/53 245/57/53 260/72/53 259/71/53
f 245/57/54 246/58/54 261/73/54 260/72/54
f 246/58/55 247/59/55 262/74/55 261/73/55
f 247/59/56 248/60/56 263/75/56 262/74/56
f 249/62/57 250/61/57 265/76/57 264/77/57
f 250/61/58 251/63/58 266/78/58 265/76/58
f 251/63/59 252/64/59 267/79/59 266/78/59
f 252/64/60 253/65/60 268/80/60 267/79/60
f 253/65/61 254/66/61 269/81/61 268/80/61
f 254/66/62 255/67/62 270/82/62 269/81/62
f 255/67/63 256/68/63 271/83/63 270/82/63
f 256/68/64 257/69/64 272/84/64 271/83/64
f 257/69/65 258/70/65 273/85/65 272/84/65
f 258/70/66 259/71/66 274/86/66 273/85/66
f 259/71/67 260/72/67 275/87/67 274/86/67
f 260/72/68 261/73/68 276/88/68 275/87/68
f 261/73/69 262/74/69 277/89/69 276/88/69
f 262/74/70 263/75/70 278/90/70 277/89/70
f 264/77/71 265/76/71 280/91/71 279/92/71
f 265/76/72 266/78/72 281/93/72 280/91/72
f 266/78/73 267/79/73 282/94/73 281/93/73
f 267/79/74 268/80/74 283/95/74 282/94/74
f 268/80/75 269/81/75 284/96/75 283/95/75
f 269/81/76 270/82/76 285/97/76 284/96/76
f 270/82/77 271/83/77 286/98/77 285/97/77
f 271/83/78 272/84/78 287/99/78 286/98/78
f 272/84/79 273/85/79 288/100/79 287/99/79
f 273/85/80 274/86/80 289/101/80 288/100/80
f 274/86/81 275/87/81 290/102/81 289/101/81
f 275/87/82 276/88/82 291/103/82 290/102/82
f 276/88/83 277/89/83 292/104/83 291/103/83
f 277/89/84 278/90/84 293/105/84 292/104/84
f 279/92/85 280/91/85 295/106/85 294/107/85
f 280/91/86 281/93/86 296/108/86 295/106/86
f 281/93/87 282/94/87 297/109/87 296/108/87
f 282/94/88 283/95/88 298/110/88 297/109/88
f 283/95/89 284/96/89 299/111/89 298/110/89
f 284/96/90 285/97/90 300/112/90 299/111/90
f 285/97/91 286/98/91 301/113/91 300/112/91
f 286/98/92 287/99/92 302/114/92 301/113/92
f 287/99/93 288/100/93 303/115/93 302/114/93
f 288/100/94 289/101/94 304/116/94 303/115/94
f 289/101/95 290/102/95 305/117/95 304/116/95
f 290/102/96 291/103/96 306/118/96 305/117/96
f 291/103/97 292/104/97 307/119/97 306/118/97
f 292/104/98 293/105/98 308/120/98 307/119/98
f 294/107/99 295/106/99 310/121/99 309/122/99
f 295/106/100 296/108/100 311/123/100 310/121/100
f 296/108/101 297/109/101 312/124/101 311/123/101
f 297/109/102 298/110/102 313/125/102 312/124/102
f 298/110/103 299/111/103 314/126/103 313/125/103
f 299/111/104 300/112/104 315/127/104 314/126/104
f 300/112/105 301/113/105 316/128/105 315/127/105
f 301/113/106 302/114/106 317/129/106 316/128/106
f 302/114/107 303/115/107 318/130/107 317/129/107
f 303/115/108 304/116/108 319/131/108 318/130/108
f 304/116/109 305/117/109 320/132/109 319/131/109
f 305/117/110 306/118/110 321/133/110 320/132/110
f 306/118/111 307/119/111 322/134/111 321/133/111
f 307/119/112 308/120/112 323/135/112 322/134/112
f 309/122/113 310/121/113 325/136/113 324/137/113
f 310/121/114 311/123/114 326/138/114 325/136/114
f 311/123/115 312/124/115 327/139/115 326/138/115
f 312/124/116 313/125/116 328/140/116 327/139/116
f 313/125/117 314/126/117 329/141/117 328/140/117
f 314/126/118 315/127/118 330/142/118 329/141/118
f 315/127/119 316/128/119 331/143/119 330/142/119
f 316/128/120 317/129/120 332/144/120 331/143/120
f 317/129/121 318/130/121 333/145/121 332/144/121
f 318/130/122 319/131/122 334/146/122 333/145/122
f 319/131/123 320/132/123 335/147/123 334/146/123
f 320/132/124 321/133/124 336/148/124 335/147/124
f 321/133/125 322/134/125 337/149/125 336/148/125
f 322/134/126 323/135/126 338/150/126 337/149/126
f 324/137/127 325/136/127 340/151/127 339/152/127
f 325/136/128 326/138/128 341/153/128 340/151/128
f 326/138/129 327/139/129 342/154/129 341/153/129
f 327/139/130 328/140/130 343/155/130 342/154/130
f 328/140/131 329/141/131 344/156/131 343/155/131
f 329/141/132 330/142/132 345/157/132 344/156/132
f 330/142/133 331/143/133 346/158/133 345/157/133
f 331/143/134 332/144/134 347/159/134 346/158/134
f 332/144/135 333/145/135 348/160/135 347/159/135
f 333/145/136 334/146/136 349/161/136 348/160/136
f 334/146/137 335/147/137 350/162/137 349/161/137
f 335/147/138 336/148/138 351/163/138 350/162/138
f 336/148/139 337/149/139 352/164/139 351/163/139
f 337/149/140 338/150/140 353/165/140 352/164/140
f 339/152/141 340/151/141 355/166/141 354/167/141
f 340/151/142 341/153/142 356/168/142 355/166/142
f 341/153/143 342/154/143 357/169/143 356/168/143
f 342/154/144 343/155/144 358/170/144 357/169/144
f 343/155/145 344/156/145 359/171/145 358/170/145
f 344/156/146 345/157/146 360/172/146 359/171/146
f 345/157/147 346/158/147 361/173/147 360/172/147
f 346/158/148 347/159/148 362/174/148 361/173/148
f 347/159/149 348/160/149 363/175/149 362/174/149
f 348/160/150 349/161/150 364/176/150 363/175/150
f 349/161/151 350/162/151 365/177/151 364/176/151
f 350/162/152 351/163/152 366/178/152 365/177/152
f 351/163/153 352/164/153 367/179/153 366/178/153
f 352/164/154 353/165/154 368/180/154 367/179/154
f 354/167/155 355/166/155 370/181/155 369/182/155
f 355/166/156 356/168/156 371/183/156 370/181/156
f 356/168/157 357/169/157 372/184/157 371/183/157
f 357/169/158 358/170/158 373/185/158 372/184/158
f 358/170/159 359/171/159 374/186/159 373/185/159
f 359/171/160 360/172/160 375/187/160 374/186/160
f 360/172/161 361/173/161 376/188/161 375/187/161
f 361/173/162 362/174/162 377/189/162 376/188/162
f 362/174/163 363/175/163 378/190/163 377/189/163
f 363/175/164 364/176/164 379/191/164 378/190/164
f 364/176/165 365/177/165 380/192/165 379/191/165
f 365/177/166 366/178/166 381/193/166 380/192/166
f 366/178/167 367/179/167 382/194/167 381/193/167
f 367/179/168 368/180/168 383/195/168 382/194/168
f 369/182/169 370/181/169 385/196/169 384/197/169
f 370/181/170 371/183/170 386/198/170 385/196/170
f 371/183/171 372/184/171 387/199/171 386/198/171
f 372/184/172 373/185/172 388/200/172 387/199/172
f 373/185/173 374/186/173 389/201/173 388/200/173
f 374/186/174 375/187/174 390/202/174 389/201/174
f 375/187/175 376/188/175 391/203/175 390/202/175
f 376/188/176 377/189/176 392/204/176 391/203/176
f 377/189/177 378/190/177 393/205/177 392/204/177
f 378/190/178 379/191/178 394/206/178 393/205/178
f 379/191/179 380/192/179 395/207/179 394/206/179
f 380/192/180 381/193/180 396/208/180 395/207/180
f 381/193/181 382/194/181 397/209/181 396/208/181
f 382/194/182 383/195/182 398/210/182 397/209/182
f 384/197/183 385/196/183 400/211/183 399/212/183
f 385/196/184 386/198/184 401/213/184 400/211/184
f 386/198/185 387/199/185 402/214/185 401/213/185
f 387/199/186 388/200/186 403/215/186 402/214/186
f 388/200/187 389/201/187 404/216/187 403/215/187
f 389/201/188 390/202/188 405/217/188 404/216/188
f 390/202/189 391/203/189 406/218/189 405/217/189
f 391/203/190 392/204/190 407/219/190 406/218/190
f 392/204/191 393/205/191 408/220/191 407/219/191
f 393/205/192 394/206/192 409/221/192 408/220/192
f 394/206/193 395/207/193 410/222/193 409/221/193
f 395/207/194 396/208/194 411/223/194 410/222/194
f 396/208/195 397/209/195 412/224/195 411/223/195
f 397/209/196 398/210/196 413/225/196 412/224/196
f 1/226/197 24/227/197 189/1/197 23/228/197
f 24/227/198 25/229/198 190/2/198 189/1/198
f 25/229/199 26/230/199 191/5/199 190/2/199
f 26/230/200 27/231/200 192/7/200 191/5/200
f 27/231/201 28/232/201 193/9/201 192/7/201
f 28/232/202 29/233/202 194/11/202 193/9/202
f 29/233/203 30/234/203 195/13/203 194/11/203
f 30/234/204 31/235/204 196/15/204 195/13/204
f 31/235/205 32/236/205 197/17/205 196/15/205
f 32/236/206 33/237/206 198/19/206 197/17/206
f 33/237/207 34/238/207 199/21/207 198/19/207
f 34/238/208 35/239/208 200/23/208 199/21/208
f 35/239/209 36/240/209 201/25/209 200/23/209
f 36/240/210 37/241/210 202/27/210 201/25/210
f 37/241/211 38/242/211 203/29/211 202/27/211
f 38/242/212 2/243/212 39/244/212 203/29/212
f 203/29/213 39/244/213 40/245/213 218/30/213
f 218/30/214 40/245/214 41/246/214 233/45/214
f 233/45/215 41/246/215 42/247/215 248/60/215
f 248/60/216 42/247/216 43/248/216 263/75/216
f 263/75/217 43/248/217 44/249/217 278/90/217
f 278/90/218 44/249/218 45/250/218 293/105/218
f 293/105/219 45/250/219 46/251/219 308/120/219
f 308/120/220 46/251/220 47/252/220 323/135/220
f 323/135/221 47/252/221 48/253/221 338/150/221
f 338/150/222 48/253/222 49/254/222 353/165/222
f 353/165/223 49/254/223 50/255/223 368/180/223
f 368/180/224 50/255/224 51/256/224 383/195/224
f 383/195/225 51/256/225 52/257/225 398/210/225
f 398/210/226 52/257/226 53/258/226 413/225/226
f 413/225/227 53/258/227 4/259/227 54/260/227
f 412/224/228 413/225/228 54/260/228 55/261/228
f 411/223/229 412/224/229 55/261/229 56/262/229
f 410/222/230 411/223/230 56/262/230 57/263/230
f 409/221/231 410/222/231 57/263/231 58/264/231
f 408/220/232 409/221/232 58/264/232 59/265/232
f 407/219/233 408/220/233 59/265/233 60/266/233
f 406/218/234 407/219/234 60/266/234 61/267/234
f 405/217/235 406/218/235 61/267/235 62/268/235
f 404/216/236 405/217/236 62/268/236 63/269/236
f 403/215/237 404/216/237 63/269/237 64/270/237
f 402/214/238 403/215/238 64/270/238 65/271/238
f 401/213/239 402/214/239 65/271/239 66/272/239
f 400/211/240 401/213/240 66/272/240 67/273/240
f 399/212/241 400/211/241 67/273/241 68/274/241
f 9/275/242 399/212/242 68/274/242 3/276/242
f 10/277/243 384/197/243 399/212/243 9/275/243
f 11/278/244 369/182/244 384/197/244 10/277/244
f 12/279/245 354/167/245 369/182/245 11/278/245
f 13/280/246 339/152/246 354/167/246 12/279/246
f 14/281/247 324/137/247 339/152/247 13/280/247
f 15/282/248 309/122/248 324/137/248 14/281/248
f 16/283/249 294/107/249 309/122/249 15/282/249
f 17/284/250 279/92/250 294/107/250 16/283/250
f 18/285/251 264/77/251 279/92/251 17/284/251
f 19/286/252 249/62/252 264/77/252 18/285/252
f 20/287/253 234/47/253 249/62/253 19/286/253
f 21/288/254 219/32/254 234/47/254 20/287/254
f 22/289/255 204/4/255 219/32/255 21/288/255
f 23/228/256 189/1/256 204/4/256 22/289/256
f 414/290/257 415/291/257 430/292/257 429/293/257
f 415/291/258 416/294/258 431/295/258 430/292/258
f 416/294/259 417/296/259 432/297/259 431/295/259
f 417/296/260 418/298/260 433/299/260 432/297/260
f 418/298/261 419/300/261 434/301/261 433/299/261
f 419/300/262 420/302/262 435/303/262 434/301/262
f 420/302/263 421/304/263 436/305/263 435/303/263
f 421/304/264 422/306/264 437/307/264 436/305/264
f 422/306/265 423/308/265 438/309/265 437/307/265
f 423/308/266 424/310/266 439/311/266 438/309/266
f 424/310/267 425/312/267 440/313/267 439/311/267
f 425/312/268 426/314/268 441/315/268 440/313/268
f 426/314/269 427/316/269 442/317/269 441/315/269
f 427/316/270 428/318/270 443/319/270 442/317/270
f 429/293/271 430/292/271 445/320/271 444/321/271
f 430/292/272 431/295/272 446/322/272 445/320/272
f 431/295/273 432/297/273 447/323/273 446/322/273
f 432/297/274 433/299/274 448/324/274 447/323/274
f 433/299/275 434/301/275 449/325/275 448/324/275
f 434/301/276 435/303/276 450/326/276 449/325/276
f 435/303/277 436/305/277 451/327/277 450/326/277
f 436/305/278 437/307/278 452/328/278 451/327/278
f 437/307/279 438/309/279 453/329/279 452/328/279
f 438/309/280 439/311/280 454/330/280 453/329/280
f 439/311/281 440/313/281 455/331/281 454/330/281
f 440/313/282 441/315/282 456/332/282 455/331/282
f 441/315/283 442/317/283 457/333/283 456/332/283
f 442/317/284 443/319/284 458/334/284 457/333/284
f 444/321/285 445/320/285 460/335/285 459/336/285
f 445/320/286 446/322/286 461/337/286 460/335/286
f 446/322/287 447/323/287 462/338/287 461/337/287
f 447/323/288 448/324/288 463/339/288 462/338/288
f 448/324/289 449/325/289 464/340/289 463/339/289
f 449/325/290 450/326/290 465/341/290 464/340/290
f 450/326/291 451/327/291 466/342/291 465/341/291
f 451/327/292 452/328/292 467/343/292 466/342/292
f 452/328/293 453/329/293 468/344/293 467/343/293
f 453/329/294 454/330/294 469/345/294 468/344/294
f 454/330/295 455/331/295 470/346/295 469/345/295
f 455/331/296 456/332/296 471/347/296 470/346/296
f 456/332/297 457/333/297 472/348/297 471/347/297
f 457/333/298 458/334/298 473/349/298 472/348/298
f 459/336/299 460/335/299 475/350/299 474/351/299
f 460/335/300 461/337/300 476/352/300 475/350/300
f 461/337/301 462/338/301 477/353/301 476/352/301
f 462/338/302 463/339/302 478/354/302 477/353/302
f 463/339/303 464/340/303 479/355/303 478/354/303
f 464/340/304 465/341/304 480/356/304 479/355/304
f 465/341/305 466/342/305 481/357/305 480/356/305
f 466/342/306 467/343/306 482/358/306 481/357/306
f 467/343/307 468/344/307 483/359/307 482/358/307
f 468/344/308 469/345/308 484/360/308 483/359/308
f 469/345/309 470/346/309 485/361/309 484/360/309
f 470/346/310 471/347/310 486/362/310 485/361/310
f 471/347/311 472/348/311 487/363/311 486/362/311
f 472/348/312 473/349/312 488/364/312 487/363/312
f 474/351/313 475/350/313 490/365/313 489/366/313
f 475/350/314 476/352/314 491/367/314 490/365/314
f 476/352/315 477/353/315 492/368/315 491/367/315
f 477/353/316 478/354/316 493/369/316 492/368/316
f 478/354/317 479/355/317 494/370/317 493/369/317
f 479/355/318 480/356/318 495/371/318 494/370/318
f 480/356/319 481/357/319 496/372/319 495/371/319
f 481/357/320 482/358/320 497/373/320 496/372/320
f 482/358/321 483/359/321 498/374/321 497/373/321
f 483/359/322 484/360/322 499/375/322 498/374/322
f 484/360/323 485/361/323 500/376/323 499/375/323
f 485/361/324 486/362/324 501/377/324 500/376/324
f 486/362/325 487/363/325 502/378/325 501/377/325
f 487/363/326 488/364/326 503/379/326 502/378/326
f 489/366/327 490/365/327 505/380/327 504/381/327
f 490/365/328 491/367/328 506/382/328 505/380/328
f 491/367/329 492/368/329 507/383/329 506/382/329
f 492/368/330 493/369/330 508/384/330 507/383/330
f 493/369/331 494/370/331 509/385/331 508/384/331
f 494/370/332 495/371/332 510/386/332 509/385/332
f 495/371/333 496/372/333 511/387/333 510/386/333
f 496/372/334 497/373/334 512/388/334 511/387/334
f 497/373/335 498/374/335 513/389/335 512/388/335
f 498/374/336 499/375/336 514/390/336 513/389/336
f 499/375/337 500/376/337 515/391/337 514/390/337
f 500/376/338 501/377/338 516/392/338 515/391/338
f 501/377/339 502/378/339 517/393/339 516/392/339
f 502/378/340 503/379/340 518/394/340 517/393/340
f 504/381/341 505/380/341 520/395/341 519/396/341
f 505/380/342 506/382/342 521/397/342 520/395/342
f 506/382/343 507/383/343 522/398/343 521/397/343
f 507/383/344 508/384/344 523/399/344 522/398/344
f 508/384/345 509/385/345 524/400/345 523/399/345
f 509/385/346 510/386/346 525/401/346 524/400/346
f 510/386/347 511/387/347 526/402/347 525/401/347
f 511/387/348 512/388/348 527/403/348 526/402/348
f 512/388/349 513/389/349 528/404/349 527/403/349
f 513/389/350 514/390/350 529/405/350 528/404/350
f 514/390/351 515/391/351 530/406/351 529/405/351
f 515/391/352 516/392/352 531/407/352 530/406/352
f 516/392/353 517/393/353 532/408/353 531/407/353
f 517/393/354 518/394/354 533/409/354 532/408/354
f 519/410/355 520/411/355 535/412/355 534/413/355
f 520/411/356 521/414/356 536/415/356 535/412/356
f 521/414/357 522/416/357 537/417/357 536/415/357
f 522/416/358 523/418/358 538/419/358 537/417/358
f 523/418/359 524/420/359 539/421/359 538/419/359
f 524/420/360 525/422/360 540/423/360 539/421/360
f 525/422/361 526/402/361 541/424/361 540/423/361
f 526/402/362 527/403/362 542/425/362 541/424/362
f 527/403/363 528/404/363 543/426/363 542/425/363
f 528/404/364 529/405/364 544/427/364 543/426/364
f 529/405/365 530/406/365 545/428/365 544/427/365
f 530/406/366 531/407/366 546/429/366 545/428/366
f 531/407/367 532/408/367 547/430/367 546/429/367
f 532/408/368 533/409/368 548/431/368 547/430/368
f 534/413/369 535/412/369 550/432/369 549/433/369
f 535/412/370 536/415/370 551/434/370 550/432/370
f 536/415/371 537/417/371 552/435/371 551/434/371
f 537/417/372 538/419/372 553/436/372 552/435/372
f 538/419/373 539/421/373 554/437/373 553/436/373
f 539/421/374 540/423/374 555/438/374 554/437/374
f 540/423/375 541/424/375 556/439/375 555/438/375
f 541/424/376 542/425/376 557/440/376 556/439/376
f 542/425/377 543/426/377 558/441/377 557/440/377
f 543/426/378 544/427/378 559/442/378 558/441/378
f 544/427/379 545/428/379 560/443/379 559/442/379
f 545/428/380 546/429/380 561/444/380 560/443/380
f 546/429/381 547/430/381 562/445/381 561/444/381
f 547/430/382 548/431/382 563/446/382 562/445/382
f 549/433/383 550/432/383 565/447/383 564/448/383
f 550/432/384 551/434/384 566/449/384 565/447/384
f 551/434/385 552/435/385 567/450/385 566/449/385
f 552/435/386 553/436/386 568/451/386 567/450/386
f 553/436/387 554/437/387 569/452/387 568/451/387
f 554/437/388 555/438/388 570/453/388 569/452/388
f 555/438/389 556/439/389 571/454/389 570/453/389
f 556/439/390 557/440/390 572/455/390 571/454/390
f 557/440/391 558/441/391 573/456/391 572/455/391
f 558/441/392 559/442/392 574/457/392 573/456/392
f 559/442/393 560/443/393 575/458/393 574/457/393
f 560/443/394 561/444/394 576/459/394 575/458/394
f 561/444/395 562/445/395 577/460/395 576/459/395
f 562/445/396 563/446/396 578/461/396 577/460/396
f 564/448/397 565/447/397 580/462/397 579/463/397
f 565/447/398 566/449/398 581/464/398 580/462/398
f 566/449/399 567/450/399 582/465/399 581/464/399
f 567/450/400 568/451/400 583/466/400 582/465/400
f 568/451/401 569/452/401 584/467/401 583/466/401
f 569/452/402 570/453/402 585/468/402 584/467/402
f 570/453/403 571/454/403 586/469/403 585/468/403
f 571/454/404 572/455/404 587/470/404 586/469/404
f 572/455/405 573/456/405 588/471/405 587/470/405
f 573/456/406 574/457/406 589/472/406 588/471/406
f 574/457/407 575/458/407 590/473/407 589/472/407
f 575/458/408 576/459/408 591/474/408 590/473/408
f 576/459/409 577/460/409 592/475/409 591/474/409
f 577/460/410 578/461/410 593/476/410 592/475/410
f 579/463/411 580/462/411 595/477/411 594/478/411
f 580/462/412 581/464/412 596/479/412 595/477/412
f 581/464/413 582/465/413 597/480/413 596/479/413
f 582/465/414 583/466/414 598/481/414 597/480/414
f 583/466/415 584/467/415 599/482/415 598/481/415
f 584/467/416 585/468/416 600/483/416 599/482/416
f 585/468/417 586/469/417 601/484/417 600/483/417
f 586/469/418 587/470/418 602/485/418 601/484/418
f 587/470/419 588/471/419 603/486/419 602/485/419
f 588/471/420 589/472/420 604/487/420 603/486/420
f 589/472/421 590/473/421 605/488/421 604/487/421
f 590/473/422 591/474/422 606/489/422 605/488/422
f 591/474/423 592/475/423 607/490/423 606/489/423
f 592/475/424 593/476/424 608/491/424 607/490/424
f 594/478/425 595/477/425 610/492/425 609/493/425
f 595/477/426 596/479/426 611/494/426 610/492/426
f 596/479/427 597/480/427 612/495/427 611/494/427
f 597/480/428 598/481/428 613/496/428 612/495/428
f 598/481/429 599/482/429 614/497/429 613/496/429
f 599/482/430 600/483/430 615/498/430 614/497/430
f 600/483/431 601/484/431 616/499/431 615/498/431
f 601/484/432 602/485/432 617/500/432 616/499/432
f 602/485/433 603/486/433 618/501/433 617/500/433
f 603/486/434 604/487/434 619/502/434 618/501/434
f 604/487/435 605/488/435 620/503/435 619/502/435
f 605/488/436 606/489/436 621/504/436 620/503/436
f 606/489/437 607/490/437 622/505/437 621/504/437
f 607/490/438 608/491/438 623/506/438 622/505/438
f 609/493/439 610/492/439 625/507/439 624/508/439
f 610/492/440 611/494/440 626/509/440 625/507/440
f 611/494/441 612/495/441 627/510/441 626/509/441
f 612/495/442 613/496/442 628/511/442 627/510/442
f 613/496/443 614/497/443 629/512/443 628/511/443
f 614/497/444 615/498/444 630/513/444 629/512/444
f 615/498/445 616/499/445 631/514/445 630/513/445
f 616/499/446 617/500/446 632/515/446 631/514/446
f 617/500/447 618/501/447 633/516/447 632/515/447
f 618/501/448 619/502/448 634/517/448 633/516/448
f 619/502/449 620/503/449 635/518/449 634/517/449
f 620/503/450 621/504/450 636/519/450 635/518/450
f 621/504/451 622/505/451 637/520/451 636/519/451
f 622/505/452 623/506/452 638/521/452 637/520/452
f 3/276/453 68/274/453 414/290/453 83/522/453
f 68/274/454 67/273/454 415/291/454 414/290/454
f 67/273/455 66/272/455 416/294/455 415/291/455
f 66/272/456 65/271/456 417/296/456 416/294/456
f 65/271/457 64/270/457 418/298/457 417/296/457
f 64/270/458 63/269/458 419/300/458 418/298/458
f 63/269/459 62/268/459 420/302/459 419/300/459
f 62/268/460 61/267/460 421/304/460 420/302/460
f 61/267/461 60/266/461 422/306/461 421/304/461
f 60/266/462 59/265/462 423/308/462 422/306/462
f 59/265/463 58/264/463 424/310/463 423/308/463
f 58/264/464 57/263/464 425/312/464 424/310/464
f 57/263/465 56/262/465 426/314/465 425/312/465
f 56/262/466 55/261/466 427/316/466 426/314/466
f 55/261/467 54/260/467 428/318/467 427/316/467
f 54/260/468 4/259/468 84/523/468 428/318/468
f 428/318/469 84/523/469 85/524/469 443/319/469
f 443/319/470 85/524/470 86/525/470 458/334/470
f 458/334/471 86/525/471 87/526/471 473/349/471
f 473/349/472 87/526/472 88/527/472 488/364/472
f 488/364/473 88/527/473 89/528/473 503/379/473
f 503/379/474 89/528/474 90/529/474 518/394/474
f 518/394/475 90/529/475 91/530/475 533/409/475
f 533/409/476 91/530/476 92/531/476 548/431/476
f 548/431/477 92/531/477 93/532/477 563/446/477
f 563/446/478 93/532/478 94/533/478 578/461/478
f 578/461/479 94/533/479 95/534/479 593/476/479
f 593/476/480 95/534/480 96/535/480 608/491/480
f 608/491/481 96/535/481 97/536/481 623/506/481
f 623/506/482 97/536/482 98/537/482 638/521/482
f 638/521/483 98/537/483 8/538/483 99/539/483
f 637/520/484 638/521/484 99/539/484 100/540/484
f 636/519/485 637/520/485 100/540/485 101/541/485
f 635/518/486 636/519/486 101/541/486 102/542/486
f 634/517/487 635/518/487 102/542/487 103/543/487
f 633/516/488 634/517/488 103/543/488 104/544/488
f 632/515/489 633/516/489 104/544/489 105/545/489
f 631/514/490 632/515/490 105/545/490 106/546/490
f 630/513/491 631/514/491 106/546/491 107/547/491
f 629/512/492 630/513/492 107/547/492 108/548/492
f 628/511/493 629/512/493 108/548/493 109/549/493
f 627/510/494 628/511/494 109/549/494 110/550/494
f 626/509/495 627/510/495 110/550/495 111/551/495
f 625/507/496 626/509/496 111/551/496 112/552/496
f 624/508/497 625/507/497 112/552/497 113/553/497
f 69/554/498 624/508/498 113/553/498 7/555/498
f 70/556/499 609/493/499 624/508/499 69/554/499
f 71/557/500 594/478/500 609/493/500 70/556/500
f 72/558/501 579/463/501 594/478/501 71/557/501
f 73/559/502 564/448/502 579/463/502 72/558/502
f 74/560/503 549/433/503 564/448/503 73/559/503
f 75/561/504 534/413/504 549/433/504 74/560/504
f 76/562/505 519/410/505 534/413/505 75/561/505
f 77/563/506 504/381/506 519/396/506 76/564/506
f 78/565/507 489/366/507 504/381/507 77/563/507
f 79/566/508 474/351/508 489/366/508 78/565/508
f 80/567/509 459/336/509 474/351/509 79/566/509
f 81/568/510 444/321/510 459/336/510 80/567/510
f 82/569/511 429/293/511 444/321/511 81/568/511
f 83/522/512 414/290/512 429/293/512 82/569/512
f 639/570/513 640/571/513 655/572/513 654/573/513
f 640/571/514 641/574/514 656/575/514 655/572/514
f 641/574/515 642/576/515 657/577/515 656/575/515
f 642/576/516 643/578/516 658/579/516 657/577/516
f 643/578/517 644/580/517 659/581/517 658/579/517
f 644/580/518 645/582/518 660/583/518 659/581/518
f 645/582/519 646/584/519 661/585/519 660/583/519
f 646/584/520 647/586/520 662/587/520 661/585/520
f 647/586/521 648/588/521 663/589/521 662/587/521
f 648/588/522 649/590/522 664/591/522 663/589/522
f 649/590/523 650/592/523 665/593/523 664/591/523
f 650/592/524 651/594/524 666/595/524 665/593/524
f 651/594/525 652/596/525 667/597/525 666/595/525
f 652/596/526 653/598/526 668/599/526 667/597/526
f 654/573/527 655/572/527 670/600/527 669/601/527
f 655/572/528 656/575/528 671/602/528 670/600/528
f 656/575/529 657/577/529 672/603/529 671/602/529
f 657/577/530 658/579/530 673/604/530 672/603/530
f 658/579/531 659/581/531 674/605/531 673/604/531
f 659/581/532 660/583/532 675/606/532 674/605/532
f 660/583/533 661/585/533 676/607/533 675/606/533
f 661/585/534 662/587/534 677/608/534 676/607/534
f 662/587/535 663/589/535 678/609/535 677/608/535
f 663/589/536 664/591/536 679/610/536 678/609/536
f 664/591/537 665/593/537 680/611/537 679/610/537
f 665/593/538 666/595/538 681/612/538 680/611/538
f 666/595/539 667/597/539 682/613/539 681/612/539
f 667/597/540 668/599/540 683/614/540 682/613/540
f 669/601/541 670/600/541 685/615/541 684/616/541
f 670/600/542 671/602/542 686/617/542 685/615/542
f 671/602/543 672/603/543 687/618/543 686/617/543
f 672/603/544 673/604/544 688/619/544 687/618/544
f 673/604/545 674/605/545 689/620/545 688/619/545
f 674/605/546 675/606/546 690/621/546 689/620/546
f 675/606/547 676/607/547 691/622/547 690/621/547
f 676/607/548 677/608/548 692/623/548 691/622/548
f 677/608/549 678/609/549 693/624/549 692/623/549
f 678/609/550 679/610/550 694/625/550 693/624/550
f 679/610/551 680/611/551 695/626/551 694/625/551
f 680/611/552 681/612/552 696/627/552 695/626/552
f 681/612/553 682/613/553 697/628/553 696/627/553
f 682/613/554 683/614/554 698/629/554 697/628/554
f 684/616/555 685/615/555 700/630/555 699/631/555
f 685/615/556 686/617/556 701/632/556 700/630/556
f 686/617/557 687/618/557 702/633/557 701/632/557
f 687/618/558 688/619/558 703/634/558 702/633/558
f 688/619/559 689/620/559 704/635/559 703/634/559
f 689/620/560 690/621/560 705/636/560 704/635/560
f 690/621/561 691/622/561 706/637/561 705/636/561
f 691/622/562 692/623/562 707/638/562 706/637/562
f 692/623/563 693/624/563 708/639/563 707/638/563
f 693/624/564 694/625/564 709/640/564 708/639/564
f 694/625/565 695/626/565 710/641/565 709/640/565
f 695/626/566 696/627/566 711/642/566 710/641/566
f 696/627/567 697/628/567 712/643/567 711/642/567
f 697/628/568 698/629/568 713/644/568 712/643/568
f 699/631/569 700/630/569 715/645/569 714/646/569
f 700/630/570 701/632/570 716/647/570 715/645/570
f 701/632/571 702/633/571 717/648/571 716/647/571
f 702/633/572 703/634/572 718/649/572 717/648/572
f 703/634/573 704/635/573 719/650/573 718/649/573
f 704/635/574 705/636/574 720/651/574 719/650/574
f 705/636/575 706/637/575 721/652/575 720/651/575
f 706/637/576 707/638/576 722/653/576 721/652/576
f 707/638/577 708/639/577 723/654/577 722/653/577
f 708/639/578 709/640/578 724/655/578 723/654/578
f 709/640/579 710/641/579 725/656/579 724/655/579
f 710/641/580 711/642/580 726/657/580 725/656/580
f 711/642/581 712/643/581 727/658/581 726/657/581
f 712/643/582 713/644/582 728/659/582 727/658/582
f 714/646/583 715/645/583 730/660/583 729/661/583
f 715/645/584 716/647/584 731/662/584 730/660/584
f 716/647/585 717/648/585 732/663/585 731/662/585
f 717/648/586 718/649/586 733/664/586 732/663/586
f 718/649/587 719/650/587 734/665/587 733/664/587
f 719/650/588 720/651/588 735/666/588 734/665/588
f 720/651/589 721/652/589 736/667/589 735/666/589
f 721/652/590 722/653/590 737/668/590 736/667/590
f 722/653/591 723/654/591 738/669/591 737/668/591
f 723/654/592 724/655/592 739/670/592 738/669/592
f 724/655/593 725/656/593 740/671/593 739/670/593
f 725/656/594 726/657/594 741/672/594 740/671/594
f 726/657/595 727/658/595 742/673/595 741/672/595
f 727/658/596 728/659/596 743/674/596 742/673/596
f 729/661/597 730/660/597 745/675/597 744/676/597
f 730/660/598 731/662/598 746/677/598 745/675/598
f 731/662/599 732/663/599 747/678/599 746/677/599
f 732/663/600 733/664/600 748/679/600 747/678/600
f 733/664/601 734/665/601 749/680/601 748/679/601
f 734/665/602 735/666/602 750/681/602 749/680/602
f 735/666/603 736/667/603 751/682/603 750/681/603
f 736/667/604 737/668/604 752/683/604 751/682/604
f 737/668/605 738/669/605 753/684/605 752/683/605
f 738/669/606 739/670/606 754/685/606 753/684/606
f 739/670/607 740/671/607 755/686/607 754/685/607
f 740/671/608 741/672/608 756/687/608 755/686/608
f 741/672/609 742/673/609 757/688/609 756/687/609
f 742/673/610 743/674/610 758/689/610 757/688/610
f 744/676/611 745/675/611 760/690/611 759/691/611
f 745/675/612 746/677/612 761/692/612 760/690/612
f 746/677/613 747/678/613 762/693/613 761/692/613
f 747/678/614 748/679/614 763/694/614 762/693/614
f 748/679/615 749/680/615 764/695/615 763/694/615
f 749/680/616 750/681/616 765/696/616 764/695/616
f 750/681/617 751/682/617 766/697/617 765/696/617
f 751/682/618 752/683/618 767/698/618 766/697/618
f 752/683/619 753/684/619 768/699/619 767/698/619
f 753/684/620 754/685/620 769/700/620 768/699/620
f 754/685/621 755/686/621 770/701/621 769/700/621
f 755/686/622 756/687/622 771/702/622 770/701/622
f 756/687/623 757/688/623 772/703/623 771/702/623
f 757/688/624 758/689/624 773/704/624 772/703/624
f 759/691/625 760/690/625 775/705/625 774/706/625
f 760/690/626 761/692/626 776/707/626 775/705/626
f 761/692/627 762/693/627 777/708/627 776/707/627
f 762/693/628 763/694/628 778/709/628 777/708/628
f 763/694/629 764/695/629 779/710/629 778/709/629
f 764/695/630 765/696/630 780/711/630 779/710/630
f 765/696/631 766/697/631 781/712/631 780/711/631
f 766/697/632 767/698/632 782/713/632 781/712/632
f 767/698/633 768/699/633 783/714/633 782/713/633
f 768/699/634 769/700/634 784/715/634 783/714/634
f 769/700/635 770/701/635 785/716/635 784/715/635
f 770/701/636 771/702/636 786/717/636 785/716/636
f 771/702/637 772/703/637 787/718/637 786/717/637
f 772/703/638 773/704/638 788/719/638 787/718/638
f 774/706/639 775/705/639 790/720/639 789/721/639
f 775/705/640 776/707/640 791/722/640 790/720/640
f 776/707/641 777/708/641 792/723/641 791/722/641
f 777/708/642 778/709/642 793/724/642 792/723/642
f 778/709/643 779/710/643 794/725/643 793/724/643
f 779/710/644 780/711/644 795/726/644 794/725/644
f 780/711/645 781/712/645 796/727/645 795/726/645
f 781/712/646 782/713/646 797/728/646 796/727/646
f 782/713/647 783/714/647 798/729/647 797/728/647
f 783/714/648 784/715/648 799/730/648 798/729/648
f 784/715/649 785/716/649 800/731/649 799/730/649
f 785/716/650 786/717/650 801/732/650 800/731/650
f 786/717/651 787/718/651 802/733/651 801/732/651
f 787/718/652 788/719/652 803/734/652 802/733/652
f 789/721/653 790/720/653 805/735/653 804/736/653
f 790/720/654 791/722/654 806/737/654 805/735/654
f 791/722/655 792/723/655 807/738/655 806/737/655
f 792/723/656 793/724/656 808/739/656 807/738/656
f 793/724/657 794/725/657 809/740/657 808/739/657
f 794/725/658 795/726/658 810/741/658 809/740/658
f 795/726/659 796/727/659 811/742/659 810/741/659
f 796/727/660 797/728/660 812/743/660 811/742/660
f 797/728/661 798/729/661 813/744/661 812/743/661
f 798/729/662 799/730/662 814/745/662 813/744/662
f 799/730/663 800/731/663 815/746/663 814/745/663
f 800/731/664 801/732/664 816/747/664 815/746/664
f 801/732/665 802/733/665 817/748/665 816/747/665
f 802/733/666 803/734/666 818/749/666 817/748/666
f 804/736/667 805/735/667 820/750/667 819/751/667
f 805/735/668 806/737/668 821/752/668 820/750/668
f 806/737/669 807/738/669 822/753/669 821/752/669
f 807/738/670 808/739/670 823/754/670 822/753/670
f 808/739/671 809/740/671 824/755/671 823/754/671
f 809/740/672 810/741/672 825/756/672 824/755/672
f 810/741/673 811/742/673 826/757/673 825/756/673
f 811/742/674 812/743/674 827/758/674 826/757/674
f 812/743/675 813/744/675 828/759/675 827/758/675
f 813/744/676 814/745/676 829/760/676 828/759/676
f 814/745/677 815/746/677 830/761/677 829/760/677
f 815/746/678 816/747/678 831/762/678 830/761/678
f 816/747/679 817/748/679 832/763/679 831/762/679
f 817/748/680 818/749/680 833/764/680 832/763/680
f 819/751/681 820/750/681 835/765/681 834/766/681
f 820/750/682 821/752/682 836/767/682 835/765/682
f 821/752/683 822/753/683 837/768/683 836/767/683
f 822/753/684 823/754/684 838/769/684 837/768/684
f 823/754/685 824/755/685 839/770/685 838/769/685
f 824/755/686 825/756/686 840/771/686 839/770/686
f 825/756/687 826/757/687 841/772/687 840/771/687
f 826/757/688 827/758/688 842/773/688 841/772/688
f 827/758/689 828/759/689 843/774/689 842/773/689
f 828/759/690 829/760/690 844/775/690 843/774/690
f 829/760/691 830/761/691 845/776/691 844/775/691
f 830/761/692 831/762/692 846/777/692 845/776/692
f 831/762/693 832/763/693 847/778/693 846/777/693
f 832/763/694 833/764/694 848/779/694 847/778/694
f 834/766/695 835/765/695 850/780/695 849/781/695
f 835/765/696 836/767/696 851/782/696 850/780/696
f 836/767/697 837/768/697 852/783/697 851/782/697
f 837/768/698 838/769/698 853/784/698 852/783/698
f 838/769/699 839/770/699 854/785/699 853/784/699
f 839/770/700 840/771/700 855/786/700 854/785/700
f 840/771/701 841/772/701 856/787/701 855/786/701
f 841/772/702 842/773/702 857/788/702 856/787/702
f 842/773/703 843/774/703 858/789/703 857/788/703
f 843/774/704 844/775/704 859/790/704 858/789/704
f 844/775/705 845/776/705 860/791/705 859/790/705
f 845/776/706 846/777/706 861/792/706 860/791/706
f 846/777/707 847/778/707 862/793/707 861/792/707
f 847/778/708 848/779/708 863/794/708 862/793/708
f 7/555/709 113/553/709 639/570/709 128/795/709
f 113/553/710 112/552/710 640/571/710 639/570/710
f 112/552/711 111/551/711 641/574/711 640/571/711
f 111/551/712 110/550/712 642/576/712 641/574/712
f 110/550/713 109/549/713 643/578/713 642/576/713
f 109/549/714 108/548/714 644/580/714 643/578/714
f 108/548/715 107/547/715 645/582/715 644/580/715
f 107/547/716 106/546/716 646/584/716 645/582/716
f 106/546/717 105/545/717 647/586/717 646/584/717
f 105/545/718 104/544/718 648/588/718 647/586/718
f 104/544/719 103/543/719 649/590/719 648/588/719
f 103/543/720 102/542/720 650/592/720 649/590/720
f 102/542/721 101/541/721 651/594/721 650/592/721
f 101/541/722 100/540/722 652/596/722 651/594/722
f 100/540/723 99/539/723 653/598/723 652/596/723
f 99/539/724 8/538/724 129/796/724 653/598/724
f 653/598/725 129/796/725 130/797/725 668/599/725
f 668/599/726 130/797/726 131/798/726 683/614/726
f 683/614/727 131/798/727 132/799/727 698/629/727
f 698/629/728 132/799/728 133/800/728 713/644/728
f 713/644/729 133/800/729 134/801/729 728/659/729
f 728/659/730 134/801/730 135/802/730 743/674/730
f 743/674/731 135/802/731 136/803/731 758/689/731
f 758/689/732 136/803/732 137/804/732 773/704/732
f 773/704/733 137/804/733 138/805/733 788/719/733
f 788/719/734 138/805/734 139/806/734 803/734/734
f 803/734/735 139/806/735 140/807/735 818/749/735
f 818/749/736 140/807/736 141/808/736 833/764/736
f 833/764/737 141/808/737 142/809/737 848/779/737
f 848/779/738 142/809/738 143/810/738 863/794/738
f 863/794/739 143/810/739 6/811/739 144/812/739
f 862/793/740 863/794/740 144/812/740 145/813/740
f 861/792/741 862/793/741 145/813/741 146/814/741
f 860/791/742 861/792/742 146/814/742 147/815/742
f 859/790/743 860/791/743 147/815/743 148/816/743
f 858/789/744 859/790/744 148/816/744 149/817/744
f 857/788/745 858/789/745 149/817/745 150/818/745
f 856/787/746 857/788/746 150/818/746 151/819/746
f 855/786/747 856/787/747 151/819/747 152/820/747
f 854/785/748 855/786/748 152/820/748 153/821/748
f 853/784/749 854/785/749 153/821/749 154/822/749
f 852/783/750 853/784/750 154/822/750 155/823/750
f 851/782/751 852/783/751 155/823/751 156/824/751
f 850/780/752 851/782/752 156/824/752 157/825/752
f 849/781/753 850/780/753 157/825/753 158/826/753
f 114/827/754 849/781/754 158/826/754 5/828/754
f 115/829/755 834/766/755 849/781/755 114/827/755
f 116/830/756 819/751/756 834/766/756 115/829/756
f 117/831/757 804/736/757 819/751/757 116/830/757
f 118/832/758 789/721/758 804/736/758 117/831/758
f 119/833/759 774/706/759 789/721/759 118/832/759
f 120/834/760 759/691/760 774/706/760 119/833/760
f 121/835/761 744/676/761 759/691/761 120/834/761
f 122/836/762 729/661/762 744/676/762 121/835/762
f 123/837/763 714/646/763 729/661/763 122/836/763
f 124/838/764 699/631/764 714/646/764 123/837/764
f 125/839/765 684/616/765 699/631/765 124/838/765
f 126/840/766 669/601/766 684/616/766 125/839/766
f 127/841/767 654/573/767 669/601/767 126/840/767
f 128/795/768 639/570/768 654/573/768 127/841/768
f 864/842/769 865/843/769 880/844/769 879/845/769
f 865/843/770 866/846/770 881/847/770 880/844/770
f 866/846/771 867/848/771 882/849/771 881/847/771
f 867/848/772 868/850/772 883/851/772 882/849/772
f 868/850/773 869/852/773 884/853/773 883/851/773
f 869/852/774 870/854/774 885/855/774 884/853/774
f 870/854/775 871/856/775 886/857/775 885/855/775
f 871/856/776 872/858/776 887/859/776 886/857/776
f 872/858/777 873/860/777 888/861/777 887/859/777
f 873/860/778 874/862/778 889/863/778 888/861/778
f 874/862/779 875/864/779 890/865/779 889/863/779
f 875/864/780 876/866/780 891/867/780 890/865/780
f 876/866/781 877/868/781 892/869/781 891/867/781
f 877/868/782 878/870/782 893/871/782 892/869/782
f 879/845/783 880/844/783 895/872/783 894/873/783
f 880/844/784 881/847/784 896/874/784 895/872/784
f 881/847/785 882/849/785 897/875/785 896/874/785
f 882/849/786 883/851/786 898/876/786 897/875/786
f 883/851/787 884/853/787 899/877/787 898/876/787
f 884/853/788 885/855/788 900/878/788 899/877/788
f 885/855/789 886/857/789 901/879/789 900/878/789
f 886/857/790 887/859/790 902/880/790 901/879/790
f 887/859/791 888/861/791 903/881/791 902/880/791
f 888/861/792 889/863/792 904/882/792 903/881/792
f 889/863/793 890/865/793 905/883/793 904/882/793
f 890/865/794 891/867/794 906/884/794 905/883/794
f 891/867/795 892/869/795 907/885/795 906/884/795
f 892/869/796 893/871/796 908/886/796 907/885/796
f 894/873/797 895/872/797 910/887/797 909/888/797
f 895/872/798 896/874/798 911/889/798 910/887/798
f 896/874/799 897/875/799 912/890/799 911/889/799
f 897/875/800 898/876/800 913/891/800 912/890/800
f 898/876/801 899/877/801 914/892/801 913/891/801
f 899/877/802 900/878/802 915/893/802 914/892/802
f 900/878/803 901/879/803 916/894/803 915/893/803
f 901/879/804 902/880/804 917/895/804 916/894/804
f 902/880/805 903/881/805 918/896/805 917/895/805
f 903/881/806 904/882/806 919/897/806 918/896/806
f 904/882/807 905/883/807 920/898/807 919/897/807
f 905/883/808 906/884/808 921/899/808 920/898/808
f 906/884/809 907/885/809 922/900/809 921/899/809
f 907/885/810 908/886/810 923/901/810 922/900/810
f 909/888/811 910/887/811 925/902/811 924/903/811
f 910/887/812 911/889/812 926/904/812 925/902/812
f 911/889/813 912/890/813 927/905/813 926/904/813
f 912/890/814 913/891/814 928/906/814 927/905/814
f 913/891/815 914/892/815 929/907/815 928/906/815
f 914/892/816 915/893/816 930/908/816 929/907/816
f 915/893/817 916/894/817 931/909/817 930/908/817
f 916/894/818 917/895/818 932/910/818 931/909/818
f 917/895/819 918/896/819 933/911/819 932/910/819
f 918/896/820 919/897/820 934/912/820 933/911/820
f 919/897/821 920/898/821 935/913/821 934/912/821
f 920/898/822 921/899/822 936/914/822 935/913/822
f 921/899/823 922/900/823 937/915/823 936/914/823
f 922/900/824 923/901/824 938/916/824 937/915/824
f 924/903/825 925/902/825 940/917/825 939/918/825
f 925/902/826 926/904/826 941/919/826 940/917/826
f 926/904/827 927/905/827 942/920/827 941/919/827
f 927/905/828 928/906/828 943/921/828 942/920/828
f 928/906/829 929/907/829 944/922/829 943/921/829
f 929/907/830 930/908/830 945/923/830 944/922/830
f 930/908/831 931/909/831 946/924/831 945/923/831
f 931/909/832 932/910/832 947/925/832 946/924/832
f 932/910/833 933/911/833 948/926/833 947/925/833
f 933/911/834 934/912/834 949/927/834 948/926/834
f 934/912/835 935/913/835 950/928/835 949/927/835
f 935/913/836 936/914/836 951/929/836 950/928/836
f 936/914/837 937/915/837 952/930/837 951/929/837
f 937/915/838 938/916/838 953/931/838 952/930/838
f 939/918/839 940/917/839 955/932/839 954/933/839
f 940/917/840 941/919/840 956/934/840 955/932/840
f 941/919/841 942/920/841 957/935/841 956/934/841
f 942/920/842 943/921/842 958/936/842 957/935/842
f 943/921/843 944/922/843 959/937/843 958/936/843
f 944/922/844 945/923/844 960/938/844 959/937/844
f 945/923/845 946/924/845 961/939/845 960/938/845
f 946/924/846 947/925/846 962/940/846 961/939/846
f 947/925/847 948/926/847 963/941/847 962/940/847
f 948/926/848 949/927/848 964/942/848 963/941/848
f 949/927/849 950/928/849 965/943/849 964/942/849
f 950/928/850 951/929/850 966/944/850 965/943/850
f 951/929/851 952/930/851 967/945/851 966/944/851
f 952/930/852 953/931/852 968/946/852 967/945/852
f 954/933/853 955/932/853 970/947/853 969/948/853
f 955/932/854 956/934/854 971/949/854 970/947/854
f 956/934/855 957/935/855 972/950/855 971/949/855
f 957/935/856 958/936/856 973/951/856 972/950/856
f 958/936/857 959/937/857 974/952/857 973/951/857
f 959/937/858 960/938/858 975/953/858 974/952/858
f 960/938/859 961/939/859 976/954/859 975/953/859
f 961/939/860 962/940/860 977/955/860 976/954/860
f 962/940/861 963/941/861 978/956/861 977/955/861
f 963/941/862 964/942/862 979/957/862 978/956/862
f 964/942/863 965/943/863 980/958/863 979/957/863
f 965/943/864 966/944/864 981/959/864 980/958/864
f 966/944/865 967/945/865 982/960/865 981/959/865
f 967/945/866 968/946/866 983/961/866 982/960/866
f 969/962/867 970/963/867 985/964/867 984/965/867
f 970/963/868 971/966/868 986/967/868 985/964/868
f 971/966/869 972/968/869 987/969/869 986/967/869
f 972/968/870 973/970/870 988/971/870 987/969/870
f 973/970/871 974/972/871 989/973/871 988/971/871
f 974/972/872 975/974/872 990/975/872 989/973/872
f 975/974/873 976/954/873 991/976/873 990/975/873
f 976/954/874 977/955/874 992/977/874 991/976/874
f 977/955/875 978/956/875 993/978/875 992/977/875
f 978/956/876 979/957/876 994/979/876 993/978/876
f 979/957/877 980/958/877 995/980/877 994/979/877
f 980/958/878 981/959/878 996/981/878 995/980/878
f 981/959/879 982/960/879 997/982/879 996/981/879
f 982/960/880 983/961/880 998/983/880 997/982/880
f 984/965/881 985/964/881 1000/984/881 999/985/881
f 985/964/882 986/967/882 1001/986/882 1000/984/882
f 986/967/883 987/969/883 1002/987/883 1001/986/883
f 987/969/884 988/971/884 1003/988/884 1002/987/884
f 988/971/885 989/973/885 1004/989/885 1003/988/885
f 989/973/886 990/975/886 1005/990/886 1004/989/886
f 990/975/887 991/976/887 1006/991/887 1005/990/887
f 991/976/888 992/977/888 1007/992/888 1006/991/888
f 992/977/889 993/978/889 1008/993/889 1007/992/889
f 993/978/890 994/979/890 1009/994/890 1008/993/890
f 994/979/891 995/980/891 1010/995/891 1009/994/891
f 995/980/892 996/981/892 1011/996/892 1010/995/892
f 996/981/893 997/982/893 1012/997/893 1011/996/893
f 997/982/894 998/983/894 1013/998/894 1012/997/894
f 999/985/895 1000/984/895 1015/999/895 1014/1000/895
f 1000/984/896 1001/986/896 1016/1001/896 1015/999/896
f 1001/986/897 1002/987/897 1017/1002/897 1016/1001/897
f 1002/987/898 1003/988/898 1018/1003/898 1017/1002/898
f 1003/988/899 1004/989/899 1019/1004/899 1018/1003/899
f 1004/989/900 1005/990/900 1020/1005/900 1019/1004/900
f 1005/990/901 1006/991/901 1021/1006/901 1020/1005/901
f 1006/991/902 1007/992/902 1022/1007/902 1021/1006/902
f 1007/992/903 1008/993/903 1023/1008/903 1022/1007/903
f 1008/993/904 1009/994/904 1024/1009/904 1023/1008/904
f 1009/994/905 1010/995/905 1025/1010/905 1024/1009/905
f 1010/995/906 1011/996/906 1026/1011/906 1025/1010/906
f 1011/996/907 1012/997/907 1027/1012/907 1026/1011/907
f 1012/997/908 1013/998/908 1028/1013/908 1027/1012/908
f 1014/1000/909 1015/999/909 1030/1014/909 1029/1015/909
f 1015/999/910 1016/1001/910 1031/1016/910 1030/1014/910
f 1016/1001/911 1017/1002/911 1032/1017/911 1031/1016/911
f 1017/1002/912 1018/1003/912 1033/1018/912 1032/1017/912
f 1018/1003/913 1019/1004/913 1034/1019/913 1033/1018/913
f 1019/1004/914 1020/1005/914 1035/1020/914 1034/1019/914
f 1020/1005/915 1021/1006/915 1036/1021/915 1035/1020/915
f 1021/1006/916 1022/1007/916 1037/1022/916 1036/1021/916
f 1022/1007/917 1023/1008/917 1038/1023/917 1037/1022/917
f 1023/1008/918 1024/1009/918 1039/1024/918 1038/1023/918
f 1024/1009/919 1025/1010/919 1040/1025/919 1039/1024/919
f 1025/1010/920 1026/1011/920 1041/1026/920 1040/1025/920
f 1026/1011/921 1027/1012/921 1042/1027/921 1041/1026/921
f 1027/1012/922 1028/1013/922 1043/1028/922 1042/1027/922
f 1029/1015/923 1030/1014/923 1045/1029/923 1044/1030/923
f 1030/1014/924 1031/1016/924 1046/1031/924 1045/1029/924
f 1031/1016/925 1032/1017/925 1047/1032/925 1046/1031/925
f 1032/1017/926 1033/1018/926 1048/1033/926 1047/1032/926
f 1033/1018/927 1034/1019/927 1049/1034/927 1048/1033/927
f 1034/1019/928 1035/1020/928 1050/1035/928 1049/1034/928
f 1035/1020/929 1036/1021/929 1051/1036/929 1050/1035/929
f 1036/1021/930 1037/1022/930 1052/1037/930 1051/1036/930
f 1037/1022/931 1038/1023/931 1053/1038/931 1052/1037/931
f 1038/1023/932 1039/1024/932 1054/1039/932 1053/1038/932
f 1039/1024/933 1040/1025/933 1055/1040/933 1054/1039/933
f 1040/1025/934 1041/1026/934 1056/1041/934 1055/1040/934
f 1041/1026/935 1042/1027/935 1057/1042/935 1056/1041/935
f 1042/1027/936 1043/1028/936 1058/1043/936 1057/1042/936
f 1044/1030/937 1045/1029/937 1060/1044/937 1059/1045/937
f 1045/1029/938 1046/1031/938 1061/1046/938 1060/1044/938
f 1046/1031/939 1047/1032/939 1062/1047/939 1061/1046/939
f 1047/1032/940 1048/1033/940 1063/1048/940 1062/1047/940
f 1048/1033/941 1049/1034/941 1064/1049/941 1063/1048/941
f 1049/1034/942 1050/1035/942 1065/1050/942 1064/1049/942
f 1050/1035/943 1051/1036/943 1066/1051/943 1065/1050/943
f 1051/1036/944 1052/1037/944 1067/1052/944 1066/1051/944
f 1052/1037/945 1053/1038/945 1068/1053/945 1067/1052/945
f 1053/1038/946 1054/1039/946 1069/1054/946 1068/1053/946
f 1054/1039/947 1055/1040/947 1070/1055/947 1069/1054/947
f 1055/1040/948 1056/1041/948 1071/1056/948 1070/1055/948
f 1056/1041/949 1057/1042/949 1072/1057/949 1071/1056/949
f 1057/1042/950 1058/1043/950 1073/1058/950 1072/1057/950
f 1059/1045/951 1060/1044/951 1075/1059/951 1074/1060/951
f 1060/1044/952 1061/1046/952 1076/1061/952 1075/1059/952
f 1061/1046/953 1062/1047/953 1077/1062/953 1076/1061/953
f 1062/1047/954 1063/1048/954 1078/1063/954 1077/1062/954
f 1063/1048/955 1064/1049/955 1079/1064/955 1078/1063/955
f 1064/1049/956 1065/1050/956 1080/1065/956 1079/1064/956
f 1065/1050/957 1066/1051/957 1081/1066/957 1080/1065/957
f 1066/1051/958 1067/1052/958 1082/1067/958 1081/1066/958
f 1067/1052/959 1068/1053/959 1083/1068/959 1082/1067/959
f 1068/1053/960 1069/1054/960 1084/1069/960 1083/1068/960
f 1069/1054/961 1070/1055/961 1085/1070/961 1084/1069/961
f 1070/1055/962 1071/1056/962 1086/1071/962 1085/1070/962
f 1071/1056/963 1072/1057/963 1087/1072/963 1086/1071/963
f 1072/1057/964 1073/1058/964 1088/1073/964 1087/1072/964
f 5/828/965 158/826/965 864/842/965 173/1074/965
f 158/826/966 157/825/966 865/843/966 864/842/966
f 157/825/967 156/824/967 866/846/967 865/843/967
f 156/824/968 155/823/968 867/848/968 866/846/968
f 155/823/969 154/822/969 868/850/969 867/848/969
f 154/822/970 153/821/970 869/852/970 868/850/970
f 153/821/971 152/820/971 870/854/971 869/852/971
f 152/820/972 151/819/972 871/856/972 870/854/972
f 151/819/973 150/818/973 872/858/973 871/856/973
f 150/818/974 149/817/974 873/860/974 872/858/974
f 149/817/975 148/816/975 874/862/975 873/860/975
f 148/816/976 147/815/976 875/864/976 874/862/976
f 147/815/977 146/814/977 876/866/977 875/864/977
f 146/814/978 145/813/978 877/868/978 876/866/978
f 145/813/979 144/812/979 878/870/979 877/868/979
f 144/812/980 6/811/980 174/1075/980 878/870/980
f 878/870/981 174/1075/981 175/1076/981 893/871/981
f 893/871/982 175/1076/982 176/1077/982 908/886/982
f 908/886/983 176/1077/983 177/1078/983 923/901/983
f 923/901/984 177/1078/984 178/1079/984 938/916/984
f 938/916/985 178/1079/985 179/1080/985 953/931/985
f 953/931/986 179/1080/986 180/1081/986 968/946/986
f 968/946/987 180/1081/987 181/1082/987 983/961/987
f 983/961/988 181/1082/988 182/1083/988 998/983/988
f 998/983/989 182/1083/989 183/1084/989 1013/998/989
f 1013/998/990 183/1084/990 184/1085/990 1028/1013/990
f 1028/1013/991 184/1085/991 185/1086/991 1043/1028/991
f 1043/1028/992 185/1086/992 186/1087/992 1058/1043/992
f 1058/1043/993 186/1087/993 187/1088/993 1073/1058/993
f 1073/1058/994 187/1088/994 188/1089/994 1088/1073/994
f 1088/1073/995 188/1089/995 2/243/995 38/242/995
f 1087/1072/996 1088/1073/996 38/242/996 37/241/996
f 1086/1071/997 1087/1072/997 37/241/997 36/240/997
f 1085/1070/998 1086/1071/998 36/240/998 35/239/998
f 1084/1069/999 1085/1070/999 35/239/999 34/238/999
f 1083/1068/1000 1084/1069/1000 34/238/1000 33/237/1000
f 1082/1067/1001 1083/1068/1001 33/237/1001 32/236/1001
f 1081/1066/1002 1082/1067/1002 32/236/1002 31/235/1002
f 1080/1065/1003 1081/1066/1003 31/235/1003 30/234/1003
f 1079/1064/1004 1080/1065/1004 30/234/1004 29/233/1004
f 1078/1063/1005 1079/1064/1005 29/233/1005 28/232/1005
f 1077/1062/1006 1078/1063/1006 28/232/1006 27/231/1006
f 1076/1061/1007 1077/1062/1007 27/231/1007 26/230/1007
f 1075/1059/1008 1076/1061/1008 26/230/1008 25/229/1008
f 1074/1060/1009 1075/1059/1009 25/229/1009 24/227/1009
f 159/1090/1010 1074/1060/1010 24/227/1010 1/226/1010
f 160/1091/1011 1059/1045/1011 1074/1060/1011 159/1090/1011
f 161/1092/1012 1044/1030/1012 1059/1045/1012 160/1091/1012
f 162/1093/1013 1029/1015/1013 1044/1030/1013 161/1092/1013
f 163/1094/1014 1014/1000/1014 1029/1015/1014 162/1093/1014
f 164/1095/1015 999/985/1015 1014/1000/1015 163/1094/1015
f 165/1096/1016 984/965/1016 999/985/1016 164/1095/1016
f 166/1097/1017 969/962/1017 984/965/1017 165/1096/1017
f 167/1098/1018 954/933/1018 969/948/1018 166/1099/1018
f 168/1100/1019 939/918/1019 954/933/1019 167/1098/1019
f 169/1101/1020 924/903/1020 939/918/1020 168/1100/1020
f 170/1102/1021 909/888/1021 924/903/1021 169/1101/1021
f 171/1103/1022 894/873/1022 909/888/1022 170/1102/1022
f 172/1104/1023 879/845/1023 894/873/1023 171/1103/1023
f 173/1074/1024 864/842/1024 879/845/1024 172/1104/1024
f 1089/1105/1025 1090/1106/1025 1105/1107/1025 1104/1108/1025
f 1090/1106/1026 1091/1109/1026 1106/1110/1026 1105/1107/1026
f 1091/1109/1027 1092/1111/1027 1107/1112/1027 1106/1110/1027
f 1092/1111/1028 1093/1113/1028 1108/1114/1028 1107/1112/1028
f 1093/1113/1029 1094/1115/1029 1109/1116/1029 1108/1114/1029
f 1094/1115/1030 1095/1117/1030 1110/1118/1030 1109/1116/1030
f 1095/1117/1031 1096/1119/1031 1111/1120/1031 1110/1118/1031
f 1096/1121/1032 1097/1122/1032 1112/1123/1032 1111/1124/1032
f 1097/1122/1033 1098/1125/1033 1113/1126/1033 1112/1123/1033
f 1098/1125/1034 1099/1127/1034 1114/1128/1034 1113/1126/1034
f 1099/1127/1035 1100/1129/1035 1115/1130/1035 1114/1128/1035
f 1100/1129/1036 1101/1131/1036 1116/1132/1036 1115/1130/1036
f 1101/1131/1037 1102/1133/1037 1117/1134/1037 1116/1132/1037
f 1102/1133/1038 1103/1135/1038 1118/1136/1038 1117/1134/1038
f 1104/1108/1039 1105/1107/1039 1120/1137/1039 1119/1138/1039
f 1105/1107/1040 1106/1110/1040 1121/1139/1040 1120/1137/1040
f 1106/1110/1041 1107/1112/1041 1122/1140/1041 1121/1139/1041
f 1107/1112/1042 1108/1114/1042 1123/1141/1042 1122/1140/1042
f 1108/1114/1043 1109/1116/1043 1124/1142/1043 1123/1141/1043
f 1109/1116/1044 1110/1118/1044 1125/1143/1044 1124/1142/1044
f 1110/1118/1045 1111/1120/1045 1126/1144/1045 1125/1143/1045
f 1111/1124/1046 1112/1123/1046 1127/1145/1046 1126/1146/1046
f 1112/1123/1047 1113/1126/1047 1128/1147/1047 1127/1145/1047
f 1113/1126/1048 1114/1128/1048 1129/1148/1048 1128/1147/1048
f 1114/1128/1049 1115/1130/1049 1130/1149/1049 1129/1148/1049
f 1115/1130/1050 1116/1132/1050 1131/1150/1050 1130/1149/1050
f 1116/1132/1051 1117/1134/1051 1132/1151/1051 1131/1150/1051
f 1117/1134/1052 1118/1136/1052 1133/1152/1052 1132/1151/1052
f 1119/1138/1053 1120/1137/1053 1135/1153/1053 1134/1154/1053
f 1120/1137/1054 1121/1139/1054 1136/1155/1054 1135/1153/1054
f 1121/1139/1055 1122/1140/1055 1137/1156/1055 1136/1155/1055
f 1122/1140/1056 1123/1141/1056 1138/1157/1056 1137/1156/1056
f 1123/1141/1057 1124/1142/1057 1139/1158/1057 1138/1157/1057
f 1124/1142/1058 1125/1143/1058 1140/1159/1058 1139/1158/1058
f 1125/1143/1059 1126/1144/1059 1141/1160/1059 1140/1159/1059
f 1126/1146/1060 1127/1145/1060 1142/1161/1060 1141/1162/1060
f 1127/1145/1061 1128/1147/1061 1143/1163/1061 1142/1161/1061
f 1128/1147/1062 1129/1148/1062 1144/1164/1062 1143/1163/1062
f 1129/1148/1063 1130/1149/1063 1145/1165/1063 1144/1164/1063
f 1130/1149/1064 1131/1150/1064 1146/1166/1064 1145/1165/1064
f 1131/1150/1065 1132/1151/1065 1147/1167/1065 1146/1166/1065
f 1132/1151/1066 1133/1152/1066 1148/1168/1066 1147/1167/1066
f 1134/1154/1067 1135/1153/1067 1150/1169/1067 1149/1170/1067
f 1135/1153/1068 1136/1155/1068 1151/1171/1068 1150/1169/1068
f 1136/1155/1069 1137/1156/1069 1152/1172/1069 1151/1171/1069
f 1137/1156/1070 1138/1157/1070 1153/1173/1070 1152/1172/1070
f 1138/1157/1071 1139/1158/1071 1154/1174/1071 1153/1173/1071
f 1139/1158/1072 1140/1159/1072 1155/1175/1072 1154/1174/1072
f 1140/1159/1073 1141/1160/1073 1156/1176/1073 1155/1175/1073
f 1141/1162/1074 1142/1161/1074 1157/1177/1074 1156/1178/1074
f 1142/1161/1075 1143/1163/1075 1158/1179/1075 1157/1177/1075
f 1143/1163/1076 1144/1164/1076 1159/1180/1076 1158/1179/1076
f 1144/1164/1077 1145/1165/1077 1160/1181/1077 1159/1180/1077
f 1145/1165/1078 1146/1166/1078 1161/1182/1078 1160/1181/1078
f 1146/1166/1079 1147/1167/1079 1162/1183/1079 1161/1182/1079
f 1147/1167/1080 1148/1168/1080 1163/1184/1080 1162/1183/1080
f 1149/1170/1081 1150/1169/1081 1165/1185/1081 1164/1186/1081
f 1150/1169/1082 1151/1171/1082 1166/1187/1082 1165/1185/1082
f 1151/1171/1083 1152/1172/1083 1167/1188/1083 1166/1187/1083
f 1152/1172/1084 1153/1173/1084 1168/1189/1084 1167/1188/1084
f 1153/1173/1085 1154/1174/1085 1169/1190/1085 1168/1189/1085
f 1154/1174/1086 1155/1175/1086 1170/1191/1086 1169/1190/1086
f 1155/1175/1087 1156/1176/1087 1171/1192/1087 1170/1191/1087
f 1156/1178/1088 1157/1177/1088 1172/1193/1088 1171/1194/1088
f 1157/1177/1089 1158/1179/1089 1173/1195/1089 1172/1193/1089
f 1158/1179/1090 1159/1180/1090 1174/1196/1090 1173/1195/1090
f 1159/1180/1091 1160/1181/1091 1175/1197/1091 1174/1196/1091
f 1160/1181/1092 1161/1182/1092 1176/1198/1092 1175/1197/1092
f 1161/1182/1093 1162/1183/1093 1177/1199/1093 1176/1198/1093
f 1162/1183/1094 1163/1184/1094 1178/1200/1094 1177/1199/1094
f 1164/1186/1095 1165/1185/1095 1180/1201/1095 1179/1202/1095
f 1165/1185/1096 1166/1187/1096 1181/1203/1096 1180/1201/1096
f 1166/1187/1097 1167/1188/1097 1182/1204/1097 1181/1203/1097
f 1167/1188/1098 1168/1189/1098 1183/1205/1098 1182/1204/1098
f 1168/1189/1099 1169/1190/1099 1184/1206/1099 1183/1205/1099
f 1169/1190/1100 1170/1191/1100 1185/1207/1100 1184/1206/1100
f 1170/1191/1101 1171/1192/1101 1186/1208/1101 1185/1207/1101
f 1171/1194/1102 1172/1193/1102 1187/1209/1102 1186/1210/1102
f 1172/1193/1103 1173/1195/1103 1188/1211/1103 1187/1209/1103
f 1173/1195/1104 1174/1196/1104 1189/1212/1104 1188/1211/1104
f 1174/1196/1105 1175/1197/1105 1190/1213/1105 1189/1212/1105
f 1175/1197/1106 1176/1198/1106 1191/1214/1106 1190/1213/1106
f 1176/1198/1107 1177/1199/1107 1192/1215/1107 1191/1214/1107
f 1177/1199/1108 1178/1200/1108 1193/1216/1108 1192/1215/1108
f 1179/1202/1109 1180/1201/1109 1195/1217/1109 1194/1218/1109
f 1180/1201/1110 1181/1203/1110 1196/1219/1110 1195/1217/1110
f 1181/1203/1111 1182/1204/1111 1197/1220/1111 1196/1219/1111
f 1182/1204/1112 1183/1205/1112 1198/1221/1112 1197/1220/1112
f 1183/1205/1113 1184/1206/1113 1199/1222/1113 1198/1221/1113
f 1184/1206/1114 1185/1207/1114 1200/1223/1114 1199/1222/1114
f 1185/1207/1115 1186/1208/1115 1201/1224/1115 1200/1223/1115
f 1186/1210/1116 1187/1209/1116 1202/1225/1116 1201/1226/1116
f 1187/1209/1117 1188/1211/1117 1203/1227/1117 1202/1225/1117
f 1188/1211/1118 1189/1212/1118 1204/1228/1118 1203/1227/1118
f 1189/1212/1119 1190/1213/1119 1205/1229/1119 1204/1228/1119
f 1190/1213/1120 1191/1214/1120 1206/1230/1120 1205/1229/1120
f 1191/1214/1121 1192/1215/1121 1207/1231/1121 1206/1230/1121
f 1192/1215/1122 1193/1216/1122 1208/1232/1122 1207/1231/1122
f 1194/1218/1123 1195/1217/1123 1210/1233/1123 1209/1234/1123
f 1195/1217/1124 1196/1219/1124 1211/1235/1124 1210/1233/1124
f 1196/1219/1125 1197/1220/1125 1212/1236/1125 1211/1235/1125
f 1197/1220/1126 1198/1221/1126 1213/1237/1126 1212/1236/1126
f 1198/1221/1127 1199/1222/1127 1214/1238/1127 1213/1237/1127
f 1199/1222/1128 1200/1223/1128 1215/1239/1128 1214/1238/1128
f 1200/1223/1129 1201/1224/1129 1216/1240/1129 1215/1239/1129
f 1201/1226/1130 1202/1225/1130 1217/1241/1130 1216/1242/1130
f 1202/1225/1131 1203/1227/1131 1218/1243/1131 1217/1241/1131
f 1203/1227/1132 1204/1228/1132 1219/1244/1132 1218/1243/1132
f 1204/1228/1133 1205/1229/1133 1220/1245/1133 1219/1244/1133
f 1205/1229/1134 1206/1230/1134 1221/1246/1134 1220/1245/1134
f 1206/1230/1135 1207/1231/1135 1222/1247/1135 1221/1246/1135
f 1207/1231/1136 1208/1232/1136 1223/1248/1136 1222/1247/1136
f 1209/1234/1137 1210/1233/1137 1225/1249/1137 1224/1250/1137
f 1210/1233/1138 1211/1235/1138 1226/1251/1138 1225/1249/1138
f 1211/1235/1139 1212/1236/1139 1227/1252/1139 1226/1251/1139
f 1212/1236/1140 1213/1237/1140 1228/1253/1140 1227/1252/1140
f 1213/1237/1141 1214/1238/1141 1229/1254/1141 1228/1253/1141
f 1214/1238/1142 1215/1239/1142 1230/1255/1142 1229/1254/1142
f 1215/1239/1143 1216/1240/1143 1231/1256/1143 1230/1255/1143
f 1216/1242/1144 1217/1241/1144 1232/1257/1144 1231/1258/1144
f 1217/1241/1145 1218/1243/1145 1233/1259/1145 1232/1257/1145
f 1218/1243/1146 1219/1244/1146 1234/1260/1146 1233/1259/1146
f 1219/1244/1147 1220/1245/1147 1235/1261/1147 1234/1260/1147
f 1220/1245/1148 1221/1246/1148 1236/1262/1148 1235/1261/1148
f 1221/1246/1149 1222/1247/1149 1237/1263/1149 1236/1262/1149
f 1222/1247/1150 1223/1248/1150 1238/1264/1150 1237/1263/1150
f 1224/1250/1151 1225/1249/1151 1240/1265/1151 1239/1266/1151
f 1225/1249/1152 1226/1251/1152 1241/1267/1152 1240/1265/1152
f 1226/1251/1153 1227/1252/1153 1242/1268/1153 1241/1267/1153
f 1227/1252/1154 1228/1253/1154 1243/1269/1154 1242/1268/1154
f 1228/1253/1155 1229/1254/1155 1244/1270/1155 1243/1269/1155
f 1229/1254/1156 1230/1255/1156 1245/1271/1156 1244/1270/1156
f 1230/1255/1157 1231/1256/1157 1246/1272/1157 1245/1271/1157
f 1231/1258/1158 1232/1257/1158 1247/1273/1158 1246/1274/1158
f 1232/1257/1159 1233/1259/1159 1248/1275/1159 1247/1273/1159
f 1233/1259/1160 1234/1260/1160 1249/1276/1160 1248/1275/1160
f 1234/1260/1161 1235/1261/1161 1250/1277/1161 1249/1276/1161
f 1235/1261/1162 1236/1262/1162 1251/1278/1162 1250/1277/1162
f 1236/1262/1163 1237/1263/1163 1252/1279/1163 1251/1278/1163
f 1237/1263/1164 1238/1264/1164 1253/1280/1164 1252/1279/1164
f 1239/1266/1165 1240/1265/1165 1255/1281/1165 1254/1282/1165
f 1240/1265/1166 1241/1267/1166 1256/1283/1166 1255/1281/1166
f 1241/1267/1167 1242/1268/1167 1257/1284/1167 1256/1283/1167
f 1242/1268/1168 1243/1269/1168 1258/1285/1168 1257/1284/1168
f 1243/1269/1169 1244/1270/1169 1259/1286/1169 1258/1285/1169
f 1244/1270/1170 1245/1271/1170 1260/1287/1170 1259/1286/1170
f 1245/1271/1171 1246/1272/1171 1261/1288/1171 1260/1287/1171
f 1246/1274/1172 1247/1273/1172 1262/1289/1172 1261/1290/1172
f 1247/1273/1173 1248/1275/1173 1263/1291/1173 1262/1289/1173
f 1248/1275/1174 1249/1276/1174 1264/1292/1174 1263/1291/1174
f 1249/1276/1175 1250/1277/1175 1265/1293/1175 1264/1292/1175
f 1250/1277/1176 1251/1278/1176 1266/1294/1176 1265/1293/1176
f 1251/1278/1177 1252/1279/1177 1267/1295/1177 1266/1294/1177
f 1252/1279/1178 1253/1280/1178 1268/1296/1178 1267/1295/1178
f 1254/1282/1179 1255/1281/1179 1270/1297/1179 1269/1298/1179
f 1255/1281/1180 1256/1283/1180 1271/1299/1180 1270/1297/1180
f 1256/1283/1181 1257/1284/1181 1272/1300/1181 1271/1299/1181
f 1257/1284/1182 1258/1285/1182 1273/1301/1182 1272/1300/1182
f 1258/1285/1183 1259/1286/1183 1274/1302/1183 1273/1301/1183
f 1259/1286/1184 1260/1287/1184 1275/1303/1184 1274/1302/1184
f 1260/1287/1185 1261/1288/1185 1276/1304/1185 1275/1303/1185
f 1261/1290/1186 1262/1289/1186 1277/1305/1186 1276/1306/1186
f 1262/1289/1187 1263/1291/1187 1278/1307/1187 1277/1305/1187
f 1263/1291/1188 1264/1292/1188 1279/1308/1188 1278/1307/1188
f 1264/1292/1189 1265/1293/1189 1280/1309/1189 1279/1308/1189
f 1265/1293/1190 1266/1294/1190 1281/1310/1190 1280/1309/1190
f 1266/1294/1191 1267/1295/1191 1282/1311/1191 1281/1310/1191
f 1267/1295/1192 1268/1296/1192 1283/1312/1192 1282/1311/1192
f 1269/1298/1193 1270/1297/1193 1285/1313/1193 1284/1314/1193
f 1270/1297/1194 1271/1299/1194 1286/1315/1194 1285/1313/1194
f 1271/1299/1195 1272/1300/1195 1287/1316/1195 1286/1315/1195
f 1272/1300/1196 1273/1301/1196 1288/1317/1196 1287/1316/1196
f 1273/1301/1197 1274/1302/1197 1289/1318/1197 1288/1317/1197
f 1274/1302/1198 1275/1303/1198 1290/1319/1198 1289/1318/1198
f 1275/1303/1199 1276/1304/1199 1291/1320/1199 1290/1319/1199
f 1276/1306/1200 1277/1305/1200 1292/1321/1200 1291/1322/1200
f 1277/1305/1201 1278/1307/1201 1293/1323/1201 1292/1321/1201
f 1278/1307/1202 1279/1308/1202 1294/1324/1202 1293/1323/1202
f 1279/1308/1203 1280/1309/1203 1295/1325/1203 1294/1324/1203
f 1280/1309/1204 1281/1310/1204 1296/1326/1204 1295/1325/1204
f 1281/1310/1205 1282/1311/1205 1297/1327/1205 1296/1326/1205
f 1282/1311/1206 1283/1312/1206 1298/1328/1206 1297/1327/1206
f 1284/1314/1207 1285/1313/1207 1300/1329/1207 1299/1330/1207
f 1285/1313/1208 1286/1315/1208 1301/1331/1208 1300/1329/1208
f 1286/1315/1209 1287/1316/1209 1302/1332/1209 1301/1331/1209
f 1287/1316/1210 1288/1317/1210 1303/1333/1210 1302/1332/1210
f 1288/1317/1211 1289/1318/1211 1304/1334/1211 1303/1333/1211
f 1289/1318/1212 1290/1319/1212 1305/1335/1212 1304/1334/1212
f 1290/1319/1213 1291/1320/1213 1306/1336/1213 1305/1335/1213
f 1291/1322/1214 1292/1321/1214 1307/1337/1214 1306/1338/1214
f 1292/1321/1215 1293/1323/1215 1308/1339/1215 1307/1337/1215
f 1293/1323/1216 1294/1324/1216 1309/1340/1216 1308/1339/1216
f 1294/1324/1217 1295/1325/1217 1310/1341/1217 1309/1340/1217
f 1295/1325/1218 1296/1326/1218 1311/1342/1218 1310/1341/1218
f 1296/1326/1219 1297/1327/1219 1312/1343/1219 1311/1342/1219
f 1297/1327/1220 1298/1328/1220 1313/1344/1220 1312/1343/1220
f 3/276/1221 83/522/1221 1089/1105/1221 9/275/1221
f 83/522/1222 82/569/1222 1090/1106/1222 1089/1105/1222
f 82/569/1223 81/568/1223 1091/1109/1223 1090/1106/1223
f 81/568/1224 80/567/1224 1092/1111/1224 1091/1109/1224
f 80/567/1225 79/566/1225 1093/1113/1225 1092/1111/1225
f 79/566/1226 78/565/1226 1094/1115/1226 1093/1113/1226
f 78/565/1227 77/563/1227 1095/1117/1227 1094/1115/1227
f 77/563/1228 76/564/1228 1096/1119/1228 1095/1117/1228
f 76/562/1229 75/561/1229 1097/1122/1229 1096/1121/1229
f 75/561/1230 74/560/1230 1098/1125/1230 1097/1122/1230
f 74/560/1231 73/559/1231 1099/1127/1231 1098/1125/1231
f 73/559/1232 72/558/1232 1100/1129/1232 1099/1127/1232
f 72/558/1233 71/557/1233 1101/1131/1233 1100/1129/1233
f 71/557/1234 70/556/1234 1102/1133/1234 1101/1131/1234
f 70/556/1235 69/554/1235 1103/1135/1235 1102/1133/1235
f 69/554/1236 7/555/1236 128/795/1236 1103/1135/1236
f 1103/1135/1237 128/795/1237 127/841/1237 1118/1136/1237
f 1118/1136/1238 127/841/1238 126/840/1238 1133/1152/1238
f 1133/1152/1239 126/840/1239 125/839/1239 1148/1168/1239
f 1148/1168/1240 125/839/1240 124/838/1240 1163/1184/1240
f 1163/1184/1241 124/838/1241 123/837/1241 1178/1200/1241
f 1178/1200/1242 123/837/1242 122/836/1242 1193/1216/1242
f 1193/1216/1243 122/836/1243 121/835/1243 1208/1232/1243
f 1208/1232/1244 121/835/1244 120/834/1244 1223/1248/1244
f 1223/1248/1245 120/834/1245 119/833/1245 1238/1264/1245
f 1238/1264/1246 119/833/1246 118/832/1246 1253/1280/1246
f 1253/1280/1247 118/832/1247 117/831/1247 1268/1296/1247
f 1268/1296/1248 117/831/1248 116/830/1248 1283/1312/1248
f 1283/1312/1249 116/830/1249 115/829/1249 1298/1328/1249
f 1298/1328/1250 115/829/1250 114/827/1250 1313/1344/1250
f 1313/1344/1251 114/827/1251 5/828/1251 173/1074/1251
f 1312/1343/1252 1313/1344/1252 173/1074/1252 172/1104/1252
f 1311/1342/1253 1312/1343/1253 172/1104/1253 171/1103/1253
f 1310/1341/1254 1311/1342/1254 171/1103/1254 170/1102/1254
f 1309/1340/1255 1310/1341/1255 170/1102/1255 169/1101/1255
f 1308/1339/1256 1309/1340/1256 169/1101/1256 168/1100/1256
f 1307/1337/1257 1308/1339/1257 168/1100/1257 167/1098/1257
f 1306/1338/1258 1307/1337/1258 167/1098/1258 166/1099/1258
f 1305/1335/1259 1306/1336/1259 166/1097/1259 165/1096/1259
f 1304/1334/1260 1305/1335/1260 165/1096/1260 164/1095/1260
f 1303/1333/1261 1304/1334/1261 164/1095/1261 163/1094/1261
f 1302/1332/1262 1303/1333/1262 163/1094/1262 162/1093/1262
f 1301/1331/1263 1302/1332/1263 162/1093/1263 161/1092/1263
f 1300/1329/1264 1301/1331/1264 161/1092/1264 160/1091/1264
f 1299/1330/1265 1300/1329/1265 160/1091/1265 159/1090/1265
f 23/228/1266 1299/1330/1266 159/1090/1266 1/226/1266
f 22/289/1267 1284/1314/1267 1299/1330/1267 23/228/1267
f 21/288/1268 1269/1298/1268 1284/1314/1268 22/289/1268
f 20/287/1269 1254/1282/1269 1269/1298/1269 21/288/1269
f 19/286/1270 1239/1266/1270 1254/1282/1270 20/287/1270
f 18/285/1271 1224/1250/1271 1239/1266/1271 19/286/1271
f 17/284/1272 1209/1234/1272 1224/1250/1272 18/285/1272
f 16/283/1273 1194/1218/1273 1209/1234/1273 17/284/1273
f 15/282/1274 1179/1202/1274 1194/1218/1274 16/283/1274
f 14/281/1275 1164/1186/1275 1179/1202/1275 15/282/1275
f 13/280/1276 1149/1170/1276 1164/1186/1276 14/281/1276
f 12/279/1277 1134/1154/1277 1149/1170/1277 13/280/1277
f 11/278/1278 1119/1138/1278 1134/1154/1278 12/279/1278
f 10/277/1279 1104/1108/1279 1119/1138/1279 11/278/1279
f 9/275/1280 1089/1105/1280 1104/1108/1280 10/277/1280
f 1314/1345/1281 1315/1346/1281 1330/1347/1281 1329/1348/1281
f 1315/1346/1282 1316/1349/1282 1331/1350/1282 1330/1347/1282
f 1316/1349/1283 1317/1351/1283 1332/1352/1283 1331/1350/1283
f 1317/1351/1284 1318/1353/1284 1333/1354/1284 1332/1352/1284
f 1318/1353/1285 1319/1355/1285 1334/1356/1285 1333/1354/1285
f 1319/1355/1286 1320/1357/1286 1335/1358/1286 1334/1356/1286
f 1320/1357/1287 1321/1359/1287 1336/1360/1287 1335/1358/1287
f 1321/1359/1288 1322/1361/1288 1337/1362/1288 1336/1360/1288
f 1322/1361/1289 1323/1363/1289 1338/1364/1289 1337/1362/1289
f 1323/1363/1290 1324/1365/1290 1339/1366/1290 1338/1364/1290
f 1324/1365/1291 1325/1367/1291 1340/1368/1291 1339/1366/1291
f 1325/1367/1292 1326/1369/1292 1341/1370/1292 1340/1368/1292
f 1326/1369/1293 1327/1371/1293 1342/1372/1293 1341/1370/1293
f 1327/1371/1294 1328/1373/1294 1343/1374/1294 1342/1372/1294
f 1329/1348/1295 1330/1347/1295 1345/1375/1295 1344/1376/1295
f 1330/1347/1296 1331/1350/1296 1346/1377/1296 1345/1375/1296
f 1331/1350/1297 1332/1352/1297 1347/1378/1297 1346/1377/1297
f 1332/1352/1298 1333/1354/1298 1348/1379/1298 1347/1378/1298
f 1333/1354/1299 1334/1356/1299 1349/1380/1299 1348/1379/1299
f 1334/1356/1300 1335/1358/1300 1350/1381/1300 1349/1380/1300
f 1335/1358/1301 1336/1360/1301 1351/1382/1301 1350/1381/1301
f 1336/1360/1302 1337/1362/1302 1352/1383/1302 1351/1382/1302
f 1337/1362/1303 1338/1364/1303 1353/1384/1303 1352/1383/1303
f 1338/1364/1304 1339/1366/1304 1354/1385/1304 1353/1384/1304
f 1339/1366/1305 1340/1368/1305 1355/1386/1305 1354/1385/1305
f 1340/1368/1306 1341/1370/1306 1356/1387/1306 1355/1386/1306
f 1341/1370/1307 1342/1372/1307 1357/1388/1307 1356/1387/1307
f 1342/1372/1308 1343/1374/1308 1358/1389/1308 1357/1388/1308
f 1344/1376/1309 1345/1375/1309 1360/1390/1309 1359/1391/1309
f 1345/1375/1310 1346/1377/1310 1361/1392/1310 1360/1390/1310
f 1346/1377/1311 1347/1378/1311 1362/1393/1311 1361/1392/1311
f 1347/1378/1312 1348/1379/1312 1363/1394/1312 1362/1393/1312
f 1348/1379/1313 1349/1380/1313 1364/1395/1313 1363/1394/1313
f 1349/1380/1314 1350/1381/1314 1365/1396/1314 1364/1395/1314
f 1350/1381/1315 1351/1382/1315 1366/1397/1315 1365/1396/1315
f 1351/1382/1316 1352/1383/1316 1367/1398/1316 1366/1397/1316
f 1352/1383/1317 1353/1384/1317 1368/1399/1317 1367/1398/1317
f 1353/1384/1318 1354/1385/1318 1369/1400/1318 1368/1399/1318
f 1354/1385/1319 1355/1386/1319 1370/1401/1319 1369/1400/1319
f 1355/1386/1320 1356/1387/1320 1371/1402/1320 1370/1401/1320
f 1356/1387/1321 1357/1388/1321 1372/1403/1321 1371/1402/1321
f 1357/1388/1322 1358/1389/1322 1373/1404/1322 1372/1403/1322
f 1359/1391/1323 1360/1390/1323 1375/1405/1323 1374/1406/1323
f 1360/1390/1324 1361/1392/1324 1376/1407/1324 1375/1405/1324
f 1361/1392/1325 1362/1393/1325 1377/1408/1325 1376/1407/1325
f 1362/1393/1326 1363/1394/1326 1378/1409/1326 1377/1408/1326
f 1363/1394/1327 1364/1395/1327 1379/1410/1327 1378/1409/1327
f 1364/1395/1328 1365/1396/1328 1380/1411/1328 1379/1410/1328
f 1365/1396/1329 1366/1397/1329 1381/1412/1329 1380/1411/1329
f 1366/1397/1330 1367/1398/1330 1382/1413/1330 1381/1412/1330
f 1367/1398/1331 1368/1399/1331 1383/1414/1331 1382/1413/1331
f 1368/1399/1332 1369/1400/1332 1384/1415/1332 1383/1414/1332
f 1369/1400/1333 1370/1401/1333 1385/1416/1333 1384/1415/1333
f 1370/1401/1334 1371/1402/1334 1386/1417/1334 1385/1416/1334
f 1371/1402/1335 1372/1403/1335 1387/1418/1335 1386/1417/1335
f 1372/1403/1336 1373/1404/1336 1388/1419/1336 1387/1418/1336
f 1374/1406/1337 1375/1405/1337 1390/1420/1337 1389/1421/1337
f 1375/1405/1338 1376/1407/1338 1391/1422/1338 1390/1420/1338
f 1376/1407/1339 1377/1408/1339 1392/1423/1339 1391/1422/1339
f 1377/1408/1340 1378/1409/1340 1393/1424/1340 1392/1423/1340
f 1378/1409/1341 1379/1410/1341 1394/1425/1341 1393/1424/1341
f 1379/1410/1342 1380/1411/1342 1395/1426/1342 1394/1425/1342
f 1380/1411/1343 1381/1412/1343 1396/1427/1343 1395/1426/1343
f 1381/1412/1344 1382/1413/1344 1397/1428/1344 1396/1427/1344
f 1382/1413/1345 1383/1414/1345 1398/1429/1345 1397/1428/1345
f 1383/1414/1346 1384/1415/1346 1399/1430/1346 1398/1429/1346
f 1384/1415/1347 1385/1416/1347 1400/1431/1347 1399/1430/1347
f 1385/1416/1348 1386/1417/1348 1401/1432/1348 1400/1431/1348
f 1386/1417/1349 1387/1418/1349 1402/1433/1349 1401/1432/1349
f 1387/1418/1350 1388/1419/1350 1403/1434/1350 1402/1433/1350
f 1389/1421/1351 1390/1420/1351 1405/1435/1351 1404/1436/1351
f 1390/1420/1352 1391/1422/1352 1406/1437/1352 1405/1435/1352
f 1391/1422/1353 1392/1423/1353 1407/1438/1353 1406/1437/1353
f 1392/1423/1354 1393/1424/1354 1408/1439/1354 1407/1438/1354
f 1393/1424/1355 1394/1425/1355 1409/1440/1355 1408/1439/1355
f 1394/1425/1356 1395/1426/1356 1410/1441/1356 1409/1440/1356
f 1395/1426/1357 1396/1427/1357 1411/1442/1357 1410/1441/1357
f 1396/1427/1358 1397/1428/1358 1412/1443/1358 1411/1442/1358
f 1397/1428/1359 1398/1429/1359 1413/1444/1359 1412/1443/1359
f 1398/1429/1360 1399/1430/1360 1414/1445/1360 1413/1444/1360
f 1399/1430/1361 1400/1431/1361 1415/1446/1361 1414/1445/1361
f 1400/1431/1362 1401/1432/1362 1416/1447/1362 1415/1446/1362
f 1401/1432/1363 1402/1433/1363 1417/1448/1363 1416/1447/1363
f 1402/1433/1364 1403/1434/1364 1418/1449/1364 1417/1448/1364
f 1404/1436/1365 1405/1435/1365 1420/1450/1365 1419/1451/1365
f 1405/1435/1366 1406/1437/1366 1421/1452/1366 1420/1450/1366
f 1406/1437/1367 1407/1438/1367 1422/1453/1367 1421/1452/1367
f 1407/1438/1368 1408/1439/1368 1423/1454/1368 1422/1453/1368
f 1408/1439/1369 1409/1440/1369 1424/1455/1369 1423/1454/1369
f 1409/1440/1370 1410/1441/1370 1425/1456/1370 1424/1455/1370
f 1410/1441/1371 1411/1442/1371 1426/1457/1371 1425/1456/1371
f 1411/1442/1372 1412/1443/1372 1427/1458/1372 1426/1457/1372
f 1412/1443/1373 1413/1444/1373 1428/1459/1373 1427/1458/1373
f 1413/1444/1374 1414/1445/1374 1429/1460/1374 1428/1459/1374
f 1414/1445/1375 1415/1446/1375 1430/1461/1375 1429/1460/1375
f 1415/1446/1376 1416/1447/1376 1431/1462/1376 1430/1461/1376
f 1416/1447/1377 1417/1448/1377 1432/1463/1377 1431/1462/1377
f 1417/1448/1378 1418/1449/1378 1433/1464/1378 1432/1463/1378
f 1419/1451/1379 1420/1450/1379 1435/1465/1379 1434/1466/1379
f 1420/1450/1380 1421/1452/1380 1436/1467/1380 1435/1465/1380
f 1421/1452/1381 1422/1453/1381 1437/1468/1381 1436/1467/1381
f 1422/1453/1382 1423/1454/1382 1438/1469/1382 1437/1468/1382
f 1423/1454/1383 1424/1455/1383 1439/1470/1383 1438/1469/1383
f 1424/1455/1384 1425/1456/1384 1440/1471/1384 1439/1470/1384
f 1425/1456/1385 1426/1457/1385 1441/1472/1385 1440/1471/1385
f 1426/1457/1386 1427/1458/1386 1442/1473/1386 1441/1472/1386
f 1427/1458/1387 1428/1459/1387 1443/1474/1387 1442/1473/1387
f 1428/1459/1388 1429/1460/1388 1444/1475/1388 1443/1474/1388
f 1429/1460/1389 1430/1461/1389 1445/1476/1389 1444/1475/1389
f 1430/1461/1390 1431/1462/1390 1446/1477/1390 1445/1476/1390
f 1431/1462/1391 1432/1463/1391 1447/1478/1391 1446/1477/1391
f 1432/1463/1392 1433/1464/1392 1448/1479/1392 1447/1478/1392
f 1434/1466/1393 1435/1465/1393 1450/1480/1393 1449/1481/1393
f 1435/1465/1394 1436/1467/1394 1451/1482/1394 1450/1480/1394
f 1436/1467/1395 1437/1468/1395 1452/1483/1395 1451/1482/1395
f 1437/1468/1396 1438/1469/1396 1453/1484/1396 1452/1483/1396
f 1438/1469/1397 1439/1470/1397 1454/1485/1397 1453/1484/1397
f 1439/1470/1398 1440/1471/1398 1455/1486/1398 1454/1485/1398
f 1440/1471/1399 1441/1472/1399 1456/1487/1399 1455/1486/1399
f 1441/1472/1400 1442/1473/1400 1457/1488/1400 1456/1487/1400
f 1442/1473/1401 1443/1474/1401 1458/1489/1401 1457/1488/1401
f 1443/1474/1402 1444/1475/1402 1459/1490/1402 1458/1489/1402
f 1444/1475/1403 1445/1476/1403 1460/1491/1403 1459/1490/1403
f 1445/1476/1404 1446/1477/1404 1461/1492/1404 1460/1491/1404
f 1446/1477/1405 1447/1478/1405 1462/1493/1405 1461/1492/1405
f 1447/1478/1406 1448/1479/1406 1463/1494/1406 1462/1493/1406
f 1449/1481/1407 1450/1480/1407 1465/1495/1407 1464/1496/1407
f 1450/1480/1408 1451/1482/1408 1466/1497/1408 1465/1495/1408
f 1451/1482/1409 1452/1483/1409 1467/1498/1409 1466/1497/1409
f 1452/1483/1410 1453/1484/1410 1468/1499/1410 1467/1498/1410
f 1453/1484/1411 1454/1485/1411 1469/1500/1411 1468/1499/1411
f 1454/1485/1412 1455/1486/1412 1470/1501/1412 1469/1500/1412
f 1455/1486/1413 1456/1487/1413 1471/1502/1413 1470/1501/1413
f 1456/1487/1414 1457/1488/1414 1472/1503/1414 1471/1502/1414
f 1457/1488/1415 1458/1489/1415 1473/1504/1415 1472/1503/1415
f 1458/1489/1416 1459/1490/1416 1474/1505/1416 1473/1504/1416
f 1459/1490/1417 1460/1491/1417 1475/1506/1417 1474/1505/1417
f 1460/1491/1418 1461/1492/1418 1476/1507/1418 1475/1506/1418
f 1461/1492/1419 1462/1493/1419 1477/1508/1419 1476/1507/1419
f 1462/1493/1420 1463/1494/1420 1478/1509/1420 1477/1508/1420
f 1464/1496/1421 1465/1495/1421 1480/1510/1421 1479/1511/1421
f 1465/1495/1422 1466/1497/1422 1481/1512/1422 1480/1510/1422
f 1466/1497/1423 1467/1498/1423 1482/1513/1423 1481/1512/1423
f 1467/1498/1424 1468/1499/1424 1483/1514/1424 1482/1513/1424
f 1468/1499/1425 1469/1500/1425 1484/1515/1425 1483/1514/1425
f 1469/1500/1426 1470/1501/1426 1485/1516/1426 1484/1515/1426
f 1470/1501/1427 1471/1502/1427 1486/1517/1427 1485/1516/1427
f 1471/1502/1428 1472/1503/1428 1487/1518/1428 1486/1517/1428
f 1472/1503/1429 1473/1504/1429 1488/1519/1429 1487/1518/1429
f 1473/1504/1430 1474/1505/1430 1489/1520/1430 1488/1519/1430
f 1474/1505/1431 1475/1506/1431 1490/1521/1431 1489/1520/1431
f 1475/1506/1432 1476/1507/1432 1491/1522/1432 1490/1521/1432
f 1476/1507/1433 1477/1508/1433 1492/1523/1433 1491/1522/1433
f 1477/1508/1434 1478/1509/1434 1493/1524/1434 1492/1523/1434
f 1479/1511/1435 1480/1510/1435 1495/1525/1435 1494/1526/1435
f 1480/1510/1436 1481/1512/1436 1496/1527/1436 1495/1525/1436
f 1481/1512/1437 1482/1513/1437 1497/1528/1437 1496/1527/1437
f 1482/1513/1438 1483/1514/1438 1498/1529/1438 1497/1528/1438
f 1483/1514/1439 1484/1515/1439 1499/1530/1439 1498/1529/1439
f 1484/1515/1440 1485/1516/1440 1500/1531/1440 1499/1530/1440
f 1485/1516/1441 1486/1517/1441 1501/1532/1441 1500/1531/1441
f 1486/1517/1442 1487/1518/1442 1502/1533/1442 1501/1532/1442
f 1487/1518/1443 1488/1519/1443 1503/1534/1443 1502/1533/1443
f 1488/1519/1444 1489/1520/1444 1504/1535/1444 1503/1534/1444
f 1489/1520/1445 1490/1521/1445 1505/1536/1445 1504/1535/1445
f 1490/1521/1446 1491/1522/1446 1506/1537/1446 1505/1536/1446
f 1491/1522/1447 1492/1523/1447 1507/1538/1447 1506/1537/1447
f 1492/1523/1448 1493/1524/1448 1508/1539/1448 1507/1538/1448
f 1494/1526/1449 1495/1525/1449 1510/1540/1449 1509/1541/1449
f 1495/1525/1450 1496/1527/1450 1511/1542/1450 1510/1540/1450
f 1496/1527/1451 1497/1528/1451 1512/1543/1451 1511/1542/1451
f 1497/1528/1452 1498/1529/1452 1513/1544/1452 1512/1543/1452
f 1498/1529/1453 1499/1530/1453 1514/1545/1453 1513/1544/1453
f 1499/1530/1454 1500/1531/1454 1515/1546/1454 1514/1545/1454
f 1500/1531/1455 1501/1532/1455 1516/1547/1455 1515/1546/1455
f 1501/1532/1456 1502/1533/1456 1517/1548/1456 1516/1547/1456
f 1502/1533/1457 1503/1534/1457 1518/1549/1457 1517/1548/1457
f 1503/1534/1458 1504/1535/1458 1519/1550/1458 1518/1549/1458
f 1504/1535/1459 1505/1536/1459 1520/1551/1459 1519/1550/1459
f 1505/1536/1460 1506/1537/1460 1521/1552/1460 1520/1551/1460
f 1506/1537/1461 1507/1538/1461 1522/1553/1461 1521/1552/1461
f 1507/1538/1462 1508/1539/1462 1523/1554/1462 1522/1553/1462
f 1509/1541/1463 1510/1540/1463 1525/1555/1463 1524/1556/1463
f 1510/1540/1464 1511/1542/1464 1526/1557/1464 1525/1555/1464
f 1511/1542/1465 1512/1543/1465 1527/1558/1465 1526/1557/1465
f 1512/1543/1466 1513/1544/1466 1528/1559/1466 1527/1558/1466
f 1513/1544/1467 1514/1545/1467 1529/1560/1467 1528/1559/1467
f 1514/1545/1468 1515/1546/1468 1530/1561/1468 1529/1560/1468
f 1515/1546/1469 1516/1547/1469 1531/1562/1469 1530/1561/1469
f 1516/1547/1470 1517/1548/1470 1532/1563/1470 1531/1562/1470
f 1517/1548/1471 1518/1549/1471 1533/1564/1471 1532/1563/1471
f 1518/1549/1472 1519/1550/1472 1534/1565/1472 1533/1564/1472
f 1519/1550/1473 1520/1551/1473 1535/1566/1473 1534/1565/1473
f 1520/1551/1474 1521/1552/1474 1536/1567/1474 1535/1566/1474
f 1521/1552/1475 1522/1553/1475 1537/1568/1475 1536/1567/1475
f 1522/1553/1476 1523/1554/1476 1538/1569/1476 1537/1568/1476
f 8/538/1477 98/537/1477 1314/1345/1477 129/796/1477
f 98/537/1478 97/536/1478 1315/1346/1478 1314/1345/1478
f 97/536/1479 96/535/1479 1316/1349/1479 1315/1346/1479
f 96/535/1480 95/534/1480 1317/1351/1480 1316/1349/1480
f 95/534/1481 94/533/1481 1318/1353/1481 1317/1351/1481
f 94/533/1482 93/532/1482 1319/1355/1482 1318/1353/1482
f 93/532/1483 92/531/1483 1320/1357/1483 1319/1355/1483
f 92/531/1484 91/530/1484 1321/1359/1484 1320/1357/1484
f 91/530/1485 90/529/1485 1322/1361/1485 1321/1359/1485
f 90/529/1486 89/528/1486 1323/1363/1486 1322/1361/1486
f 89/528/1487 88/527/1487 1324/1365/1487 1323/1363/1487
f 88/527/1488 87/526/1488 1325/1367/1488 1324/1365/1488
f 87/526/1489 86/525/1489 1326/1369/1489 1325/1367/1489
f 86/525/1490 85/524/1490 1327/1371/1490 1326/1369/1490
f 85/524/1491 84/523/1491 1328/1373/1491 1327/1371/1491
f 84/523/1492 4/259/1492 53/258/1492 1328/1373/1492
f 1328/1373/1493 53/258/1493 52/257/1493 1343/1374/1493
f 1343/1374/1494 52/257/1494 51/256/1494 1358/1389/1494
f 1358/1389/1495 51/256/1495 50/255/1495 1373/1404/1495
f 1373/1404/1496 50/255/1496 49/254/1496 1388/1419/1496
f 1388/1419/1497 49/254/1497 48/253/1497 1403/1434/1497
f 1403/1434/1498 48/253/1498 47/252/1498 1418/1449/1498
f 1418/1449/1499 47/252/1499 46/251/1499 1433/1464/1499
f 1433/1464/1500 46/251/1500 45/250/1500 1448/1479/1500
f 1448/1479/1501 45/250/1501 44/249/1501 1463/1494/1501
f 1463/1494/1502 44/249/1502 43/248/1502 1478/1509/1502
f 1478/1509/1503 43/248/1503 42/247/1503 1493/1524/1503
f 1493/1524/1504 42/247/1504 41/246/1504 1508/1539/1504
f 1508/1539/1505 41/246/1505 40/245/1505 1523/1554/1505
f 1523/1554/1506 40/245/1506 39/244/1506 1538/1569/1506
f 1538/1569/1507 39/244/1507 2/243/1507 188/1089/1507
f 1537/1568/1508 1538/1569/1508 188/1089/1508 187/1088/1508
f 1536/1567/1509 1537/1568/1509 187/1088/1509 186/1087/1509
f 1535/1566/1510 1536/1567/1510 186/1087/1510 185/1086/1510
f 1534/1565/1511 1535/1566/1511 185/1086/1511 184/1085/1511
f 1533/1564/1512 1534/1565/1512 184/1085/1512 183/1084/1512
f 1532/1563/1513 1533/1564/1513 183/1084/1513 182/1083/1513
f 1531/1562/1514 1532/1563/1514 182/1083/1514 181/1082/1514
f 1530/1561/1515 1531/1562/1515 181/1082/1515 180/1081/1515
f 1529/1560/1516 1530/1561/1516 180/1081/1516 179/1080/1516
f 1528/1559/1517 1529/1560/1517 179/1080/1517 178/1079/1517
f 1527/1558/1518 1528/1559/1518 178/1079/1518 177/1078/1518
f 1526/1557/1519 1527/1558/1519 177/1078/1519 176/1077/1519
f 1525/1555/1520 1526/1557/1520 176/1077/1520 175/1076/1520
f 1524/1556/1521 1525/1555/1521 175/1076/1521 174/1075/1521
f 143/810/1522 1524/1556/1522 174/1075/1522 6/811/1522
f 142/809/1523 1509/1541/1523 1524/1556/1523 143/810/1523
f 141/808/1524 1494/1526/1524 1509/1541/1524 142/809/1524
f 140/807/1525 1479/1511/1525 1494/1526/1525 141/808/1525
f 139/806/1526 1464/1496/1526 1479/1511/1526 140/807/1526
f 138/805/1527 1449/1481/1527 1464/1496/1527 139/806/1527
f 137/804/1528 1434/1466/1528 1449/1481/1528 138/805/1528
f 136/803/1529 1419/1451/1529 1434/1466/1529 137/804/1529
f 135/802/1530 1404/1436/1530 1419/1451/1530 136/803/1530
f 134/801/1531 1389/1421/1531 1404/1436/1531 135/802/1531
f 133/800/1532 1374/1406/1532 1389/1421/1532 134/801/1532
f 132/799/1533 1359/1391/1533 1374/1406/1533 133/800/1533
f 131/798/1534 1344/1376/1534 1359/1391/1534 132/799/1534
f 130/797/1535 1329/1348/1535 1344/1376/1535 131/798/1535
f 129/796/1536 1314/1345/1536 1329/1348/1536 130/797/1536
