# Blender 4.5.4 LTS
# www.blender.org
o Torus
v 1.250000 0.000000 0.000000
v 1.225242 0.108471 0.000000
v 1.155872 0.195458 0.000000
v 1.055630 0.243732 0.000000
v 0.944370 0.243732 0.000000
v 0.844128 0.195458 0.000000
v 0.774758 0.108471 0.000000
v 0.750000 0.000000 0.000000
v 0.774758 -0.108471 0.000000
v 0.844128 -0.195458 0.000000
v 0.944370 -0.243732 0.000000
v 1.055630 -0.243732 0.000000
v 1.155872 -0.195458 0.000000
v 1.225242 -0.108471 0.000000
v 1.243981 0.000000 -0.122521
v 1.219342 0.108471 -0.120095
v 1.150307 0.195458 -0.113295
v 1.050547 0.243732 -0.103470
v 0.939822 0.243732 -0.092564
v 0.840063 0.195458 -0.082739
v 0.771027 0.108471 -0.075940
v 0.746389 0.000000 -0.073513
v 0.771027 -0.108471 -0.075940
v 0.840063 -0.195458 -0.082739
v 0.939822 -0.243732 -0.092564
v 1.050547 -0.243732 -0.103470
v 1.150307 -0.195458 -0.113295
v 1.219342 -0.108471 -0.120095
v 1.225982 0.000000 -0.243863
v 1.201699 0.108471 -0.239033
v 1.133663 0.195458 -0.225500
v 1.035347 0.243732 -0.205943
v 0.926224 0.243732 -0.184237
v 0.827908 0.195458 -0.164681
v 0.759871 0.108471 -0.151148
v 0.735589 0.000000 -0.146318
v 0.759871 -0.108471 -0.151148
v 0.827908 -0.195458 -0.164681
v 0.926224 -0.243732 -0.184237
v 1.035347 -0.243732 -0.205943
v 1.133663 -0.195458 -0.225500
v 1.201699 -0.108471 -0.239033
v 1.196175 0.000000 -0.362856
v 1.172484 0.108471 -0.355669
v 1.106101 0.195458 -0.335532
v 1.010175 0.243732 -0.306433
v 0.903705 0.243732 -0.274136
v 0.807780 0.195458 -0.245037
v 0.741397 0.108471 -0.224900
v 0.717705 0.000000 -0.217714
v 0.741397 -0.108471 -0.224900
v 0.807780 -0.195458 -0.245037
v 0.903705 -0.243732 -0.274136
v 1.010175 -0.243732 -0.306433
v 1.106101 -0.195458 -0.335532
v 1.172484 -0.108471 -0.355669
v 1.154849 0.000000 -0.478354
v 1.131976 0.108471 -0.468880
v 1.067887 0.195458 -0.442333
v 0.975275 0.243732 -0.403972
v 0.872484 0.243732 -0.361395
v 0.779872 0.195458 -0.323034
v 0.715783 0.108471 -0.296487
v 0.692910 0.000000 -0.287013
v 0.715783 -0.108471 -0.296487
v 0.779872 -0.195458 -0.323034
v 0.872484 -0.243732 -0.361395
v 0.975275 -0.243732 -0.403972
v 1.067887 -0.195458 -0.442333
v 1.131976 -0.108471 -0.468880
v 1.102402 0.000000 -0.589246
v 1.080567 0.108471 -0.577575
v 1.019389 0.195458 -0.544874
v 0.930983 0.243732 -0.497621
v 0.832860 0.243732 -0.445173
v 0.744454 0.195458 -0.397919
v 0.683275 0.108471 -0.365218
v 0.661441 0.000000 -0.353548
v 0.683275 -0.108471 -0.365218
v 0.744454 -0.195458 -0.397919
v 0.832860 -0.243732 -0.445173
v 0.930983 -0.243732 -0.497621
v 1.019389 -0.195458 -0.544874
v 1.080567 -0.108471 -0.577575
v 1.039337 0.000000 -0.694463
v 1.018752 0.108471 -0.680708
v 0.961073 0.195458 -0.642168
v 0.877724 0.243732 -0.586477
v 0.785215 0.243732 -0.524664
v 0.701866 0.195458 -0.468972
v 0.644188 0.108471 -0.430432
v 0.623602 0.000000 -0.416678
v 0.644188 -0.108471 -0.430432
v 0.701866 -0.195458 -0.468972
v 0.785215 -0.243732 -0.524664
v 0.877724 -0.243732 -0.586477
v 0.961073 -0.195458 -0.642168
v 1.018752 -0.108471 -0.680708
v 0.966263 0.000000 -0.792992
v 0.947125 0.108471 -0.777286
v 0.893501 0.195458 -0.733278
v 0.816013 0.243732 -0.669685
v 0.730008 0.243732 -0.599102
v 0.652519 0.195458 -0.535509
v 0.598896 0.108471 -0.491501
v 0.579758 0.000000 -0.475795
v 0.598896 -0.108471 -0.491501
v 0.652519 -0.195458 -0.535509
v 0.730008 -0.243732 -0.599102
v 0.816013 -0.243732 -0.669685
v 0.893501 -0.195458 -0.733278
v 0.947125 -0.108471 -0.777286
v 0.883883 0.000000 -0.883884
v 0.866377 0.108471 -0.866377
v 0.817325 0.195458 -0.817325
v 0.746443 0.243732 -0.746443
v 0.667770 0.243732 -0.667770
v 0.596888 0.195458 -0.596888
v 0.547836 0.108471 -0.547837
v 0.530330 0.000000 -0.530330
v 0.547836 -0.108471 -0.547837
v 0.596888 -0.195458 -0.596888
v 0.667770 -0.243732 -0.667770
v 0.746443 -0.243732 -0.746443
v 0.817325 -0.195458 -0.817325
v 0.866377 -0.108471 -0.866377
v 0.792992 0.000000 -0.966263
v 0.777286 0.108471 -0.947125
v 0.733278 0.195458 -0.893501
v 0.669685 0.243732 -0.816013
v 0.599102 0.243732 -0.730008
v 0.535509 0.195458 -0.652519
v 0.491501 0.108471 -0.598896
v 0.475795 0.000000 -0.579758
v 0.491501 -0.108471 -0.598896
v 0.535509 -0.195458 -0.652519
v 0.599102 -0.243732 -0.730008
v 0.669685 -0.243732 -0.816013
v 0.733278 -0.195458 -0.893501
v 0.777286 -0.108471 -0.947125
v 0.694463 0.000000 -1.039337
v 0.680708 0.108471 -1.018752
v 0.642168 0.195458 -0.961073
v 0.586477 0.243732 -0.877725
v 0.524664 0.243732 -0.785215
v 0.468972 0.195458 -0.701867
v 0.430432 0.108471 -0.644188
v 0.416678 0.000000 -0.623602
v 0.430432 -0.108471 -0.644188
v 0.468972 -0.195458 -0.701867
v 0.524664 -0.243732 -0.785215
v 0.586477 -0.243732 -0.877725
v 0.642168 -0.195458 -0.961073
v 0.680708 -0.108471 -1.018752
v 0.589246 0.000000 -1.102401
v 0.577575 0.108471 -1.080567
v 0.544875 0.195458 -1.019388
v 0.497621 0.243732 -0.930983
v 0.445173 0.243732 -0.832860
v 0.397919 0.195458 -0.744454
v 0.365218 0.108471 -0.683275
v 0.353548 0.000000 -0.661441
v 0.365218 -0.108471 -0.683275
v 0.397919 -0.195458 -0.744454
v 0.445173 -0.243732 -0.832860
v 0.497621 -0.243732 -0.930983
v 0.544875 -0.195458 -1.019388
v 0.577575 -0.108471 -1.080567
v 0.478355 0.000000 -1.154849
v 0.468880 0.108471 -1.131976
v 0.442334 0.195458 -1.067887
v 0.403972 0.243732 -0.975275
v 0.361395 0.243732 -0.872484
v 0.323034 0.195458 -0.779872
v 0.296487 0.108471 -0.715783
v 0.287013 0.000000 -0.692910
v 0.296487 -0.108471 -0.715783
v 0.323034 -0.195458 -0.779872
v 0.361395 -0.243732 -0.872484
v 0.403972 -0.243732 -0.975275
v 0.442334 -0.195458 -1.067887
v 0.468880 -0.108471 -1.131976
v 0.362856 0.000000 -1.196175
v 0.355669 0.108471 -1.172484
v 0.335532 0.195458 -1.106101
v 0.306433 0.243732 -1.010175
v 0.274136 0.243732 -0.903706
v 0.245037 0.195458 -0.807780
v 0.224900 0.108471 -0.741397
v 0.217713 0.000000 -0.717705
v 0.224900 -0.108471 -0.741397
v 0.245037 -0.195458 -0.807780
v 0.274136 -0.243732 -0.903706
v 0.306433 -0.243732 -1.010175
v 0.335532 -0.195458 -1.106101
v 0.355669 -0.108471 -1.172484
v 0.243863 0.000000 -1.225982
v 0.239033 0.108471 -1.201699
v 0.225500 0.195458 -1.133663
v 0.205943 0.243732 -1.035347
v 0.184238 0.243732 -0.926224
v 0.164681 0.195458 -0.827908
v 0.151148 0.108471 -0.759871
v 0.146318 0.000000 -0.735589
v 0.151148 -0.108471 -0.759871
v 0.164681 -0.195458 -0.827908
v 0.184238 -0.243732 -0.926224
v 0.205943 -0.243732 -1.035347
v 0.225500 -0.195458 -1.133663
v 0.239033 -0.108471 -1.201699
v 0.122521 0.000000 -1.243981
v 0.120095 0.108471 -1.219342
v 0.113295 0.195458 -1.150307
v 0.103470 0.243732 -1.050547
v 0.092564 0.243732 -0.939822
v 0.082739 0.195458 -0.840063
v 0.075939 0.108471 -0.771027
v 0.073513 0.000000 -0.746389
v 0.075939 -0.108471 -0.771027
v 0.082739 -0.195458 -0.840063
v 0.092564 -0.243732 -0.939822
v 0.103470 -0.243732 -1.050547
v 0.113295 -0.195458 -1.150307
v 0.120095 -0.108471 -1.219342
v 0.000000 0.000000 -1.250000
v 0.000000 0.108471 -1.225242
v 0.000000 0.195458 -1.155872
v 0.000000 0.243732 -1.055630
v 0.000000 0.243732 -0.944370
v 0.000000 0.195458 -0.844128
v 0.000000 0.108471 -0.774758
v 0.000000 0.000000 -0.750000
v 0.000000 -0.108471 -0.774758
v 0.000000 -0.195458 -0.844128
v 0.000000 -0.243732 -0.944370
v 0.000000 -0.243732 -1.055630
v 0.000000 -0.195458 -1.155872
v 0.000000 -0.108471 -1.225242
v -0.122522 0.000000 -1.243981
v -0.120095 0.108471 -1.219342
v -0.113296 0.195458 -1.150307
v -0.103470 0.243732 -1.050547
v -0.092565 0.243732 -0.939822
v -0.082739 0.195458 -0.840063
v -0.075940 0.108471 -0.771027
v -0.073513 0.000000 -0.746389
v -0.075940 -0.108471 -0.771027
v -0.082739 -0.195458 -0.840063
v -0.092565 -0.243732 -0.939822
v -0.103470 -0.243732 -1.050547
v -0.113296 -0.195458 -1.150307
v -0.120095 -0.108471 -1.219342
v -0.243863 0.000000 -1.225982
v -0.239033 0.108471 -1.201699
v -0.225500 0.195458 -1.133663
v -0.205943 0.243732 -1.035347
v -0.184237 0.243732 -0.926224
v -0.164681 0.195458 -0.827908
v -0.151148 0.108471 -0.759871
v -0.146318 0.000000 -0.735589
v -0.151148 -0.108471 -0.759871
v -0.164681 -0.195458 -0.827908
v -0.184237 -0.243732 -0.926224
v -0.205943 -0.243732 -1.035347
v -0.225500 -0.195458 -1.133663
v -0.239033 -0.108471 -1.201699
v -0.362856 0.000000 -1.196176
v -0.355669 0.108471 -1.172484
v -0.335532 0.195458 -1.106101
v -0.306433 0.243732 -1.010175
v -0.274136 0.243732 -0.903706
v -0.245037 0.195458 -0.807780
v -0.224900 0.108471 -0.741397
v -0.217713 0.000000 -0.717705
v -0.224900 -0.108471 -0.741397
v -0.245037 -0.195458 -0.807780
v -0.274136 -0.243732 -0.903706
v -0.306433 -0.243732 -1.010175
v -0.335532 -0.195458 -1.106101
v -0.355669 -0.108471 -1.172484
v -0.478354 0.000000 -1.154849
v -0.468880 0.108471 -1.131976
v -0.442333 0.195458 -1.067887
v -0.403972 0.243732 -0.975275
v -0.361395 0.243732 -0.872484
v -0.323034 0.195458 -0.779872
v -0.296487 0.108471 -0.715783
v -0.287013 0.000000 -0.692910
v -0.296487 -0.108471 -0.715783
v -0.323034 -0.195458 -0.779872
v -0.361395 -0.243732 -0.872484
v -0.403972 -0.243732 -0.975275
v -0.442333 -0.195458 -1.067887
v -0.468880 -0.108471 -1.131976
v -0.589246 0.000000 -1.102402
v -0.577575 0.108471 -1.080567
v -0.544874 0.195458 -1.019389
v -0.497621 0.243732 -0.930983
v -0.445173 0.243732 -0.832860
v -0.397919 0.195458 -0.744454
v -0.365218 0.108471 -0.683275
v -0.353547 0.000000 -0.661441
v -0.365218 -0.108471 -0.683275
v -0.397919 -0.195458 -0.744454
v -0.445173 -0.243732 -0.832860
v -0.497621 -0.243732 -0.930983
v -0.544874 -0.195458 -1.019389
v -0.577575 -0.108471 -1.080567
v -0.694462 0.000000 -1.039337
v -0.680708 0.108471 -1.018752
v -0.642168 0.195458 -0.961073
v -0.586476 0.243732 -0.877725
v -0.524663 0.243732 -0.785215
v -0.468972 0.195458 -0.701867
v -0.430432 0.108471 -0.644188
v -0.416677 0.000000 -0.623602
v -0.430432 -0.108471 -0.644188
v -0.468972 -0.195458 -0.701867
v -0.524663 -0.243732 -0.785215
v -0.586476 -0.243732 -0.877725
v -0.642168 -0.195458 -0.961073
v -0.680708 -0.108471 -1.018752
v -0.792992 0.000000 -0.966263
v -0.777285 0.108471 -0.947125
v -0.733278 0.195458 -0.893502
v -0.669685 0.243732 -0.816013
v -0.599102 0.243732 -0.730008
v -0.535509 0.195458 -0.652519
v -0.491501 0.108471 -0.598896
v -0.475795 0.000000 -0.579758
v -0.491501 -0.108471 -0.598896
v -0.535509 -0.195458 -0.652519
v -0.599102 -0.243732 -0.730008
v -0.669685 -0.243732 -0.816013
v -0.733278 -0.195458 -0.893502
v -0.777285 -0.108471 -0.947125
v -0.883884 0.000000 -0.883883
v -0.866377 0.108471 -0.866377
v -0.817325 0.195458 -0.817325
v -0.746443 0.243732 -0.746443
v -0.667770 0.243732 -0.667770
v -0.596888 0.195458 -0.596888
v -0.547837 0.108471 -0.547836
v -0.530330 0.000000 -0.530330
v -0.547837 -0.108471 -0.547836
v -0.596888 -0.195458 -0.596888
v -0.667770 -0.243732 -0.667770
v -0.746443 -0.243732 -0.746443
v -0.817325 -0.195458 -0.817325
v -0.866377 -0.108471 -0.866377
v -0.966263 0.000000 -0.792992
v -0.947125 0.108471 -0.777285
v -0.893502 0.195458 -0.733278
v -0.816013 0.243732 -0.669685
v -0.730008 0.243732 -0.599102
v -0.652519 0.195458 -0.535509
v -0.598896 0.108471 -0.491501
v -0.579758 0.000000 -0.475795
v -0.598896 -0.108471 -0.491501
v -0.652519 -0.195458 -0.535509
v -0.730008 -0.243732 -0.599102
v -0.816013 -0.243732 -0.669685
v -0.893502 -0.195458 -0.733278
v -0.947125 -0.108471 -0.777285
v -1.039337 0.000000 -0.694463
v -1.018752 0.108471 -0.680708
v -0.961073 0.195458 -0.642168
v -0.877724 0.243732 -0.586477
v -0.785215 0.243732 -0.524664
v -0.701866 0.195458 -0.468972
v -0.644188 0.108471 -0.430432
v -0.623602 0.000000 -0.416678
v -0.644188 -0.108471 -0.430432
v -0.701866 -0.195458 -0.468972
v -0.785215 -0.243732 -0.524664
v -0.877724 -0.243732 -0.586477
v -0.961073 -0.195458 -0.642168
v -1.018752 -0.108471 -0.680708
v -1.102402 0.000000 -0.589246
v -1.080567 0.108471 -0.577575
v -1.019389 0.195458 -0.544874
v -0.930983 0.243732 -0.497621
v -0.832860 0.243732 -0.445173
v -0.744454 0.195458 -0.397919
v -0.683275 0.108471 -0.365218
v -0.661441 0.000000 -0.353547
v -0.683275 -0.108471 -0.365218
v -0.744454 -0.195458 -0.397919
v -0.832860 -0.243732 -0.445173
v -0.930983 -0.243732 -0.497621
v -1.019389 -0.195458 -0.544874
v -1.080567 -0.108471 -0.577575
v -1.154849 0.000000 -0.478354
v -1.131976 0.108471 -0.468880
v -1.067887 0.195458 -0.442333
v -0.975275 0.243732 -0.403972
v -0.872484 0.243732 -0.361395
v -0.779872 0.195458 -0.323034
v -0.715783 0.108471 -0.296487
v -0.692910 0.000000 -0.287013
v -0.715783 -0.108471 -0.296487
v -0.779872 -0.195458 -0.323034
v -0.872484 -0.243732 -0.361395
v -0.975275 -0.243732 -0.403972
v -1.067887 -0.195458 -0.442333
v -1.131976 -0.108471 -0.468880
v -1.196175 0.000000 -0.362856
v -1.172484 0.108471 -0.355669
v -1.106101 0.195458 -0.335532
v -1.010175 0.243732 -0.306434
v -0.903705 0.243732 -0.274136
v -0.807780 0.195458 -0.245038
v -0.741397 0.108471 -0.224901
v -0.717705 0.000000 -0.217714
v -0.741397 -0.108471 -0.224901
v -0.807780 -0.195458 -0.245038
v -0.903705 -0.243732 -0.274136
v -1.010175 -0.243732 -0.306434
v -1.106101 -0.195458 -0.335532
v -1.172484 -0.108471 -0.355669
v -1.225982 0.000000 -0.243863
v -1.201700 0.108471 -0.239033
v -1.133663 0.195458 -0.225500
v -1.035347 0.243732 -0.205943
v -0.926224 0.243732 -0.184237
v -0.827908 0.195458 -0.164681
v -0.759871 0.108471 -0.151148
v -0.735589 0.000000 -0.146318
v -0.759871 -0.108471 -0.151148
v -0.827908 -0.195458 -0.164681
v -0.926224 -0.243732 -0.184237
v -1.035347 -0.243732 -0.205943
v -1.133663 -0.195458 -0.225500
v -1.201700 -0.108471 -0.239033
v -1.243981 0.000000 -0.122521
v -1.219342 0.108471 -0.120094
v -1.150307 0.195458 -0.113295
v -1.050547 0.243732 -0.103470
v -0.939822 0.243732 -0.092564
v -0.840063 0.195458 -0.082739
v -0.771027 0.108471 -0.075939
v -0.746389 0.000000 -0.073513
v -0.771027 -0.108471 -0.075939
v -0.840063 -0.195458 -0.082739
v -0.939822 -0.243732 -0.092564
v -1.050547 -0.243732 -0.103470
v -1.150307 -0.195458 -0.113295
v -1.219342 -0.108471 -0.120094
v -1.250000 0.000000 -0.000000
v -1.225242 0.108471 -0.000000
v -1.155872 0.195458 -0.000000
v -1.055630 0.243732 -0.000000
v -0.944370 0.243732 -0.000000
v -0.844128 0.195458 -0.000000
v -0.774758 0.108471 -0.000000
v -0.750000 0.000000 -0.000000
v -0.774758 -0.108471 -0.000000
v -0.844128 -0.195458 -0.000000
v -0.944370 -0.243732 -0.000000
v -1.055630 -0.243732 -0.000000
v -1.155872 -0.195458 -0.000000
v -1.225242 -0.108471 -0.000000
v -1.243981 0.000000 0.122521
v -1.219342 0.108471 0.120094
v -1.150307 0.195458 0.113295
v -1.050547 0.243732 0.103470
v -0.939822 0.243732 0.092564
v -0.840063 0.195458 0.082739
v -0.771027 0.108471 0.075939
v -0.746389 0.000000 0.073513
v -0.771027 -0.108471 0.075939
v -0.840063 -0.195458 0.082739
v -0.939822 -0.243732 0.092564
v -1.050547 -0.243732 0.103470
v -1.150307 -0.195458 0.113295
v -1.219342 -0.108471 0.120094
v -1.225982 0.000000 0.243863
v -1.201700 0.108471 0.239033
v -1.133663 0.195458 0.225500
v -1.035347 0.243732 0.205943
v -0.926224 0.243732 0.184237
v -0.827908 0.195458 0.164681
v -0.759871 0.108471 0.151148
v -0.735589 0.000000 0.146318
v -0.759871 -0.108471 0.151148
v -0.827908 -0.195458 0.164681
v -0.926224 -0.243732 0.184237
v -1.035347 -0.243732 0.205943
v -1.133663 -0.195458 0.225500
v -1.201700 -0.108471 0.239033
v -1.196176 0.000000 0.362856
v -1.172484 0.108471 0.355669
v -1.106101 0.195458 0.335532
v -1.010175 0.243732 0.306433
v -0.903706 0.243732 0.274136
v -0.807780 0.195458 0.245037
v -0.741397 0.108471 0.224900
v -0.717705 0.000000 0.217713
v -0.741397 -0.108471 0.224900
v -0.807780 -0.195458 0.245037
v -0.903706 -0.243732 0.274136
v -1.010175 -0.243732 0.306433
v -1.106101 -0.195458 0.335532
v -1.172484 -0.108471 0.355669
v -1.154850 0.000000 0.478354
v -1.131976 0.108471 0.468879
v -1.067887 0.195458 0.442333
v -0.975275 0.243732 0.403972
v -0.872484 0.243732 0.361394
v -0.779872 0.195458 0.323033
v -0.715783 0.108471 0.296487
v -0.692910 0.000000 0.287012
v -0.715783 -0.108471 0.296487
v -0.779872 -0.195458 0.323033
v -0.872484 -0.243732 0.361394
v -0.975275 -0.243732 0.403972
v -1.067887 -0.195458 0.442333
v -1.131976 -0.108471 0.468879
v -1.102402 0.000000 0.589246
v -1.080567 0.108471 0.577575
v -1.019389 0.195458 0.544874
v -0.930983 0.243732 0.497621
v -0.832860 0.243732 0.445173
v -0.744454 0.195458 0.397919
v -0.683275 0.108471 0.365218
v -0.661441 0.000000 0.353547
v -0.683275 -0.108471 0.365218
v -0.744454 -0.195458 0.397919
v -0.832860 -0.243732 0.445173
v -0.930983 -0.243732 0.497621
v -1.019389 -0.195458 0.544874
v -1.080567 -0.108471 0.577575
v -1.039337 0.000000 0.694463
v -1.018752 0.108471 0.680708
v -0.961073 0.195458 0.642168
v -0.877724 0.243732 0.586477
v -0.785215 0.243732 0.524664
v -0.701866 0.195458 0.468972
v -0.644188 0.108471 0.430432
v -0.623602 0.000000 0.416678
v -0.644188 -0.108471 0.430432
v -0.701866 -0.195458 0.468972
v -0.785215 -0.243732 0.524664
v -0.877724 -0.243732 0.586477
v -0.961073 -0.195458 0.642168
v -1.018752 -0.108471 0.680708
v -0.966263 0.000000 0.792991
v -0.947125 0.108471 0.777285
v -0.893502 0.195458 0.733277
v -0.816014 0.243732 0.669684
v -0.730008 0.243732 0.599101
v -0.652520 0.195458 0.535508
v -0.598896 0.108471 0.491501
v -0.579758 0.000000 0.475795
v -0.598896 -0.108471 0.491501
v -0.652520 -0.195458 0.535508
v -0.730008 -0.243732 0.599101
v -0.816014 -0.243732 0.669684
v -0.893502 -0.195458 0.733277
v -0.947125 -0.108471 0.777285
v -0.883884 0.000000 0.883883
v -0.866377 0.108471 0.866377
v -0.817325 0.195458 0.817325
v -0.746443 0.243732 0.746443
v -0.667770 0.243732 0.667770
v -0.596888 0.195458 0.596888
v -0.547837 0.108471 0.547836
v -0.530330 0.000000 0.530330
v -0.547837 -0.108471 0.547836
v -0.596888 -0.195458 0.596888
v -0.667770 -0.243732 0.667770
v -0.746443 -0.243732 0.746443
v -0.817325 -0.195458 0.817325
v -0.866377 -0.108471 0.866377
v -0.792992 0.000000 0.966263
v -0.777285 0.108471 0.947125
v -0.733278 0.195458 0.893502
v -0.669685 0.243732 0.816013
v -0.599102 0.243732 0.730008
v -0.535509 0.195458 0.652519
v -0.491501 0.108471 0.598896
v -0.475795 0.000000 0.579758
v -0.491501 -0.108471 0.598896
v -0.535509 -0.195458 0.652519
v -0.599102 -0.243732 0.730008
v -0.669685 -0.243732 0.816013
v -0.733278 -0.195458 0.893502
v -0.777285 -0.108471 0.947125
v -0.694463 0.000000 1.039337
v -0.680709 0.108471 1.018751
v -0.642169 0.195458 0.961072
v -0.586477 0.243732 0.877724
v -0.524664 0.243732 0.785214
v -0.468973 0.195458 0.701866
v -0.430433 0.108471 0.644187
v -0.416678 0.000000 0.623602
v -0.430433 -0.108471 0.644187
v -0.468973 -0.195458 0.701866
v -0.524664 -0.243732 0.785214
v -0.586477 -0.243732 0.877724
v -0.642169 -0.195458 0.961072
v -0.680709 -0.108471 1.018751
v -0.589246 0.000000 1.102401
v -0.577576 0.108471 1.080567
v -0.544875 0.195458 1.019388
v -0.497621 0.243732 0.930983
v -0.445173 0.243732 0.832860
v -0.397919 0.195458 0.744454
v -0.365219 0.108471 0.683275
v -0.353548 0.000000 0.661441
v -0.365219 -0.108471 0.683275
v -0.397919 -0.195458 0.744454
v -0.445173 -0.243732 0.832860
v -0.497621 -0.243732 0.930983
v -0.544875 -0.195458 1.019388
v -0.577576 -0.108471 1.080567
v -0.478354 0.000000 1.154849
v -0.468880 0.108471 1.131976
v -0.442333 0.195458 1.067887
v -0.403972 0.243732 0.975275
v -0.361395 0.243732 0.872484
v -0.323034 0.195458 0.779872
v -0.296487 0.108471 0.715783
v -0.287013 0.000000 0.692910
v -0.296487 -0.108471 0.715783
v -0.323034 -0.195458 0.779872
v -0.361395 -0.243732 0.872484
v -0.403972 -0.243732 0.975275
v -0.442333 -0.195458 1.067887
v -0.468880 -0.108471 1.131976
v -0.362856 0.000000 1.196176
v -0.355669 0.108471 1.172484
v -0.335532 0.195458 1.106101
v -0.306433 0.243732 1.010175
v -0.274136 0.243732 0.903706
v -0.245037 0.195458 0.807780
v -0.224900 0.108471 0.741397
v -0.217713 0.000000 0.717705
v -0.224900 -0.108471 0.741397
v -0.245037 -0.195458 0.807780
v -0.274136 -0.243732 0.903706
v -0.306433 -0.243732 1.010175
v -0.335532 -0.195458 1.106101
v -0.355669 -0.108471 1.172484
v -0.243863 0.000000 1.225981
v -0.239033 0.108471 1.201699
v -0.225500 0.195458 1.133663
v -0.205944 0.243732 1.035347
v -0.184238 0.243732 0.926224
v -0.164682 0.195458 0.827908
v -0.151148 0.108471 0.759871
v -0.146318 0.000000 0.735589
v -0.151148 -0.108471 0.759871
v -0.164682 -0.195458 0.827908
v -0.184238 -0.243732 0.926224
v -0.205944 -0.243732 1.035347
v -0.225500 -0.195458 1.133663
v -0.239033 -0.108471 1.201699
v -0.122522 0.000000 1.243981
v -0.120095 0.108471 1.219342
v -0.113296 0.195458 1.150307
v -0.103470 0.243732 1.050547
v -0.092565 0.243732 0.939822
v -0.082739 0.195458 0.840063
v -0.075940 0.108471 0.771027
v -0.073513 0.000000 0.746389
v -0.075940 -0.108471 0.771027
v -0.082739 -0.195458 0.840063
v -0.092565 -0.243732 0.939822
v -0.103470 -0.243732 1.050547
v -0.113296 -0.195458 1.150307
v -0.120095 -0.108471 1.219342
v 0.000000 0.000000 1.250000
v 0.000000 0.108471 1.225242
v 0.000000 0.195458 1.155872
v 0.000000 0.243732 1.055630
v 0.000000 0.243732 0.944370
v 0.000000 0.195458 0.844128
v 0.000000 0.108471 0.774758
v 0.000000 0.000000 0.750000
v 0.000000 -0.108471 0.774758
v 0.000000 -0.195458 0.844128
v 0.000000 -0.243732 0.944370
v 0.000000 -0.243732 1.055630
v 0.000000 -0.195458 1.155872
v 0.000000 -0.108471 1.225242
v 0.122521 0.000000 1.243981
v 0.120094 0.108471 1.219342
v 0.113295 0.195458 1.150307
v 0.103469 0.243732 1.050547
v 0.092564 0.243732 0.939822
v 0.082738 0.195458 0.840063
v 0.075939 0.108471 0.771027
v 0.073512 0.000000 0.746389
v 0.075939 -0.108471 0.771027
v 0.082738 -0.195458 0.840063
v 0.092564 -0.243732 0.939822
v 0.103469 -0.243732 1.050547
v 0.113295 -0.195458 1.150307
v 0.120094 -0.108471 1.219342
v 0.243863 0.000000 1.225982
v 0.239033 0.108471 1.201700
v 0.225499 0.195458 1.133663
v 0.205943 0.243732 1.035347
v 0.184237 0.243732 0.926224
v 0.164681 0.195458 0.827908
v 0.151148 0.108471 0.759871
v 0.146318 0.000000 0.735589
v 0.151148 -0.108471 0.759871
v 0.164681 -0.195458 0.827908
v 0.184237 -0.243732 0.926224
v 0.205943 -0.243732 1.035347
v 0.225499 -0.195458 1.133663
v 0.239033 -0.108471 1.201700
v 0.362856 0.000000 1.196175
v 0.355669 0.108471 1.172484
v 0.335532 0.195458 1.106101
v 0.306433 0.243732 1.010175
v 0.274136 0.243732 0.903706
v 0.245037 0.195458 0.807780
v 0.224900 0.108471 0.741397
v 0.217713 0.000000 0.717705
v 0.224900 -0.108471 0.741397
v 0.245037 -0.195458 0.807780
v 0.274136 -0.243732 0.903706
v 0.306433 -0.243732 1.010175
v 0.335532 -0.195458 1.106101
v 0.355669 -0.108471 1.172484
v 0.478355 0.000000 1.154849
v 0.468880 0.108471 1.131976
v 0.442334 0.195458 1.067887
v 0.403972 0.243732 0.975275
v 0.361395 0.243732 0.872484
v 0.323034 0.195458 0.779872
v 0.296487 0.108471 0.715783
v 0.287013 0.000000 0.692910
v 0.296487 -0.108471 0.715783
v 0.323034 -0.195458 0.779872
v 0.361395 -0.243732 0.872484
v 0.403972 -0.243732 0.975275
v 0.442334 -0.195458 1.067887
v 0.468880 -0.108471 1.131976
v 0.589245 0.000000 1.102402
v 0.577575 0.108471 1.080567
v 0.544874 0.195458 1.019389
v 0.497620 0.243732 0.930983
v 0.445172 0.243732 0.832860
v 0.397919 0.195458 0.744454
v 0.365218 0.108471 0.683276
v 0.353547 0.000000 0.661441
v 0.365218 -0.108471 0.683276
v 0.397919 -0.195458 0.744454
v 0.445172 -0.243732 0.832860
v 0.497620 -0.243732 0.930983
v 0.544874 -0.195458 1.019389
v 0.577575 -0.108471 1.080567
v 0.694463 0.000000 1.039337
v 0.680708 0.108471 1.018752
v 0.642168 0.195458 0.961073
v 0.586477 0.243732 0.877725
v 0.524664 0.243732 0.785215
v 0.468972 0.195458 0.701867
v 0.430432 0.108471 0.644188
v 0.416678 0.000000 0.623602
v 0.430432 -0.108471 0.644188
v 0.468972 -0.195458 0.701867
v 0.524664 -0.243732 0.785215
v 0.586477 -0.243732 0.877725
v 0.642168 -0.195458 0.961073
v 0.680708 -0.108471 1.018752
v 0.792992 0.000000 0.966263
v 0.777286 0.108471 0.947125
v 0.733278 0.195458 0.893501
v 0.669685 0.243732 0.816013
v 0.599102 0.243732 0.730008
v 0.535509 0.195458 0.652519
v 0.491501 0.108471 0.598896
v 0.475795 0.000000 0.579758
v 0.491501 -0.108471 0.598896
v 0.535509 -0.195458 0.652519
v 0.599102 -0.243732 0.730008
v 0.669685 -0.243732 0.816013
v 0.733278 -0.195458 0.893501
v 0.777286 -0.108471 0.947125
v 0.883883 0.000000 0.883884
v 0.866377 0.108471 0.866378
v 0.817325 0.195458 0.817326
v 0.746443 0.243732 0.746444
v 0.667770 0.243732 0.667771
v 0.596888 0.195458 0.596889
v 0.547836 0.108471 0.547837
v 0.530330 0.000000 0.530330
v 0.547836 -0.108471 0.547837
v 0.596888 -0.195458 0.596889
v 0.667770 -0.243732 0.667771
v 0.746443 -0.243732 0.746444
v 0.817325 -0.195458 0.817326
v 0.866377 -0.108471 0.866378
v 0.966263 0.000000 0.792992
v 0.947125 0.108471 0.777286
v 0.893501 0.195458 0.733278
v 0.816013 0.243732 0.669685
v 0.730008 0.243732 0.599102
v 0.652519 0.195458 0.535509
v 0.598896 0.108471 0.491501
v 0.579758 0.000000 0.475795
v 0.598896 -0.108471 0.491501
v 0.652519 -0.195458 0.535509
v 0.730008 -0.243732 0.599102
v 0.816013 -0.243732 0.669685
v 0.893501 -0.195458 0.733278
v 0.947125 -0.108471 0.777286
v 1.039337 0.000000 0.694463
v 1.018752 0.108471 0.680708
v 0.961073 0.195458 0.642168
v 0.877724 0.243732 0.586477
v 0.785215 0.243732 0.524664
v 0.701866 0.195458 0.468972
v 0.644188 0.108471 0.430432
v 0.623602 0.000000 0.416678
v 0.644188 -0.108471 0.430432
v 0.701866 -0.195458 0.468972
v 0.785215 -0.243732 0.524664
v 0.877724 -0.243732 0.586477
v 0.961073 -0.195458 0.642168
v 1.018752 -0.108471 0.680708
v 1.102402 0.000000 0.589246
v 1.080567 0.108471 0.577575
v 1.019389 0.195458 0.544874
v 0.930983 0.243732 0.497620
v 0.832860 0.243732 0.445173
v 0.744454 0.195458 0.397919
v 0.683276 0.108471 0.365218
v 0.661441 0.000000 0.353547
v 0.683276 -0.108471 0.365218
v 0.744454 -0.195458 0.397919
v 0.832860 -0.243732 0.445173
v 0.930983 -0.243732 0.497620
v 1.019389 -0.195458 0.544874
v 1.080567 -0.108471 0.577575
v 1.154849 0.000000 0.478355
v 1.131976 0.108471 0.468880
v 1.067887 0.195458 0.442334
v 0.975275 0.243732 0.403973
v 0.872484 0.243732 0.361395
v 0.779872 0.195458 0.323034
v 0.715783 0.108471 0.296487
v 0.692910 0.000000 0.287013
v 0.715783 -0.108471 0.296487
v 0.779872 -0.195458 0.323034
v 0.872484 -0.243732 0.361395
v 0.975275 -0.243732 0.403973
v 1.067887 -0.195458 0.442334
v 1.131976 -0.108471 0.468880
v 1.196175 0.000000 0.362856
v 1.172484 0.108471 0.355669
v 1.106101 0.195458 0.335532
v 1.010175 0.243732 0.306433
v 0.903705 0.243732 0.274136
v 0.807780 0.195458 0.245037
v 0.741397 0.108471 0.224900
v 0.717705 0.000000 0.217714
v 0.741397 -0.108471 0.224900
v 0.807780 -0.195458 0.245037
v 0.903705 -0.243732 0.274136
v 1.010175 -0.243732 0.306433
v 1.106101 -0.195458 0.335532
v 1.172484 -0.108471 0.355669
v 1.225982 0.000000 0.243863
v 1.201700 0.108471 0.239033
v 1.133663 0.195458 0.225499
v 1.035347 0.243732 0.205943
v 0.926224 0.243732 0.184237
v 0.827908 0.195458 0.164681
v 0.759871 0.108471 0.151148
v 0.735589 0.000000 0.146318
v 0.759871 -0.108471 0.151148
v 0.827908 -0.195458 0.164681
v 0.926224 -0.243732 0.184237
v 1.035347 -0.243732 0.205943
v 1.133663 -0.195458 0.225499
v 1.201700 -0.108471 0.239033
v 1.243981 0.000000 0.122522
v 1.219342 0.108471 0.120095
v 1.150307 0.195458 0.113296
v 1.050547 0.243732 0.103470
v 0.939822 0.243732 0.092565
v 0.840063 0.195458 0.082739
v 0.771027 0.108471 0.075940
v 0.746388 0.000000 0.073513
v 0.771027 -0.108471 0.075940
v 0.840063 -0.195458 0.082739
v 0.939822 -0.243732 0.092565
v 1.050547 -0.243732 0.103470
v 1.150307 -0.195458 0.113296
v 1.219342 -0.108471 0.120095
vn 0.9738 0.2223 -0.0478
vn 0.7813 0.6230 -0.0384
vn 0.4338 0.9008 -0.0213
vn -0.0000 1.0000 -0.0000
vn -0.4338 0.9008 0.0213
vn -0.7813 0.6230 0.0384
vn -0.9738 0.2223 0.0478
vn -0.9738 -0.2223 0.0478
vn -0.7813 -0.6230 0.0384
vn -0.4338 -0.9008 0.0213
vn -0.0000 -1.0000 -0.0000
vn 0.4338 -0.9008 -0.0213
vn 0.7813 -0.6230 -0.0384
vn 0.9738 -0.2223 -0.0478
vn 0.9644 0.2223 -0.1431
vn 0.7737 0.6230 -0.1148
vn 0.4296 0.9008 -0.0637
vn -0.4296 0.9008 0.0637
vn -0.7737 0.6230 0.1148
vn -0.9644 0.2223 0.1431
vn -0.9644 -0.2223 0.1431
vn -0.7737 -0.6230 0.1148
vn -0.4296 -0.9008 0.0637
vn 0.4296 -0.9008 -0.0637
vn 0.7737 -0.6230 -0.1148
vn 0.9644 -0.2223 -0.1431
vn 0.9458 0.2223 -0.2369
vn 0.7588 0.6230 -0.1901
vn 0.4213 0.9008 -0.1055
vn -0.4213 0.9008 0.1055
vn -0.7588 0.6230 0.1901
vn -0.9458 0.2223 0.2369
vn -0.9458 -0.2223 0.2369
vn -0.7588 -0.6230 0.1901
vn -0.4213 -0.9008 0.1055
vn 0.4213 -0.9008 -0.1055
vn 0.7588 -0.6230 -0.1901
vn 0.9458 -0.2223 -0.2369
vn 0.9180 0.2223 -0.3285
vn 0.7365 0.6230 -0.2635
vn 0.4089 0.9008 -0.1463
vn -0.4089 0.9008 0.1463
vn -0.7365 0.6230 0.2635
vn -0.9180 0.2223 0.3285
vn -0.9180 -0.2223 0.3285
vn -0.7365 -0.6230 0.2635
vn -0.4089 -0.9008 0.1463
vn 0.4089 -0.9008 -0.1463
vn 0.7365 -0.6230 -0.2635
vn 0.9180 -0.2223 -0.3285
vn 0.8814 0.2223 -0.4169
vn 0.7071 0.6230 -0.3344
vn 0.3926 0.9008 -0.1857
vn -0.3926 0.9008 0.1857
vn -0.7071 0.6230 0.3344
vn -0.8814 0.2223 0.4169
vn -0.8814 -0.2223 0.4169
vn -0.7071 -0.6230 0.3344
vn -0.3926 -0.9008 0.1857
vn 0.3926 -0.9008 -0.1857
vn 0.7071 -0.6230 -0.3344
vn 0.8814 -0.2223 -0.4169
vn 0.8363 0.2223 -0.5012
vn 0.6709 0.6230 -0.4021
vn 0.3725 0.9008 -0.2233
vn -0.3725 0.9008 0.2233
vn -0.6709 0.6230 0.4021
vn -0.8363 0.2223 0.5012
vn -0.8363 -0.2223 0.5012
vn -0.6709 -0.6230 0.4021
vn -0.3725 -0.9008 0.2233
vn 0.3725 -0.9008 -0.2233
vn 0.6709 -0.6230 -0.4021
vn 0.8363 -0.2223 -0.5012
vn 0.7831 0.2223 -0.5808
vn 0.6283 0.6230 -0.4660
vn 0.3488 0.9008 -0.2587
vn -0.3488 0.9008 0.2587
vn -0.6283 0.6230 0.4660
vn -0.7831 0.2223 0.5808
vn -0.7831 -0.2223 0.5808
vn -0.6283 -0.6230 0.4660
vn -0.3488 -0.9008 0.2587
vn 0.3488 -0.9008 -0.2587
vn 0.6283 -0.6230 -0.4660
vn 0.7831 -0.2223 -0.5808
vn 0.7224 0.2223 -0.6548
vn 0.5796 0.6230 -0.5253
vn 0.3218 0.9008 -0.2917
vn -0.3218 0.9008 0.2917
vn -0.5796 0.6230 0.5253
vn -0.7224 0.2223 0.6548
vn -0.7224 -0.2223 0.6548
vn -0.5796 -0.6230 0.5253
vn -0.3218 -0.9008 0.2917
vn 0.3218 -0.9008 -0.2917
vn 0.5796 -0.6230 -0.5253
vn 0.7224 -0.2223 -0.6548
vn 0.6548 0.2223 -0.7224
vn 0.5253 0.6230 -0.5796
vn 0.2917 0.9008 -0.3218
vn -0.2917 0.9008 0.3218
vn -0.5253 0.6230 0.5796
vn -0.6548 0.2223 0.7224
vn -0.6548 -0.2223 0.7224
vn -0.5253 -0.6230 0.5796
vn -0.2917 -0.9008 0.3218
vn 0.2917 -0.9008 -0.3218
vn 0.5253 -0.6230 -0.5796
vn 0.6548 -0.2223 -0.7224
vn 0.5808 0.2223 -0.7831
vn 0.4660 0.6230 -0.6283
vn 0.2587 0.9008 -0.3488
vn -0.2587 0.9008 0.3488
vn -0.4660 0.6230 0.6283
vn -0.5808 0.2223 0.7831
vn -0.5808 -0.2223 0.7831
vn -0.4660 -0.6230 0.6283
vn -0.2587 -0.9008 0.3488
vn 0.2587 -0.9008 -0.3488
vn 0.4660 -0.6230 -0.6283
vn 0.5808 -0.2223 -0.7831
vn 0.5012 0.2223 -0.8363
vn 0.4021 0.6230 -0.6709
vn 0.2233 0.9008 -0.3725
vn -0.2233 0.9008 0.3725
vn -0.4021 0.6230 0.6709
vn -0.5012 0.2223 0.8363
vn -0.5012 -0.2223 0.8363
vn -0.4021 -0.6230 0.6709
vn -0.2233 -0.9008 0.3725
vn 0.2233 -0.9008 -0.3725
vn 0.4021 -0.6230 -0.6709
vn 0.5012 -0.2223 -0.8363
vn 0.4169 0.2223 -0.8814
vn 0.3344 0.6230 -0.7071
vn 0.1857 0.9008 -0.3926
vn -0.1857 0.9008 0.3926
vn -0.3344 0.6230 0.7071
vn -0.4169 0.2223 0.8814
vn -0.4169 -0.2223 0.8814
vn -0.3344 -0.6230 0.7071
vn -0.1857 -0.9008 0.3926
vn 0.1857 -0.9008 -0.3926
vn 0.3344 -0.6230 -0.7071
vn 0.4169 -0.2223 -0.8814
vn 0.3285 0.2223 -0.9180
vn 0.2635 0.6230 -0.7365
vn 0.1463 0.9008 -0.4089
vn -0.1463 0.9008 0.4089
vn -0.2635 0.6230 0.7365
vn -0.3285 0.2223 0.9180
vn -0.3285 -0.2223 0.9180
vn -0.2635 -0.6230 0.7365
vn -0.1463 -0.9008 0.4089
vn 0.1463 -0.9008 -0.4089
vn 0.2635 -0.6230 -0.7365
vn 0.3285 -0.2223 -0.9180
vn 0.2369 0.2223 -0.9458
vn 0.1901 0.6230 -0.7588
vn 0.1055 0.9008 -0.4213
vn -0.1055 0.9008 0.4213
vn -0.1901 0.6230 0.7588
vn -0.2369 0.2223 0.9458
vn -0.2369 -0.2223 0.9458
vn -0.1901 -0.6230 0.7588
vn -0.1055 -0.9008 0.4213
vn 0.1055 -0.9008 -0.4213
vn 0.1901 -0.6230 -0.7588
vn 0.2369 -0.2223 -0.9458
vn 0.1431 0.2223 -0.9644
vn 0.1148 0.6230 -0.7737
vn 0.0637 0.9008 -0.4296
vn -0.0637 0.9008 0.4296
vn -0.1148 0.6230 0.7737
vn -0.1431 0.2223 0.9644
vn -0.1431 -0.2223 0.9644
vn -0.1148 -0.6230 0.7737
vn -0.0637 -0.9008 0.4296
vn 0.0637 -0.9008 -0.4296
vn 0.1148 -0.6230 -0.7737
vn 0.1431 -0.2223 -0.9644
vn 0.0478 0.2223 -0.9738
vn 0.0384 0.6230 -0.7813
vn 0.0213 0.9008 -0.4338
vn -0.0213 0.9008 0.4338
vn -0.0384 0.6230 0.7813
vn -0.0478 0.2223 0.9738
vn -0.0478 -0.2223 0.9738
vn -0.0384 -0.6230 0.7813
vn -0.0213 -0.9008 0.4338
vn 0.0213 -0.9008 -0.4338
vn 0.0384 -0.6230 -0.7813
vn 0.0478 -0.2223 -0.9738
vn -0.0478 0.2223 -0.9738
vn -0.0384 0.6230 -0.7813
vn -0.0213 0.9008 -0.4338
vn 0.0213 0.9008 0.4338
vn 0.0384 0.6230 0.7813
vn 0.0478 0.2223 0.9738
vn 0.0478 -0.2223 0.9738
vn 0.0384 -0.6230 0.7813
vn 0.0213 -0.9008 0.4338
vn -0.0213 -0.9008 -0.4338
vn -0.0384 -0.6230 -0.7813
vn -0.0478 -0.2223 -0.9738
vn -0.1431 0.2223 -0.9644
vn -0.1148 0.6230 -0.7737
vn -0.0637 0.9008 -0.4296
vn 0.0637 0.9008 0.4296
vn 0.1148 0.6230 0.7737
vn 0.1431 0.2223 0.9644
vn 0.1431 -0.2223 0.9644
vn 0.1148 -0.6230 0.7737
vn 0.0637 -0.9008 0.4296
vn -0.0637 -0.9008 -0.4296
vn -0.1148 -0.6230 -0.7737
vn -0.1431 -0.2223 -0.9644
vn -0.2369 0.2223 -0.9458
vn -0.1901 0.6230 -0.7588
vn -0.1055 0.9008 -0.4213
vn 0.1055 0.9008 0.4213
vn 0.1901 0.6230 0.7588
vn 0.2369 0.2223 0.9458
vn 0.2369 -0.2223 0.9458
vn 0.1901 -0.6230 0.7588
vn 0.1055 -0.9008 0.4213
vn -0.1055 -0.9008 -0.4213
vn -0.1901 -0.6230 -0.7588
vn -0.2369 -0.2223 -0.9458
vn -0.3285 0.2223 -0.9180
vn -0.2635 0.6230 -0.7365
vn -0.1463 0.9008 -0.4089
vn 0.1463 0.9008 0.4089
vn 0.2635 0.6230 0.7365
vn 0.3285 0.2223 0.9180
vn 0.3285 -0.2223 0.9180
vn 0.2635 -0.6230 0.7365
vn 0.1463 -0.9008 0.4089
vn -0.1463 -0.9008 -0.4089
vn -0.2635 -0.6230 -0.7365
vn -0.3285 -0.2223 -0.9180
vn -0.4169 0.2223 -0.8814
vn -0.3344 0.6230 -0.7071
vn -0.1857 0.9008 -0.3926
vn 0.1857 0.9008 0.3926
vn 0.3344 0.6230 0.7071
vn 0.4169 0.2223 0.8814
vn 0.4169 -0.2223 0.8814
vn 0.3344 -0.6230 0.7071
vn 0.1857 -0.9008 0.3926
vn -0.1857 -0.9008 -0.3926
vn -0.3344 -0.6230 -0.7071
vn -0.4169 -0.2223 -0.8814
vn -0.5012 0.2223 -0.8363
vn -0.4021 0.6230 -0.6709
vn -0.2233 0.9008 -0.3725
vn 0.2233 0.9008 0.3725
vn 0.4021 0.6230 0.6709
vn 0.5012 0.2223 0.8363
vn 0.5012 -0.2223 0.8363
vn 0.4021 -0.6230 0.6709
vn 0.2233 -0.9008 0.3725
vn -0.2233 -0.9008 -0.3725
vn -0.4021 -0.6230 -0.6709
vn -0.5012 -0.2223 -0.8363
vn -0.5808 0.2223 -0.7831
vn -0.4660 0.6230 -0.6283
vn -0.2587 0.9008 -0.3488
vn 0.2587 0.9008 0.3488
vn 0.4660 0.6230 0.6283
vn 0.5808 0.2223 0.7831
vn 0.5808 -0.2223 0.7831
vn 0.4660 -0.6230 0.6283
vn 0.2587 -0.9008 0.3488
vn -0.2587 -0.9008 -0.3488
vn -0.4660 -0.6230 -0.6283
vn -0.5808 -0.2223 -0.7831
vn -0.6548 0.2223 -0.7224
vn -0.5253 0.6230 -0.5796
vn -0.2917 0.9008 -0.3218
vn 0.2917 0.9008 0.3218
vn 0.5253 0.6230 0.5796
vn 0.6548 0.2223 0.7224
vn 0.6548 -0.2223 0.7224
vn 0.5253 -0.6230 0.5796
vn 0.2917 -0.9008 0.3218
vn -0.2917 -0.9008 -0.3218
vn -0.5253 -0.6230 -0.5796
vn -0.6548 -0.2223 -0.7224
vn -0.7224 0.2223 -0.6548
vn -0.5796 0.6230 -0.5253
vn -0.3218 0.9008 -0.2917
vn 0.3218 0.9008 0.2917
vn 0.5796 0.6230 0.5253
vn 0.7224 0.2223 0.6548
vn 0.7224 -0.2223 0.6548
vn 0.5796 -0.6230 0.5253
vn 0.3218 -0.9008 0.2917
vn -0.3218 -0.9008 -0.2917
vn -0.5796 -0.6230 -0.5253
vn -0.7224 -0.2223 -0.6548
vn -0.7831 0.2223 -0.5808
vn -0.6283 0.6230 -0.4660
vn -0.3488 0.9008 -0.2587
vn 0.3488 0.9008 0.2587
vn 0.6283 0.6230 0.4660
vn 0.7831 0.2223 0.5808
vn 0.7831 -0.2223 0.5808
vn 0.6283 -0.6230 0.4660
vn 0.3488 -0.9008 0.2587
vn -0.3488 -0.9008 -0.2587
vn -0.6283 -0.6230 -0.4660
vn -0.7831 -0.2223 -0.5808
vn -0.8363 0.2223 -0.5012
vn -0.6709 0.6230 -0.4021
vn -0.3725 0.9008 -0.2233
vn 0.3725 0.9008 0.2233
vn 0.6709 0.6230 0.4021
vn 0.8363 0.2223 0.5012
vn 0.8363 -0.2223 0.5012
vn 0.6709 -0.6230 0.4021
vn 0.3725 -0.9008 0.2233
vn -0.3725 -0.9008 -0.2233
vn -0.6709 -0.6230 -0.4021
vn -0.8363 -0.2223 -0.5012
vn -0.8814 0.2223 -0.4169
vn -0.7071 0.6230 -0.3344
vn -0.3926 0.9008 -0.1857
vn 0.3926 0.9008 0.1857
vn 0.7071 0.6230 0.3344
vn 0.8814 0.2223 0.4169
vn 0.8814 -0.2223 0.4169
vn 0.7071 -0.6230 0.3344
vn 0.3926 -0.9008 0.1857
vn -0.3926 -0.9008 -0.1857
vn -0.7071 -0.6230 -0.3344
vn -0.8814 -0.2223 -0.4169
vn -0.9180 0.2223 -0.3285
vn -0.7365 0.6230 -0.2635
vn -0.4089 0.9008 -0.1463
vn 0.4089 0.9008 0.1463
vn 0.7365 0.6230 0.2635
vn 0.9180 0.2223 0.3285
vn 0.9180 -0.2223 0.3285
vn 0.7365 -0.6230 0.2635
vn 0.4089 -0.9008 0.1463
vn -0.4089 -0.9008 -0.1463
vn -0.7365 -0.6230 -0.2635
vn -0.9180 -0.2223 -0.3285
vn -0.9458 0.2223 -0.2369
vn -0.7588 0.6230 -0.1901
vn -0.4213 0.9008 -0.1055
vn 0.4213 0.9008 0.1055
vn 0.7588 0.6230 0.1901
vn 0.9458 0.2223 0.2369
vn 0.9458 -0.2223 0.2369
vn 0.7588 -0.6230 0.1901
vn 0.4213 -0.9008 0.1055
vn -0.4213 -0.9008 -0.1055
vn -0.7588 -0.6230 -0.1901
vn -0.9458 -0.2223 -0.2369
vn -0.9644 0.2223 -0.1431
vn -0.7737 0.6230 -0.1148
vn -0.4296 0.9008 -0.0637
vn 0.4296 0.9008 0.0637
vn 0.7737 0.6230 0.1148
vn 0.9644 0.2223 0.1431
vn 0.9644 -0.2223 0.1431
vn 0.7737 -0.6230 0.1148
vn 0.4296 -0.9008 0.0637
vn -0.4296 -0.9008 -0.0637
vn -0.7737 -0.6230 -0.1148
vn -0.9644 -0.2223 -0.1431
vn -0.9738 0.2223 -0.0478
vn -0.7813 0.6230 -0.0384
vn -0.4338 0.9008 -0.0213
vn 0.4338 0.9008 0.0213
vn 0.7813 0.6230 0.0384
vn 0.9738 0.2223 0.0478
vn 0.9738 -0.2223 0.0478
vn 0.7813 -0.6230 0.0384
vn 0.4338 -0.9008 0.0213
vn -0.4338 -0.9008 -0.0213
vn -0.7813 -0.6230 -0.0384
vn -0.9738 -0.2223 -0.0478
vt 0.500000 0.500000
vt 0.515625 0.500000
vt 0.515625 0.571429
vt 0.500000 0.571429
vt 0.515625 0.642857
vt 0.500000 0.642857
vt 0.515625 0.714286
vt 0.500000 0.714286
vt 0.515625 0.785714
vt 0.500000 0.785714
vt 0.515625 0.857143
vt 0.500000 0.857143
vt 0.515625 0.928571
vt 0.500000 0.928571
vt 0.515625 1.000000
vt 0.500000 1.000000
vt 0.500000 -0.000000
vt 0.515625 -0.000000
vt 0.515625 0.071429
vt 0.500000 0.071429
vt 0.515625 0.142857
vt 0.500000 0.142857
vt 0.515625 0.214286
vt 0.500000 0.214286
vt 0.515625 0.285714
vt 0.500000 0.285714
vt 0.515625 0.357143
vt 0.500000 0.357143
vt 0.515625 0.428571
vt 0.500000 0.428571
vt 0.531250 0.500000
vt 0.531250 0.571429
vt 0.531250 0.642857
vt 0.531250 0.714286
vt 0.531250 0.785714
vt 0.531250 0.857143
vt 0.531250 0.928571
vt 0.531250 1.000000
vt 0.531250 -0.000000
vt 0.531250 0.071429
vt 0.531250 0.142857
vt 0.531250 0.214286
vt 0.531250 0.285714
vt 0.531250 0.357143
vt 0.531250 0.428571
vt 0.546875 0.500000
vt 0.546875 0.571429
vt 0.546875 0.642857
vt 0.546875 0.714286
vt 0.546875 0.785714
vt 0.546875 0.857143
vt 0.546875 0.928571
vt 0.546875 1.000000
vt 0.546875 -0.000000
vt 0.546875 0.071429
vt 0.546875 0.142857
vt 0.546875 0.214286
vt 0.546875 0.285714
vt 0.546875 0.357143
vt 0.546875 0.428571
vt 0.562500 0.500000
vt 0.562500 0.571429
vt 0.562500 0.642857
vt 0.562500 0.714286
vt 0.562500 0.785714
vt 0.562500 0.857143
vt 0.562500 0.928571
vt 0.562500 1.000000
vt 0.562500 -0.000000
vt 0.562500 0.071429
vt 0.562500 0.142857
vt 0.562500 0.214286
vt 0.562500 0.285714
vt 0.562500 0.357143
vt 0.562500 0.428571
vt 0.578125 0.500000
vt 0.578125 0.571429
vt 0.578125 0.642857
vt 0.578125 0.714286
vt 0.578125 0.785714
vt 0.578125 0.857143
vt 0.578125 0.928571
vt 0.578125 1.000000
vt 0.578125 -0.000000
vt 0.578125 0.071429
vt 0.578125 0.142857
vt 0.578125 0.214286
vt 0.578125 0.285714
vt 0.578125 0.357143
vt 0.578125 0.428571
vt 0.593750 0.500000
vt 0.593750 0.571429
vt 0.593750 0.642857
vt 0.593750 0.714286
vt 0.593750 0.785714
vt 0.593750 0.857143
vt 0.593750 0.928571
vt 0.593750 1.000000
vt 0.593750 -0.000000
vt 0.593750 0.071429
vt 0.593750 0.142857
vt 0.593750 0.214286
vt 0.593750 0.285714
vt 0.593750 0.357143
vt 0.593750 0.428571
vt 0.609375 0.500000
vt 0.609375 0.571429
vt 0.609375 0.642857
vt 0.609375 0.714286
vt 0.609375 0.785714
vt 0.609375 0.857143
vt 0.609375 0.928571
vt 0.609375 1.000000
vt 0.609375 -0.000000
vt 0.609375 0.071429
vt 0.609375 0.142857
vt 0.609375 0.214286
vt 0.609375 0.285714
vt 0.609375 0.357143
vt 0.609375 0.428571
vt 0.625000 0.500000
vt 0.625000 0.571429
vt 0.625000 0.642857
vt 0.625000 0.714286
vt 0.625000 0.785714
vt 0.625000 0.857143
vt 0.625000 0.928571
vt 0.625000 1.000000
vt 0.625000 -0.000000
vt 0.625000 0.071429
vt 0.625000 0.142857
vt 0.625000 0.214286
vt 0.625000 0.285714
vt 0.625000 0.357143
vt 0.625000 0.428571
vt 0.640625 0.500000
vt 0.640625 0.571429
vt 0.640625 0.642857
vt 0.640625 0.714286
vt 0.640625 0.785714
vt 0.640625 0.857143
vt 0.640625 0.928571
vt 0.640625 1.000000
vt 0.640625 -0.000000
vt 0.640625 0.071429
vt 0.640625 0.142857
vt 0.640625 0.214286
vt 0.640625 0.285714
vt 0.640625 0.357143
vt 0.640625 0.428571
vt 0.656250 0.500000
vt 0.656250 0.571429
vt 0.656250 0.642857
vt 0.656250 0.714286
vt 0.656250 0.785714
vt 0.656250 0.857143
vt 0.656250 0.928571
vt 0.656250 1.000000
vt 0.656250 -0.000000
vt 0.656250 0.071429
vt 0.656250 0.142857
vt 0.656250 0.214286
vt 0.656250 0.285714
vt 0.656250 0.357143
vt 0.656250 0.428571
vt 0.671875 0.500000
vt 0.671875 0.571429
vt 0.671875 0.642857
vt 0.671875 0.714286
vt 0.671875 0.785714
vt 0.671875 0.857143
vt 0.671875 0.928571
vt 0.671875 1.000000
vt 0.671875 -0.000000
vt 0.671875 0.071429
vt 0.671875 0.142857
vt 0.671875 0.214286
vt 0.671875 0.285714
vt 0.671875 0.357143
vt 0.671875 0.428571
vt 0.687500 0.500000
vt 0.687500 0.571429
vt 0.687500 0.642857
vt 0.687500 0.714286
vt 0.687500 0.785714
vt 0.687500 0.857143
vt 0.687500 0.928571
vt 0.687500 1.000000
vt 0.687500 -0.000000
vt 0.687500 0.071429
vt 0.687500 0.142857
vt 0.687500 0.214286
vt 0.687500 0.285714
vt 0.687500 0.357143
vt 0.687500 0.428571
vt 0.703125 0.500000
vt 0.703125 0.571429
vt 0.703125 0.642857
vt 0.703125 0.714286
vt 0.703125 0.785714
vt 0.703125 0.857143
vt 0.703125 0.928571
vt 0.703125 1.000000
vt 0.703125 -0.000000
vt 0.703125 0.071429
vt 0.703125 0.142857
vt 0.703125 0.214286
vt 0.703125 0.285714
vt 0.703125 0.357143
vt 0.703125 0.428571
vt 0.718750 0.500000
vt 0.718750 0.571429
vt 0.718750 0.642857
vt 0.718750 0.714286
vt 0.718750 0.785714
vt 0.718750 0.857143
vt 0.718750 0.928571
vt 0.718750 1.000000
vt 0.718750 -0.000000
vt 0.718750 0.071429
vt 0.718750 0.142857
vt 0.718750 0.214286
vt 0.718750 0.285714
vt 0.718750 0.357143
vt 0.718750 0.428571
vt 0.734375 0.500000
vt 0.734375 0.571429
vt 0.734375 0.642857
vt 0.734375 0.714286
vt 0.734375 0.785714
vt 0.734375 0.857143
vt 0.734375 0.928571
vt 0.734375 1.000000
vt 0.734375 -0.000000
vt 0.734375 0.071429
vt 0.734375 0.142857
vt 0.734375 0.214286
vt 0.734375 0.285714
vt 0.734375 0.357143
vt 0.734375 0.428571
vt 0.750000 0.500000
vt 0.750000 0.571429
vt 0.750000 0.642857
vt 0.750000 0.714286
vt 0.750000 0.785714
vt 0.750000 0.857143
vt 0.750000 0.928571
vt 0.750000 1.000000
vt 0.750000 -0.000000
vt 0.750000 0.071429
vt 0.750000 0.142857
vt 0.750000 0.214286
vt 0.750000 0.285714
vt 0.750000 0.357143
vt 0.750000 0.428571
vt 0.765625 0.500000
vt 0.765625 0.571429
vt 0.765625 0.642857
vt 0.765625 0.714286
vt 0.765625 0.785714
vt 0.765625 0.857143
vt 0.765625 0.928571
vt 0.765625 1.000000
vt 0.765625 -0.000000
vt 0.765625 0.071429
vt 0.765625 0.142857
vt 0.765625 0.214286
vt 0.765625 0.285714
vt 0.765625 0.357143
vt 0.765625 0.428571
vt 0.781250 0.500000
vt 0.781250 0.571429
vt 0.781250 0.642857
vt 0.781250 0.714286
vt 0.781250 0.785714
vt 0.781250 0.857143
vt 0.781250 0.928571
vt 0.781250 1.000000
vt 0.781250 -0.000000
vt 0.781250 0.071429
vt 0.781250 0.142857
vt 0.781250 0.214286
vt 0.781250 0.285714
vt 0.781250 0.357143
vt 0.781250 0.428571
vt 0.796875 0.500000
vt 0.796875 0.571429
vt 0.796875 0.642857
vt 0.796875 0.714286
vt 0.796875 0.785714
vt 0.796875 0.857143
vt 0.796875 0.928571
vt 0.796875 1.000000
vt 0.796875 -0.000000
vt 0.796875 0.071429
vt 0.796875 0.142857
vt 0.796875 0.214286
vt 0.796875 0.285714
vt 0.796875 0.357143
vt 0.796875 0.428571
vt 0.812500 0.500000
vt 0.812500 0.571429
vt 0.812500 0.642857
vt 0.812500 0.714286
vt 0.812500 0.785714
vt 0.812500 0.857143
vt 0.812500 0.928571
vt 0.812500 1.000000
vt 0.812500 -0.000000
vt 0.812500 0.071429
vt 0.812500 0.142857
vt 0.812500 0.214286
vt 0.812500 0.285714
vt 0.812500 0.357143
vt 0.812500 0.428571
vt 0.828125 0.500000
vt 0.828125 0.571429
vt 0.828125 0.642857
vt 0.828125 0.714286
vt 0.828125 0.785714
vt 0.828125 0.857143
vt 0.828125 0.928571
vt 0.828125 1.000000
vt 0.828125 -0.000000
vt 0.828125 0.071429
vt 0.828125 0.142857
vt 0.828125 0.214286
vt 0.828125 0.285714
vt 0.828125 0.357143
vt 0.828125 0.428571
vt 0.843750 0.500000
vt 0.843750 0.571429
vt 0.843750 0.642857
vt 0.843750 0.714286
vt 0.843750 0.785714
vt 0.843750 0.857143
vt 0.843750 0.928571
vt 0.843750 1.000000
vt 0.843750 -0.000000
vt 0.843750 0.071429
vt 0.843750 0.142857
vt 0.843750 0.214286
vt 0.843750 0.285714
vt 0.843750 0.357143
vt 0.843750 0.428571
vt 0.859375 0.500000
vt 0.859375 0.571429
vt 0.859375 0.642857
vt 0.859375 0.714286
vt 0.859375 0.785714
vt 0.859375 0.857143
vt 0.859375 0.928571
vt 0.859375 1.000000
vt 0.859375 -0.000000
vt 0.859375 0.071429
vt 0.859375 0.142857
vt 0.859375 0.214286
vt 0.859375 0.285714
vt 0.859375 0.357143
vt 0.859375 0.428571
vt 0.875000 0.500000
vt 0.875000 0.571429
vt 0.875000 0.642857
vt 0.875000 0.714286
vt 0.875000 0.785714
vt 0.875000 0.857143
vt 0.875000 0.928571
vt 0.875000 1.000000
vt 0.875000 -0.000000
vt 0.875000 0.071429
vt 0.875000 0.142857
vt 0.875000 0.214286
vt 0.875000 0.285714
vt 0.875000 0.357143
vt 0.875000 0.428571
vt 0.890625 0.500000
vt 0.890625 0.571429
vt 0.890625 0.642857
vt 0.890625 0.714286
vt 0.890625 0.785714
vt 0.890625 0.857143
vt 0.890625 0.928571
vt 0.890625 1.000000
vt 0.890625 -0.000000
vt 0.890625 0.071429
vt 0.890625 0.142857
vt 0.890625 0.214286
vt 0.890625 0.285714
vt 0.890625 0.357143
vt 0.890625 0.428571
vt 0.906250 0.500000
vt 0.906250 0.571429
vt 0.906250 0.642857
vt 0.906250 0.714286
vt 0.906250 0.785714
vt 0.906250 0.857143
vt 0.906250 0.928571
vt 0.906250 1.000000
vt 0.906250 -0.000000
vt 0.906250 0.071429
vt 0.906250 0.142857
vt 0.906250 0.214286
vt 0.906250 0.285714
vt 0.906250 0.357143
vt 0.906250 0.428571
vt 0.921875 0.500000
vt 0.921875 0.571429
vt 0.921875 0.642857
vt 0.921875 0.714286
vt 0.921875 0.785714
vt 0.921875 0.857143
vt 0.921875 0.928571
vt 0.921875 1.000000
vt 0.921875 -0.000000
vt 0.921875 0.071429
vt 0.921875 0.142857
vt 0.921875 0.214286
vt 0.921875 0.285714
vt 0.921875 0.357143
vt 0.921875 0.428571
vt 0.937500 0.500000
vt 0.937500 0.571429
vt 0.937500 0.642857
vt 0.937500 0.714286
vt 0.937500 0.785714
vt 0.937500 0.857143
vt 0.937500 0.928571
vt 0.937500 1.000000
vt 0.937500 -0.000000
vt 0.937500 0.071429
vt 0.937500 0.142857
vt 0.937500 0.214286
vt 0.937500 0.285714
vt 0.937500 0.357143
vt 0.937500 0.428571
vt 0.953125 0.500000
vt 0.953125 0.571429
vt 0.953125 0.642857
vt 0.953125 0.714286
vt 0.953125 0.785714
vt 0.953125 0.857143
vt 0.953125 0.928571
vt 0.953125 1.000000
vt 0.953125 -0.000000
vt 0.953125 0.071429
vt 0.953125 0.142857
vt 0.953125 0.214286
vt 0.953125 0.285714
vt 0.953125 0.357143
vt 0.953125 0.428571
vt 0.968750 0.500000
vt 0.968750 0.571429
vt 0.968750 0.642857
vt 0.968750 0.714286
vt 0.968750 0.785714
vt 0.968750 0.857143
vt 0.968750 0.928571
vt 0.968750 1.000000
vt 0.968750 -0.000000
vt 0.968750 0.071429
vt 0.968750 0.142857
vt 0.968750 0.214286
vt 0.968750 0.285714
vt 0.968750 0.357143
vt 0.968750 0.428571
vt 0.984375 0.500000
vt 0.984375 0.571429
vt 0.984375 0.642857
vt 0.984375 0.714286
vt 0.984375 0.785714
vt 0.984375 0.857143
vt 0.984375 0.928571
vt 0.984375 1.000000
vt 0.984375 -0.000000
vt 0.984375 0.071429
vt 0.984375 0.142857
vt 0.984375 0.214286
vt 0.984375 0.285714
vt 0.984375 0.357143
vt 0.984375 0.428571
vt 1.000000 0.500000
vt 1.000000 0.571429
vt 1.000000 0.642857
vt 1.000000 0.714286
vt 1.000000 0.785714
vt 1.000000 0.857143
vt 1.000000 0.928571
vt 1.000000 1.000000
vt 1.000000 -0.000000
vt 1.000000 0.071429
vt 1.000000 0.142857
vt 1.000000 0.214286
vt 1.000000 0.285714
vt 1.000000 0.357143
vt 1.000000 0.428571
vt 0.000000 0.500000
vt 0.015625 0.500000
vt 0.015625 0.571429
vt 0.000000 0.571429
vt 0.015625 0.642857
vt 0.000000 0.642857
vt 0.015625 0.714286
vt 0.000000 0.714286
vt 0.015625 0.785714
vt 0.000000 0.785714
vt 0.015625 0.857143
vt 0.000000 0.857143
vt 0.015625 0.928571
vt 0.000000 0.928571
vt 0.015625 1.000000
vt 0.000000 1.000000
vt 0.000000 -0.000000
vt 0.015625 -0.000000
vt 0.015625 0.071429
vt 0.000000 0.071429
vt 0.015625 0.142857
vt 0.000000 0.142857
vt 0.015625 0.214286
vt 0.000000 0.214286
vt 0.015625 0.285714
vt 0.000000 0.285714
vt 0.015625 0.357143
vt 0.000000 0.357143
vt 0.015625 0.428571
vt 0.000000 0.428571
vt 0.031250 0.500000
vt 0.031250 0.571429
vt 0.031250 0.642857
vt 0.031250 0.714286
vt 0.031250 0.785714
vt 0.031250 0.857143
vt 0.031250 0.928571
vt 0.031250 1.000000
vt 0.031250 -0.000000
vt 0.031250 0.071429
vt 0.031250 0.142857
vt 0.031250 0.214286
vt 0.031250 0.285714
vt 0.031250 0.357143
vt 0.031250 0.428571
vt 0.046875 0.500000
vt 0.046875 0.571429
vt 0.046875 0.642857
vt 0.046875 0.714286
vt 0.046875 0.785714
vt 0.046875 0.857143
vt 0.046875 0.928571
vt 0.046875 1.000000
vt 0.046875 -0.000000
vt 0.046875 0.071429
vt 0.046875 0.142857
vt 0.046875 0.214286
vt 0.046875 0.285714
vt 0.046875 0.357143
vt 0.046875 0.428571
vt 0.062500 0.500000
vt 0.062500 0.571429
vt 0.062500 0.642857
vt 0.062500 0.714286
vt 0.062500 0.785714
vt 0.062500 0.857143
vt 0.062500 0.928571
vt 0.062500 1.000000
vt 0.062500 -0.000000
vt 0.062500 0.071429
vt 0.062500 0.142857
vt 0.062500 0.214286
vt 0.062500 0.285714
vt 0.062500 0.357143
vt 0.062500 0.428571
vt 0.078125 0.500000
vt 0.078125 0.571429
vt 0.078125 0.642857
vt 0.078125 0.714286
vt 0.078125 0.785714
vt 0.078125 0.857143
vt 0.078125 0.928571
vt 0.078125 1.000000
vt 0.078125 -0.000000
vt 0.078125 0.071429
vt 0.078125 0.142857
vt 0.078125 0.214286
vt 0.078125 0.285714
vt 0.078125 0.357143
vt 0.078125 0.428571
vt 0.093750 0.500000
vt 0.093750 0.571429
vt 0.093750 0.642857
vt 0.093750 0.714286
vt 0.093750 0.785714
vt 0.093750 0.857143
vt 0.093750 0.928571
vt 0.093750 1.000000
vt 0.093750 -0.000000
vt 0.093750 0.071429
vt 0.093750 0.142857
vt 0.093750 0.214286
vt 0.093750 0.285714
vt 0.093750 0.357143
vt 0.093750 0.428571
vt 0.109375 0.500000
vt 0.109375 0.571429
vt 0.109375 0.642857
vt 0.109375 0.714286
vt 0.109375 0.785714
vt 0.109375 0.857143
vt 0.109375 0.928571
vt 0.109375 1.000000
vt 0.109375 -0.000000
vt 0.109375 0.071429
vt 0.109375 0.142857
vt 0.109375 0.214286
vt 0.109375 0.285714
vt 0.109375 0.357143
vt 0.109375 0.428571
vt 0.125000 0.500000
vt 0.125000 0.571429
vt 0.125000 0.642857
vt 0.125000 0.714286
vt 0.125000 0.785714
vt 0.125000 0.857143
vt 0.125000 0.928571
vt 0.125000 1.000000
vt 0.125000 -0.000000
vt 0.125000 0.071429
vt 0.125000 0.142857
vt 0.125000 0.214286
vt 0.125000 0.285714
vt 0.125000 0.357143
vt 0.125000 0.428571
vt 0.140625 0.500000
vt 0.140625 0.571429
vt 0.140625 0.642857
vt 0.140625 0.714286
vt 0.140625 0.785714
vt 0.140625 0.857143
vt 0.140625 0.928571
vt 0.140625 1.000000
vt 0.140625 -0.000000
vt 0.140625 0.071429
vt 0.140625 0.142857
vt 0.140625 0.214286
vt 0.140625 0.285714
vt 0.140625 0.357143
vt 0.140625 0.428571
vt 0.156250 0.500000
vt 0.156250 0.571429
vt 0.156250 0.642857
vt 0.156250 0.714286
vt 0.156250 0.785714
vt 0.156250 0.857143
vt 0.156250 0.928571
vt 0.156250 1.000000
vt 0.156250 -0.000000
vt 0.156250 0.071429
vt 0.156250 0.142857
vt 0.156250 0.214286
vt 0.156250 0.285714
vt 0.156250 0.357143
vt 0.156250 0.428571
vt 0.171875 0.500000
vt 0.171875 0.571429
vt 0.171875 0.642857
vt 0.171875 0.714286
vt 0.171875 0.785714
vt 0.171875 0.857143
vt 0.171875 0.928571
vt 0.171875 1.000000
vt 0.171875 -0.000000
vt 0.171875 0.071429
vt 0.171875 0.142857
vt 0.171875 0.214286
vt 0.171875 0.285714
vt 0.171875 0.357143
vt 0.171875 0.428571
vt 0.187500 0.500000
vt 0.187500 0.571429
vt 0.187500 0.642857
vt 0.187500 0.714286
vt 0.187500 0.785714
vt 0.187500 0.857143
vt 0.187500 0.928571
vt 0.187500 1.000000
vt 0.187500 -0.000000
vt 0.187500 0.071429
vt 0.187500 0.142857
vt 0.187500 0.214286
vt 0.187500 0.285714
vt 0.187500 0.357143
vt 0.187500 0.428571
vt 0.203125 0.500000
vt 0.203125 0.571429
vt 0.203125 0.642857
vt 0.203125 0.714286
vt 0.203125 0.785714
vt 0.203125 0.857143
vt 0.203125 0.928571
vt 0.203125 1.000000
vt 0.203125 -0.000000
vt 0.203125 0.071429
vt 0.203125 0.142857
vt 0.203125 0.214286
vt 0.203125 0.285714
vt 0.203125 0.357143
vt 0.203125 0.428571
vt 0.218750 0.500000
vt 0.218750 0.571429
vt 0.218750 0.642857
vt 0.218750 0.714286
vt 0.218750 0.785714
vt 0.218750 0.857143
vt 0.218750 0.928571
vt 0.218750 1.000000
vt 0.218750 -0.000000
vt 0.218750 0.071429
vt 0.218750 0.142857
vt 0.218750 0.214286
vt 0.218750 0.285714
vt 0.218750 0.357143
vt 0.218750 0.428571
vt 0.234375 0.500000
vt 0.234375 0.571429
vt 0.234375 0.642857
vt 0.234375 0.714286
vt 0.234375 0.785714
vt 0.234375 0.857143
vt 0.234375 0.928571
vt 0.234375 1.000000
vt 0.234375 -0.000000
vt 0.234375 0.071429
vt 0.234375 0.142857
vt 0.234375 0.214286
vt 0.234375 0.285714
vt 0.234375 0.357143
vt 0.234375 0.428571
vt 0.250000 0.500000
vt 0.250000 0.571429
vt 0.250000 0.642857
vt 0.250000 0.714286
vt 0.250000 0.785714
vt 0.250000 0.857143
vt 0.250000 0.928571
vt 0.250000 1.000000
vt 0.250000 -0.000000
vt 0.250000 0.071429
vt 0.250000 0.142857
vt 0.250000 0.214286
vt 0.250000 0.285714
vt 0.250000 0.357143
vt 0.250000 0.428571
vt 0.265625 0.500000
vt 0.265625 0.571429
vt 0.265625 0.642857
vt 0.265625 0.714286
vt 0.265625 0.785714
vt 0.265625 0.857143
vt 0.265625 0.928571
vt 0.265625 1.000000
vt 0.265625 -0.000000
vt 0.265625 0.071429
vt 0.265625 0.142857
vt 0.265625 0.214286
vt 0.265625 0.285714
vt 0.265625 0.357143
vt 0.265625 0.428571
vt 0.281250 0.500000
vt 0.281250 0.571429
vt 0.281250 0.642857
vt 0.281250 0.714286
vt 0.281250 0.785714
vt 0.281250 0.857143
vt 0.281250 0.928571
vt 0.281250 1.000000
vt 0.281250 -0.000000
vt 0.281250 0.071429
vt 0.281250 0.142857
vt 0.281250 0.214286
vt 0.281250 0.285714
vt 0.281250 0.357143
vt 0.281250 0.428571
vt 0.296875 0.500000
vt 0.296875 0.571429
vt 0.296875 0.642857
vt 0.296875 0.714286
vt 0.296875 0.785714
vt 0.296875 0.857143
vt 0.296875 0.928571
vt 0.296875 1.000000
vt 0.296875 -0.000000
vt 0.296875 0.071429
vt 0.296875 0.142857
vt 0.296875 0.214286
vt 0.296875 0.285714
vt 0.296875 0.357143
vt 0.296875 0.428571
vt 0.312500 0.500000
vt 0.312500 0.571429
vt 0.312500 0.642857
vt 0.312500 0.714286
vt 0.312500 0.785714
vt 0.312500 0.857143
vt 0.312500 0.928571
vt 0.312500 1.000000
vt 0.312500 -0.000000
vt 0.312500 0.071429
vt 0.312500 0.142857
vt 0.312500 0.214286
vt 0.312500 0.285714
vt 0.312500 0.357143
vt 0.312500 0.428571
vt 0.328125 0.500000
vt 0.328125 0.571429
vt 0.328125 0.642857
vt 0.328125 0.714286
vt 0.328125 0.785714
vt 0.328125 0.857143
vt 0.328125 0.928571
vt 0.328125 1.000000
vt 0.328125 -0.000000
vt 0.328125 0.071429
vt 0.328125 0.142857
vt 0.328125 0.214286
vt 0.328125 0.285714
vt 0.328125 0.357143
vt 0.328125 0.428571
vt 0.343750 0.500000
vt 0.343750 0.571429
vt 0.343750 0.642857
vt 0.343750 0.714286
vt 0.343750 0.785714
vt 0.343750 0.857143
vt 0.343750 0.928571
vt 0.343750 1.000000
vt 0.343750 -0.000000
vt 0.343750 0.071429
vt 0.343750 0.142857
vt 0.343750 0.214286
vt 0.343750 0.285714
vt 0.343750 0.357143
vt 0.343750 0.428571
vt 0.359375 0.500000
vt 0.359375 0.571429
vt 0.359375 0.642857
vt 0.359375 0.714286
vt 0.359375 0.785714
vt 0.359375 0.857143
vt 0.359375 0.928571
vt 0.359375 1.000000
vt 0.359375 -0.000000
vt 0.359375 0.071429
vt 0.359375 0.142857
vt 0.359375 0.214286
vt 0.359375 0.285714
vt 0.359375 0.357143
vt 0.359375 0.428571
vt 0.375000 0.500000
vt 0.375000 0.571429
vt 0.375000 0.642857
vt 0.375000 0.714286
vt 0.375000 0.785714
vt 0.375000 0.857143
vt 0.375000 0.928571
vt 0.375000 1.000000
vt 0.375000 -0.000000
vt 0.375000 0.071429
vt 0.375000 0.142857
vt 0.375000 0.214286
vt 0.375000 0.285714
vt 0.375000 0.357143
vt 0.375000 0.428571
vt 0.390625 0.500000
vt 0.390625 0.571429
vt 0.390625 0.642857
vt 0.390625 0.714286
vt 0.390625 0.785714
vt 0.390625 0.857143
vt 0.390625 0.928571
vt 0.390625 1.000000
vt 0.390625 -0.000000
vt 0.390625 0.071429
vt 0.390625 0.142857
vt 0.390625 0.214286
vt 0.390625 0.285714
vt 0.390625 0.357143
vt 0.390625 0.428571
vt 0.406250 0.500000
vt 0.406250 0.571429
vt 0.406250 0.642857
vt 0.406250 0.714286
vt 0.406250 0.785714
vt 0.406250 0.857143
vt 0.406250 0.928571
vt 0.406250 1.000000
vt 0.406250 -0.000000
vt 0.406250 0.071429
vt 0.406250 0.142857
vt 0.406250 0.214286
vt 0.406250 0.285714
vt 0.406250 0.357143
vt 0.406250 0.428571
vt 0.421875 0.500000
vt 0.421875 0.571429
vt 0.421875 0.642857
vt 0.421875 0.714286
vt 0.421875 0.785714
vt 0.421875 0.857143
vt 0.421875 0.928571
vt 0.421875 1.000000
vt 0.421875 -0.000000
vt 0.421875 0.071429
vt 0.421875 0.142857
vt 0.421875 0.214286
vt 0.421875 0.285714
vt 0.421875 0.357143
vt 0.421875 0.428571
vt 0.437500 0.500000
vt 0.437500 0.571429
vt 0.437500 0.642857
vt 0.437500 0.714286
vt 0.437500 0.785714
vt 0.437500 0.857143
vt 0.437500 0.928571
vt 0.437500 1.000000
vt 0.437500 -0.000000
vt 0.437500 0.071429
vt 0.437500 0.142857
vt 0.437500 0.214286
vt 0.437500 0.285714
vt 0.437500 0.357143
vt 0.437500 0.428571
vt 0.453125 0.500000
vt 0.453125 0.571429
vt 0.453125 0.642857
vt 0.453125 0.714286
vt 0.453125 0.785714
vt 0.453125 0.857143
vt 0.453125 0.928571
vt 0.453125 1.000000
vt 0.453125 -0.000000
vt 0.453125 0.071429
vt 0.453125 0.142857
vt 0.453125 0.214286
vt 0.453125 0.285714
vt 0.453125 0.357143
vt 0.453125 0.428571
vt 0.468750 0.500000
vt 0.468750 0.571429
vt 0.468750 0.642857
vt 0.468750 0.714286
vt 0.468750 0.785714
vt 0.468750 0.857143
vt 0.468750 0.928571
vt 0.468750 1.000000
vt 0.468750 -0.000000
vt 0.468750 0.071429
vt 0.468750 0.142857
vt 0.468750 0.214286
vt 0.468750 0.285714
vt 0.468750 0.357143
vt 0.468750 0.428571
vt 0.484375 0.500000
vt 0.484375 0.571429
vt 0.484375 0.642857
vt 0.484375 0.714286
vt 0.484375 0.785714
vt 0.484375 0.857143
vt 0.484375 0.928571
vt 0.484375 1.000000
vt 0.484375 -0.000000
vt 0.484375 0.071429
vt 0.484375 0.142857
vt 0.484375 0.214286
vt 0.484375 0.285714
vt 0.484375 0.357143
vt 0.484375 0.428571
s 0
f 1/1/1 15/2/1 16/3/1 2/4/1
f 2/4/2 16/3/2 17/5/2 3/6/2
f 3/6/3 17/5/3 18/7/3 4/8/3
f 4/8/4 18/7/4 19/9/4 5/10/4
f 5/10/5 19/9/5 20/11/5 6/12/5
f 6/12/6 20/11/6 21/13/6 7/14/6
f 7/14/7 21/13/7 22/15/7 8/16/7
f 8/17/8 22/18/8 23/19/8 9/20/8
f 9/20/9 23/19/9 24/21/9 10/22/9
f 10/22/10 24/21/10 25/23/10 11/24/10
f 11/24/11 25/23/11 26/25/11 12/26/11
f 12/26/12 26/25/12 27/27/12 13/28/12
f 13/28/13 27/27/13 28/29/13 14/30/13
f 14/30/14 28/29/14 15/2/14 1/1/14
f 15/2/15 29/31/15 30/32/15 16/3/15
f 16/3/16 30/32/16 31/33/16 17/5/16
f 17/5/17 31/33/17 32/34/17 18/7/17
f 18/7/4 32/34/4 33/35/4 19/9/4
f 19/9/18 33/35/18 34/36/18 20/11/18
f 20/11/19 34/36/19 35/37/19 21/13/19
f 21/13/20 35/37/20 36/38/20 22/15/20
f 22/18/21 36/39/21 37/40/21 23/19/21
f 23/19/22 37/40/22 38/41/22 24/21/22
f 24/21/23 38/41/23 39/42/23 25/23/23
f 25/23/11 39/42/11 40/43/11 26/25/11
f 26/25/24 40/43/24 41/44/24 27/27/24
f 27/27/25 41/44/25 42/45/25 28/29/25
f 28/29/26 42/45/26 29/31/26 15/2/26
f 29/31/27 43/46/27 44/47/27 30/32/27
f 30/32/28 44/47/28 45/48/28 31/33/28
f 31/33/29 45/48/29 46/49/29 32/34/29
f 32/34/4 46/49/4 47/50/4 33/35/4
f 33/35/30 47/50/30 48/51/30 34/36/30
f 34/36/31 48/51/31 49/52/31 35/37/31
f 35/37/32 49/52/32 50/53/32 36/38/32
f 36/39/33 50/54/33 51/55/33 37/40/33
f 37/40/34 51/55/34 52/56/34 38/41/34
f 38/41/35 52/56/35 53/57/35 39/42/35
f 39/42/11 53/57/11 54/58/11 40/43/11
f 40/43/36 54/58/36 55/59/36 41/44/36
f 41/44/37 55/59/37 56/60/37 42/45/37
f 42/45/38 56/60/38 43/46/38 29/31/38
f 43/46/39 57/61/39 58/62/39 44/47/39
f 44/47/40 58/62/40 59/63/40 45/48/40
f 45/48/41 59/63/41 60/64/41 46/49/41
f 46/49/4 60/64/4 61/65/4 47/50/4
f 47/50/42 61/65/42 62/66/42 48/51/42
f 48/51/43 62/66/43 63/67/43 49/52/43
f 49/52/44 63/67/44 64/68/44 50/53/44
f 50/54/45 64/69/45 65/70/45 51/55/45
f 51/55/46 65/70/46 66/71/46 52/56/46
f 52/56/47 66/71/47 67/72/47 53/57/47
f 53/57/11 67/72/11 68/73/11 54/58/11
f 54/58/48 68/73/48 69/74/48 55/59/48
f 55/59/49 69/74/49 70/75/49 56/60/49
f 56/60/50 70/75/50 57/61/50 43/46/50
f 57/61/51 71/76/51 72/77/51 58/62/51
f 58/62/52 72/77/52 73/78/52 59/63/52
f 59/63/53 73/78/53 74/79/53 60/64/53
f 60/64/4 74/79/4 75/80/4 61/65/4
f 61/65/54 75/80/54 76/81/54 62/66/54
f 62/66/55 76/81/55 77/82/55 63/67/55
f 63/67/56 77/82/56 78/83/56 64/68/56
f 64/69/57 78/84/57 79/85/57 65/70/57
f 65/70/58 79/85/58 80/86/58 66/71/58
f 66/71/59 80/86/59 81/87/59 67/72/59
f 67/72/11 81/87/11 82/88/11 68/73/11
f 68/73/60 82/88/60 83/89/60 69/74/60
f 69/74/61 83/89/61 84/90/61 70/75/61
f 70/75/62 84/90/62 71/76/62 57/61/62
f 71/76/63 85/91/63 86/92/63 72/77/63
f 72/77/64 86/92/64 87/93/64 73/78/64
f 73/78/65 87/93/65 88/94/65 74/79/65
f 74/79/4 88/94/4 89/95/4 75/80/4
f 75/80/66 89/95/66 90/96/66 76/81/66
f 76/81/67 90/96/67 91/97/67 77/82/67
f 77/82/68 91/97/68 92/98/68 78/83/68
f 78/84/69 92/99/69 93/100/69 79/85/69
f 79/85/70 93/100/70 94/101/70 80/86/70
f 80/86/71 94/101/71 95/102/71 81/87/71
f 81/87/11 95/102/11 96/103/11 82/88/11
f 82/88/72 96/103/72 97/104/72 83/89/72
f 83/89/73 97/104/73 98/105/73 84/90/73
f 84/90/74 98/105/74 85/91/74 71/76/74
f 85/91/75 99/106/75 100/107/75 86/92/75
f 86/92/76 100/107/76 101/108/76 87/93/76
f 87/93/77 101/108/77 102/109/77 88/94/77
f 88/94/4 102/109/4 103/110/4 89/95/4
f 89/95/78 103/110/78 104/111/78 90/96/78
f 90/96/79 104/111/79 105/112/79 91/97/79
f 91/97/80 105/112/80 106/113/80 92/98/80
f 92/99/81 106/114/81 107/115/81 93/100/81
f 93/100/82 107/115/82 108/116/82 94/101/82
f 94/101/83 108/116/83 109/117/83 95/102/83
f 95/102/11 109/117/11 110/118/11 96/103/11
f 96/103/84 110/118/84 111/119/84 97/104/84
f 97/104/85 111/119/85 112/120/85 98/105/85
f 98/105/86 112/120/86 99/106/86 85/91/86
f 99/106/87 113/121/87 114/122/87 100/107/87
f 100/107/88 114/122/88 115/123/88 101/108/88
f 101/108/89 115/123/89 116/124/89 102/109/89
f 102/109/4 116/124/4 117/125/4 103/110/4
f 103/110/90 117/125/90 118/126/90 104/111/90
f 104/111/91 118/126/91 119/127/91 105/112/91
f 105/112/92 119/127/92 120/128/92 106/113/92
f 106/114/93 120/129/93 121/130/93 107/115/93
f 107/115/94 121/130/94 122/131/94 108/116/94
f 108/116/95 122/131/95 123/132/95 109/117/95
f 109/117/11 123/132/11 124/133/11 110/118/11
f 110/118/96 124/133/96 125/134/96 111/119/96
f 111/119/97 125/134/97 126/135/97 112/120/97
f 112/120/98 126/135/98 113/121/98 99/106/98
f 113/121/99 127/136/99 128/137/99 114/122/99
f 114/122/100 128/137/100 129/138/100 115/123/100
f 115/123/101 129/138/101 130/139/101 116/124/101
f 116/124/4 130/139/4 131/140/4 117/125/4
f 117/125/102 131/140/102 132/141/102 118/126/102
f 118/126/103 132/141/103 133/142/103 119/127/103
f 119/127/104 133/142/104 134/143/104 120/128/104
f 120/129/105 134/144/105 135/145/105 121/130/105
f 121/130/106 135/145/106 136/146/106 122/131/106
f 122/131/107 136/146/107 137/147/107 123/132/107
f 123/132/11 137/147/11 138/148/11 124/133/11
f 124/133/108 138/148/108 139/149/108 125/134/108
f 125/134/109 139/149/109 140/150/109 126/135/109
f 126/135/110 140/150/110 127/136/110 113/121/110
f 127/136/111 141/151/111 142/152/111 128/137/111
f 128/137/112 142/152/112 143/153/112 129/138/112
f 129/138/113 143/153/113 144/154/113 130/139/113
f 130/139/4 144/154/4 145/155/4 131/140/4
f 131/140/114 145/155/114 146/156/114 132/141/114
f 132/141/115 146/156/115 147/157/115 133/142/115
f 133/142/116 147/157/116 148/158/116 134/143/116
f 134/144/117 148/159/117 149/160/117 135/145/117
f 135/145/118 149/160/118 150/161/118 136/146/118
f 136/146/119 150/161/119 151/162/119 137/147/119
f 137/147/11 151/162/11 152/163/11 138/148/11
f 138/148/120 152/163/120 153/164/120 139/149/120
f 139/149/121 153/164/121 154/165/121 140/150/121
f 140/150/122 154/165/122 141/151/122 127/136/122
f 141/151/123 155/166/123 156/167/123 142/152/123
f 142/152/124 156/167/124 157/168/124 143/153/124
f 143/153/125 157/168/125 158/169/125 144/154/125
f 144/154/4 158/169/4 159/170/4 145/155/4
f 145/155/126 159/170/126 160/171/126 146/156/126
f 146/156/127 160/171/127 161/172/127 147/157/127
f 147/157/128 161/172/128 162/173/128 148/158/128
f 148/159/129 162/174/129 163/175/129 149/160/129
f 149/160/130 163/175/130 164/176/130 150/161/130
f 150/161/131 164/176/131 165/177/131 151/162/131
f 151/162/11 165/177/11 166/178/11 152/163/11
f 152/163/132 166/178/132 167/179/132 153/164/132
f 153/164/133 167/179/133 168/180/133 154/165/133
f 154/165/134 168/180/134 155/166/134 141/151/134
f 155/166/135 169/181/135 170/182/135 156/167/135
f 156/167/136 170/182/136 171/183/136 157/168/136
f 157/168/137 171/183/137 172/184/137 158/169/137
f 158/169/4 172/184/4 173/185/4 159/170/4
f 159/170/138 173/185/138 174/186/138 160/171/138
f 160/171/139 174/186/139 175/187/139 161/172/139
f 161/172/140 175/187/140 176/188/140 162/173/140
f 162/174/141 176/189/141 177/190/141 163/175/141
f 163/175/142 177/190/142 178/191/142 164/176/142
f 164/176/143 178/191/143 179/192/143 165/177/143
f 165/177/11 179/192/11 180/193/11 166/178/11
f 166/178/144 180/193/144 181/194/144 167/179/144
f 167/179/145 181/194/145 182/195/145 168/180/145
f 168/180/146 182/195/146 169/181/146 155/166/146
f 169/181/147 183/196/147 184/197/147 170/182/147
f 170/182/148 184/197/148 185/198/148 171/183/148
f 171/183/149 185/198/149 186/199/149 172/184/149
f 172/184/4 186/199/4 187/200/4 173/185/4
f 173/185/150 187/200/150 188/201/150 174/186/150
f 174/186/151 188/201/151 189/202/151 175/187/151
f 175/187/152 189/202/152 190/203/152 176/188/152
f 176/189/153 190/204/153 191/205/153 177/190/153
f 177/190/154 191/205/154 192/206/154 178/191/154
f 178/191/155 192/206/155 193/207/155 179/192/155
f 179/192/11 193/207/11 194/208/11 180/193/11
f 180/193/156 194/208/156 195/209/156 181/194/156
f 181/194/157 195/209/157 196/210/157 182/195/157
f 182/195/158 196/210/158 183/196/158 169/181/158
f 183/196/159 197/211/159 198/212/159 184/197/159
f 184/197/160 198/212/160 199/213/160 185/198/160
f 185/198/161 199/213/161 200/214/161 186/199/161
f 186/199/4 200/214/4 201/215/4 187/200/4
f 187/200/162 201/215/162 202/216/162 188/201/162
f 188/201/163 202/216/163 203/217/163 189/202/163
f 189/202/164 203/217/164 204/218/164 190/203/164
f 190/204/165 204/219/165 205/220/165 191/205/165
f 191/205/166 205/220/166 206/221/166 192/206/166
f 192/206/167 206/221/167 207/222/167 193/207/167
f 193/207/11 207/222/11 208/223/11 194/208/11
f 194/208/168 208/223/168 209/224/168 195/209/168
f 195/209/169 209/224/169 210/225/169 196/210/169
f 196/210/170 210/225/170 197/211/170 183/196/170
f 197/211/171 211/226/171 212/227/171 198/212/171
f 198/212/172 212/227/172 213/228/172 199/213/172
f 199/213/173 213/228/173 214/229/173 200/214/173
f 200/214/4 214/229/4 215/230/4 201/215/4
f 201/215/174 215/230/174 216/231/174 202/216/174
f 202/216/175 216/231/175 217/232/175 203/217/175
f 203/217/176 217/232/176 218/233/176 204/218/176
f 204/219/177 218/234/177 219/235/177 205/220/177
f 205/220/178 219/235/178 220/236/178 206/221/178
f 206/221/179 220/236/179 221/237/179 207/222/179
f 207/222/11 221/237/11 222/238/11 208/223/11
f 208/223/180 222/238/180 223/239/180 209/224/180
f 209/224/181 223/239/181 224/240/181 210/225/181
f 210/225/182 224/240/182 211/226/182 197/211/182
f 211/226/183 225/241/183 226/242/183 212/227/183
f 212/227/184 226/242/184 227/243/184 213/228/184
f 213/228/185 227/243/185 228/244/185 214/229/185
f 214/229/4 228/244/4 229/245/4 215/230/4
f 215/230/186 229/245/186 230/246/186 216/231/186
f 216/231/187 230/246/187 231/247/187 217/232/187
f 217/232/188 231/247/188 232/248/188 218/233/188
f 218/234/189 232/249/189 233/250/189 219/235/189
f 219/235/190 233/250/190 234/251/190 220/236/190
f 220/236/191 234/251/191 235/252/191 221/237/191
f 221/237/11 235/252/11 236/253/11 222/238/11
f 222/238/192 236/253/192 237/254/192 223/239/192
f 223/239/193 237/254/193 238/255/193 224/240/193
f 224/240/194 238/255/194 225/241/194 211/226/194
f 225/241/195 239/256/195 240/257/195 226/242/195
f 226/242/196 240/257/196 241/258/196 227/243/196
f 227/243/197 241/258/197 242/259/197 228/244/197
f 228/244/4 242/259/4 243/260/4 229/245/4
f 229/245/198 243/260/198 244/261/198 230/246/198
f 230/246/199 244/261/199 245/262/199 231/247/199
f 231/247/200 245/262/200 246/263/200 232/248/200
f 232/249/201 246/264/201 247/265/201 233/250/201
f 233/250/202 247/265/202 248/266/202 234/251/202
f 234/251/203 248/266/203 249/267/203 235/252/203
f 235/252/11 249/267/11 250/268/11 236/253/11
f 236/253/204 250/268/204 251/269/204 237/254/204
f 237/254/205 251/269/205 252/270/205 238/255/205
f 238/255/206 252/270/206 239/256/206 225/241/206
f 239/256/207 253/271/207 254/272/207 240/257/207
f 240/257/208 254/272/208 255/273/208 241/258/208
f 241/258/209 255/273/209 256/274/209 242/259/209
f 242/259/4 256/274/4 257/275/4 243/260/4
f 243/260/210 257/275/210 258/276/210 244/261/210
f 244/261/211 258/276/211 259/277/211 245/262/211
f 245/262/212 259/277/212 260/278/212 246/263/212
f 246/264/213 260/279/213 261/280/213 247/265/213
f 247/265/214 261/280/214 262/281/214 248/266/214
f 248/266/215 262/281/215 263/282/215 249/267/215
f 249/267/11 263/282/11 264/283/11 250/268/11
f 250/268/216 264/283/216 265/284/216 251/269/216
f 251/269/217 265/284/217 266/285/217 252/270/217
f 252/270/218 266/285/218 253/271/218 239/256/218
f 253/271/219 267/286/219 268/287/219 254/272/219
f 254/272/220 268/287/220 269/288/220 255/273/220
f 255/273/221 269/288/221 270/289/221 256/274/221
f 256/274/4 270/289/4 271/290/4 257/275/4
f 257/275/222 271/290/222 272/291/222 258/276/222
f 258/276/223 272/291/223 273/292/223 259/277/223
f 259/277/224 273/292/224 274/293/224 260/278/224
f 260/279/225 274/294/225 275/295/225 261/280/225
f 261/280/226 275/295/226 276/296/226 262/281/226
f 262/281/227 276/296/227 277/297/227 263/282/227
f 263/282/11 277/297/11 278/298/11 264/283/11
f 264/283/228 278/298/228 279/299/228 265/284/228
f 265/284/229 279/299/229 280/300/229 266/285/229
f 266/285/230 280/300/230 267/286/230 253/271/230
f 267/286/231 281/301/231 282/302/231 268/287/231
f 268/287/232 282/302/232 283/303/232 269/288/232
f 269/288/233 283/303/233 284/304/233 270/289/233
f 270/289/4 284/304/4 285/305/4 271/290/4
f 271/290/234 285/305/234 286/306/234 272/291/234
f 272/291/235 286/306/235 287/307/235 273/292/235
f 273/292/236 287/307/236 288/308/236 274/293/236
f 274/294/237 288/309/237 289/310/237 275/295/237
f 275/295/238 289/310/238 290/311/238 276/296/238
f 276/296/239 290/311/239 291/312/239 277/297/239
f 277/297/11 291/312/11 292/313/11 278/298/11
f 278/298/240 292/313/240 293/314/240 279/299/240
f 279/299/241 293/314/241 294/315/241 280/300/241
f 280/300/242 294/315/242 281/301/242 267/286/242
f 281/301/243 295/316/243 296/317/243 282/302/243
f 282/302/244 296/317/244 297/318/244 283/303/244
f 283/303/245 297/318/245 298/319/245 284/304/245
f 284/304/4 298/319/4 299/320/4 285/305/4
f 285/305/246 299/320/246 300/321/246 286/306/246
f 286/306/247 300/321/247 301/322/247 287/307/247
f 287/307/248 301/322/248 302/323/248 288/308/248
f 288/309/249 302/324/249 303/325/249 289/310/249
f 289/310/250 303/325/250 304/326/250 290/311/250
f 290/311/251 304/326/251 305/327/251 291/312/251
f 291/312/11 305/327/11 306/328/11 292/313/11
f 292/313/252 306/328/252 307/329/252 293/314/252
f 293/314/253 307/329/253 308/330/253 294/315/253
f 294/315/254 308/330/254 295/316/254 281/301/254
f 295/316/255 309/331/255 310/332/255 296/317/255
f 296/317/256 310/332/256 311/333/256 297/318/256
f 297/318/257 311/333/257 312/334/257 298/319/257
f 298/319/4 312/334/4 313/335/4 299/320/4
f 299/320/258 313/335/258 314/336/258 300/321/258
f 300/321/259 314/336/259 315/337/259 301/322/259
f 301/322/260 315/337/260 316/338/260 302/323/260
f 302/324/261 316/339/261 317/340/261 303/325/261
f 303/325/262 317/340/262 318/341/262 304/326/262
f 304/326/263 318/341/263 319/342/263 305/327/263
f 305/327/11 319/342/11 320/343/11 306/328/11
f 306/328/264 320/343/264 321/344/264 307/329/264
f 307/329/265 321/344/265 322/345/265 308/330/265
f 308/330/266 322/345/266 309/331/266 295/316/266
f 309/331/267 323/346/267 324/347/267 310/332/267
f 310/332/268 324/347/268 325/348/268 311/333/268
f 311/333/269 325/348/269 326/349/269 312/334/269
f 312/334/4 326/349/4 327/350/4 313/335/4
f 313/335/270 327/350/270 328/351/270 314/336/270
f 314/336/271 328/351/271 329/352/271 315/337/271
f 315/337/272 329/352/272 330/353/272 316/338/272
f 316/339/273 330/354/273 331/355/273 317/340/273
f 317/340/274 331/355/274 332/356/274 318/341/274
f 318/341/275 332/356/275 333/357/275 319/342/275
f 319/342/11 333/357/11 334/358/11 320/343/11
f 320/343/276 334/358/276 335/359/276 321/344/276
f 321/344/277 335/359/277 336/360/277 322/345/277
f 322/345/278 336/360/278 323/346/278 309/331/278
f 323/346/279 337/361/279 338/362/279 324/347/279
f 324/347/280 338/362/280 339/363/280 325/348/280
f 325/348/281 339/363/281 340/364/281 326/349/281
f 326/349/4 340/364/4 341/365/4 327/350/4
f 327/350/282 341/365/282 342/366/282 328/351/282
f 328/351/283 342/366/283 343/367/283 329/352/283
f 329/352/284 343/367/284 344/368/284 330/353/284
f 330/354/285 344/369/285 345/370/285 331/355/285
f 331/355/286 345/370/286 346/371/286 332/356/286
f 332/356/287 346/371/287 347/372/287 333/357/287
f 333/357/11 347/372/11 348/373/11 334/358/11
f 334/358/288 348/373/288 349/374/288 335/359/288
f 335/359/289 349/374/289 350/375/289 336/360/289
f 336/360/290 350/375/290 337/361/290 323/346/290
f 337/361/291 351/376/291 352/377/291 338/362/291
f 338/362/292 352/377/292 353/378/292 339/363/292
f 339/363/293 353/378/293 354/379/293 340/364/293
f 340/364/4 354/379/4 355/380/4 341/365/4
f 341/365/294 355/380/294 356/381/294 342/366/294
f 342/366/295 356/381/295 357/382/295 343/367/295
f 343/367/296 357/382/296 358/383/296 344/368/296
f 344/369/297 358/384/297 359/385/297 345/370/297
f 345/370/298 359/385/298 360/386/298 346/371/298
f 346/371/299 360/386/299 361/387/299 347/372/299
f 347/372/11 361/387/11 362/388/11 348/373/11
f 348/373/300 362/388/300 363/389/300 349/374/300
f 349/374/301 363/389/301 364/390/301 350/375/301
f 350/375/302 364/390/302 351/376/302 337/361/302
f 351/376/303 365/391/303 366/392/303 352/377/303
f 352/377/304 366/392/304 367/393/304 353/378/304
f 353/378/305 367/393/305 368/394/305 354/379/305
f 354/379/4 368/394/4 369/395/4 355/380/4
f 355/380/306 369/395/306 370/396/306 356/381/306
f 356/381/307 370/396/307 371/397/307 357/382/307
f 357/382/308 371/397/308 372/398/308 358/383/308
f 358/384/309 372/399/309 373/400/309 359/385/309
f 359/385/310 373/400/310 374/401/310 360/386/310
f 360/386/311 374/401/311 375/402/311 361/387/311
f 361/387/11 375/402/11 376/403/11 362/388/11
f 362/388/312 376/403/312 377/404/312 363/389/312
f 363/389/313 377/404/313 378/405/313 364/390/313
f 364/390/314 378/405/314 365/391/314 351/376/314
f 365/391/315 379/406/315 380/407/315 366/392/315
f 366/392/316 380/407/316 381/408/316 367/393/316
f 367/393/317 381/408/317 382/409/317 368/394/317
f 368/394/4 382/409/4 383/410/4 369/395/4
f 369/395/318 383/410/318 384/411/318 370/396/318
f 370/396/319 384/411/319 385/412/319 371/397/319
f 371/397/320 385/412/320 386/413/320 372/398/320
f 372/399/321 386/414/321 387/415/321 373/400/321
f 373/400/322 387/415/322 388/416/322 374/401/322
f 374/401/323 388/416/323 389/417/323 375/402/323
f 375/402/11 389/417/11 390/418/11 376/403/11
f 376/403/324 390/418/324 391/419/324 377/404/324
f 377/404/325 391/419/325 392/420/325 378/405/325
f 378/405/326 392/420/326 379/406/326 365/391/326
f 379/406/327 393/421/327 394/422/327 380/407/327
f 380/407/328 394/422/328 395/423/328 381/408/328
f 381/408/329 395/423/329 396/424/329 382/409/329
f 382/409/4 396/424/4 397/425/4 383/410/4
f 383/410/330 397/425/330 398/426/330 384/411/330
f 384/411/331 398/426/331 399/427/331 385/412/331
f 385/412/332 399/427/332 400/428/332 386/413/332
f 386/414/333 400/429/333 401/430/333 387/415/333
f 387/415/334 401/430/334 402/431/334 388/416/334
f 388/416/335 402/431/335 403/432/335 389/417/335
f 389/417/11 403/432/11 404/433/11 390/418/11
f 390/418/336 404/433/336 405/434/336 391/419/336
f 391/419/337 405/434/337 406/435/337 392/420/337
f 392/420/338 406/435/338 393/421/338 379/406/338
f 393/421/339 407/436/339 408/437/339 394/422/339
f 394/422/340 408/437/340 409/438/340 395/423/340
f 395/423/341 409/438/341 410/439/341 396/424/341
f 396/424/4 410/439/4 411/440/4 397/425/4
f 397/425/342 411/440/342 412/441/342 398/426/342
f 398/426/343 412/441/343 413/442/343 399/427/343
f 399/427/344 413/442/344 414/443/344 400/428/344
f 400/429/345 414/444/345 415/445/345 401/430/345
f 401/430/346 415/445/346 416/446/346 402/431/346
f 402/431/347 416/446/347 417/447/347 403/432/347
f 403/432/11 417/447/11 418/448/11 404/433/11
f 404/433/348 418/448/348 419/449/348 405/434/348
f 405/434/349 419/449/349 420/450/349 406/435/349
f 406/435/350 420/450/350 407/436/350 393/421/350
f 407/436/351 421/451/351 422/452/351 408/437/351
f 408/437/352 422/452/352 423/453/352 409/438/352
f 409/438/353 423/453/353 424/454/353 410/439/353
f 410/439/4 424/454/4 425/455/4 411/440/4
f 411/440/354 425/455/354 426/456/354 412/441/354
f 412/441/355 426/456/355 427/457/355 413/442/355
f 413/442/356 427/457/356 428/458/356 414/443/356
f 414/444/357 428/459/357 429/460/357 415/445/357
f 415/445/358 429/460/358 430/461/358 416/446/358
f 416/446/359 430/461/359 431/462/359 417/447/359
f 417/447/11 431/462/11 432/463/11 418/448/11
f 418/448/360 432/463/360 433/464/360 419/449/360
f 419/449/361 433/464/361 434/465/361 420/450/361
f 420/450/362 434/465/362 421/451/362 407/436/362
f 421/451/363 435/466/363 436/467/363 422/452/363
f 422/452/364 436/467/364 437/468/364 423/453/364
f 423/453/365 437/468/365 438/469/365 424/454/365
f 424/454/4 438/469/4 439/470/4 425/455/4
f 425/455/366 439/470/366 440/471/366 426/456/366
f 426/456/367 440/471/367 441/472/367 427/457/367
f 427/457/368 441/472/368 442/473/368 428/458/368
f 428/459/369 442/474/369 443/475/369 429/460/369
f 429/460/370 443/475/370 444/476/370 430/461/370
f 430/461/371 444/476/371 445/477/371 431/462/371
f 431/462/11 445/477/11 446/478/11 432/463/11
f 432/463/372 446/478/372 447/479/372 433/464/372
f 433/464/373 447/479/373 448/480/373 434/465/373
f 434/465/374 448/480/374 435/466/374 421/451/374
f 435/466/375 449/481/375 450/482/375 436/467/375
f 436/467/376 450/482/376 451/483/376 437/468/376
f 437/468/377 451/483/377 452/484/377 438/469/377
f 438/469/4 452/484/4 453/485/4 439/470/4
f 439/470/378 453/485/378 454/486/378 440/471/378
f 440/471/379 454/486/379 455/487/379 441/472/379
f 441/472/380 455/487/380 456/488/380 442/473/380
f 442/474/381 456/489/381 457/490/381 443/475/381
f 443/475/382 457/490/382 458/491/382 444/476/382
f 444/476/383 458/491/383 459/492/383 445/477/383
f 445/477/11 459/492/11 460/493/11 446/478/11
f 446/478/384 460/493/384 461/494/384 447/479/384
f 447/479/385 461/494/385 462/495/385 448/480/385
f 448/480/386 462/495/386 449/481/386 435/466/386
f 449/496/7 463/497/7 464/498/7 450/499/7
f 450/499/6 464/498/6 465/500/6 451/501/6
f 451/501/5 465/500/5 466/502/5 452/503/5
f 452/503/4 466/502/4 467/504/4 453/505/4
f 453/505/3 467/504/3 468/506/3 454/507/3
f 454/507/2 468/506/2 469/508/2 455/509/2
f 455/509/1 469/508/1 470/510/1 456/511/1
f 456/512/14 470/513/14 471/514/14 457/515/14
f 457/515/13 471/514/13 472/516/13 458/517/13
f 458/517/12 472/516/12 473/518/12 459/519/12
f 459/519/11 473/518/11 474/520/11 460/521/11
f 460/521/10 474/520/10 475/522/10 461/523/10
f 461/523/9 475/522/9 476/524/9 462/525/9
f 462/525/8 476/524/8 463/497/8 449/496/8
f 463/497/20 477/526/20 478/527/20 464/498/20
f 464/498/19 478/527/19 479/528/19 465/500/19
f 465/500/18 479/528/18 480/529/18 466/502/18
f 466/502/4 480/529/4 481/530/4 467/504/4
f 467/504/17 481/530/17 482/531/17 468/506/17
f 468/506/16 482/531/16 483/532/16 469/508/16
f 469/508/15 483/532/15 484/533/15 470/510/15
f 470/513/26 484/534/26 485/535/26 471/514/26
f 471/514/25 485/535/25 486/536/25 472/516/25
f 472/516/24 486/536/24 487/537/24 473/518/24
f 473/518/11 487/537/11 488/538/11 474/520/11
f 474/520/23 488/538/23 489/539/23 475/522/23
f 475/522/22 489/539/22 490/540/22 476/524/22
f 476/524/21 490/540/21 477/526/21 463/497/21
f 477/526/32 491/541/32 492/542/32 478/527/32
f 478/527/31 492/542/31 493/543/31 479/528/31
f 479/528/30 493/543/30 494/544/30 480/529/30
f 480/529/4 494/544/4 495/545/4 481/530/4
f 481/530/29 495/545/29 496/546/29 482/531/29
f 482/531/28 496/546/28 497/547/28 483/532/28
f 483/532/27 497/547/27 498/548/27 484/533/27
f 484/534/38 498/549/38 499/550/38 485/535/38
f 485/535/37 499/550/37 500/551/37 486/536/37
f 486/536/36 500/551/36 501/552/36 487/537/36
f 487/537/11 501/552/11 502/553/11 488/538/11
f 488/538/35 502/553/35 503/554/35 489/539/35
f 489/539/34 503/554/34 504/555/34 490/540/34
f 490/540/33 504/555/33 491/541/33 477/526/33
f 491/541/44 505/556/44 506/557/44 492/542/44
f 492/542/43 506/557/43 507/558/43 493/543/43
f 493/543/42 507/558/42 508/559/42 494/544/42
f 494/544/4 508/559/4 509/560/4 495/545/4
f 495/545/41 509/560/41 510/561/41 496/546/41
f 496/546/40 510/561/40 511/562/40 497/547/40
f 497/547/39 511/562/39 512/563/39 498/548/39
f 498/549/50 512/564/50 513/565/50 499/550/50
f 499/550/49 513/565/49 514/566/49 500/551/49
f 500/551/48 514/566/48 515/567/48 501/552/48
f 501/552/11 515/567/11 516/568/11 502/553/11
f 502/553/47 516/568/47 517/569/47 503/554/47
f 503/554/46 517/569/46 518/570/46 504/555/46
f 504/555/45 518/570/45 505/556/45 491/541/45
f 505/556/56 519/571/56 520/572/56 506/557/56
f 506/557/55 520/572/55 521/573/55 507/558/55
f 507/558/54 521/573/54 522/574/54 508/559/54
f 508/559/4 522/574/4 523/575/4 509/560/4
f 509/560/53 523/575/53 524/576/53 510/561/53
f 510/561/52 524/576/52 525/577/52 511/562/52
f 511/562/51 525/577/51 526/578/51 512/563/51
f 512/564/62 526/579/62 527/580/62 513/565/62
f 513/565/61 527/580/61 528/581/61 514/566/61
f 514/566/60 528/581/60 529/582/60 515/567/60
f 515/567/11 529/582/11 530/583/11 516/568/11
f 516/568/59 530/583/59 531/584/59 517/569/59
f 517/569/58 531/584/58 532/585/58 518/570/58
f 518/570/57 532/585/57 519/571/57 505/556/57
f 519/571/68 533/586/68 534/587/68 520/572/68
f 520/572/67 534/587/67 535/588/67 521/573/67
f 521/573/66 535/588/66 536/589/66 522/574/66
f 522/574/4 536/589/4 537/590/4 523/575/4
f 523/575/65 537/590/65 538/591/65 524/576/65
f 524/576/64 538/591/64 539/592/64 525/577/64
f 525/577/63 539/592/63 540/593/63 526/578/63
f 526/579/74 540/594/74 541/595/74 527/580/74
f 527/580/73 541/595/73 542/596/73 528/581/73
f 528/581/72 542/596/72 543/597/72 529/582/72
f 529/582/11 543/597/11 544/598/11 530/583/11
f 530/583/71 544/598/71 545/599/71 531/584/71
f 531/584/70 545/599/70 546/600/70 532/585/70
f 532/585/69 546/600/69 533/586/69 519/571/69
f 533/586/80 547/601/80 548/602/80 534/587/80
f 534/587/79 548/602/79 549/603/79 535/588/79
f 535/588/78 549/603/78 550/604/78 536/589/78
f 536/589/4 550/604/4 551/605/4 537/590/4
f 537/590/77 551/605/77 552/606/77 538/591/77
f 538/591/76 552/606/76 553/607/76 539/592/76
f 539/592/75 553/607/75 554/608/75 540/593/75
f 540/594/86 554/609/86 555/610/86 541/595/86
f 541/595/85 555/610/85 556/611/85 542/596/85
f 542/596/84 556/611/84 557/612/84 543/597/84
f 543/597/11 557/612/11 558/613/11 544/598/11
f 544/598/83 558/613/83 559/614/83 545/599/83
f 545/599/82 559/614/82 560/615/82 546/600/82
f 546/600/81 560/615/81 547/601/81 533/586/81
f 547/601/92 561/616/92 562/617/92 548/602/92
f 548/602/91 562/617/91 563/618/91 549/603/91
f 549/603/90 563/618/90 564/619/90 550/604/90
f 550/604/4 564/619/4 565/620/4 551/605/4
f 551/605/89 565/620/89 566/621/89 552/606/89
f 552/606/88 566/621/88 567/622/88 553/607/88
f 553/607/87 567/622/87 568/623/87 554/608/87
f 554/609/98 568/624/98 569/625/98 555/610/98
f 555/610/97 569/625/97 570/626/97 556/611/97
f 556/611/96 570/626/96 571/627/96 557/612/96
f 557/612/11 571/627/11 572/628/11 558/613/11
f 558/613/95 572/628/95 573/629/95 559/614/95
f 559/614/94 573/629/94 574/630/94 560/615/94
f 560/615/93 574/630/93 561/616/93 547/601/93
f 561/616/104 575/631/104 576/632/104 562/617/104
f 562/617/103 576/632/103 577/633/103 563/618/103
f 563/618/102 577/633/102 578/634/102 564/619/102
f 564/619/4 578/634/4 579/635/4 565/620/4
f 565/620/101 579/635/101 580/636/101 566/621/101
f 566/621/100 580/636/100 581/637/100 567/622/100
f 567/622/99 581/637/99 582/638/99 568/623/99
f 568/624/110 582/639/110 583/640/110 569/625/110
f 569/625/109 583/640/109 584/641/109 570/626/109
f 570/626/108 584/641/108 585/642/108 571/627/108
f 571/627/11 585/642/11 586/643/11 572/628/11
f 572/628/107 586/643/107 587/644/107 573/629/107
f 573/629/106 587/644/106 588/645/106 574/630/106
f 574/630/105 588/645/105 575/631/105 561/616/105
f 575/631/116 589/646/116 590/647/116 576/632/116
f 576/632/115 590/647/115 591/648/115 577/633/115
f 577/633/114 591/648/114 592/649/114 578/634/114
f 578/634/4 592/649/4 593/650/4 579/635/4
f 579/635/113 593/650/113 594/651/113 580/636/113
f 580/636/112 594/651/112 595/652/112 581/637/112
f 581/637/111 595/652/111 596/653/111 582/638/111
f 582/639/122 596/654/122 597/655/122 583/640/122
f 583/640/121 597/655/121 598/656/121 584/641/121
f 584/641/120 598/656/120 599/657/120 585/642/120
f 585/642/11 599/657/11 600/658/11 586/643/11
f 586/643/119 600/658/119 601/659/119 587/644/119
f 587/644/118 601/659/118 602/660/118 588/645/118
f 588/645/117 602/660/117 589/646/117 575/631/117
f 589/646/128 603/661/128 604/662/128 590/647/128
f 590/647/127 604/662/127 605/663/127 591/648/127
f 591/648/126 605/663/126 606/664/126 592/649/126
f 592/649/4 606/664/4 607/665/4 593/650/4
f 593/650/125 607/665/125 608/666/125 594/651/125
f 594/651/124 608/666/124 609/667/124 595/652/124
f 595/652/123 609/667/123 610/668/123 596/653/123
f 596/654/134 610/669/134 611/670/134 597/655/134
f 597/655/133 611/670/133 612/671/133 598/656/133
f 598/656/132 612/671/132 613/672/132 599/657/132
f 599/657/11 613/672/11 614/673/11 600/658/11
f 600/658/131 614/673/131 615/674/131 601/659/131
f 601/659/130 615/674/130 616/675/130 602/660/130
f 602/660/129 616/675/129 603/661/129 589/646/129
f 603/661/140 617/676/140 618/677/140 604/662/140
f 604/662/139 618/677/139 619/678/139 605/663/139
f 605/663/138 619/678/138 620/679/138 606/664/138
f 606/664/4 620/679/4 621/680/4 607/665/4
f 607/665/137 621/680/137 622/681/137 608/666/137
f 608/666/136 622/681/136 623/682/136 609/667/136
f 609/667/135 623/682/135 624/683/135 610/668/135
f 610/669/146 624/684/146 625/685/146 611/670/146
f 611/670/145 625/685/145 626/686/145 612/671/145
f 612/671/144 626/686/144 627/687/144 613/672/144
f 613/672/11 627/687/11 628/688/11 614/673/11
f 614/673/143 628/688/143 629/689/143 615/674/143
f 615/674/142 629/689/142 630/690/142 616/675/142
f 616/675/141 630/690/141 617/676/141 603/661/141
f 617/676/152 631/691/152 632/692/152 618/677/152
f 618/677/151 632/692/151 633/693/151 619/678/151
f 619/678/150 633/693/150 634/694/150 620/679/150
f 620/679/4 634/694/4 635/695/4 621/680/4
f 621/680/149 635/695/149 636/696/149 622/681/149
f 622/681/148 636/696/148 637/697/148 623/682/148
f 623/682/147 637/697/147 638/698/147 624/683/147
f 624/684/158 638/699/158 639/700/158 625/685/158
f 625/685/157 639/700/157 640/701/157 626/686/157
f 626/686/156 640/701/156 641/702/156 627/687/156
f 627/687/11 641/702/11 642/703/11 628/688/11
f 628/688/155 642/703/155 643/704/155 629/689/155
f 629/689/154 643/704/154 644/705/154 630/690/154
f 630/690/153 644/705/153 631/691/153 617/676/153
f 631/691/164 645/706/164 646/707/164 632/692/164
f 632/692/163 646/707/163 647/708/163 633/693/163
f 633/693/162 647/708/162 648/709/162 634/694/162
f 634/694/4 648/709/4 649/710/4 635/695/4
f 635/695/161 649/710/161 650/711/161 636/696/161
f 636/696/160 650/711/160 651/712/160 637/697/160
f 637/697/159 651/712/159 652/713/159 638/698/159
f 638/699/170 652/714/170 653/715/170 639/700/170
f 639/700/169 653/715/169 654/716/169 640/701/169
f 640/701/168 654/716/168 655/717/168 641/702/168
f 641/702/11 655/717/11 656/718/11 642/703/11
f 642/703/167 656/718/167 657/719/167 643/704/167
f 643/704/166 657/719/166 658/720/166 644/705/166
f 644/705/165 658/720/165 645/706/165 631/691/165
f 645/706/176 659/721/176 660/722/176 646/707/176
f 646/707/175 660/722/175 661/723/175 647/708/175
f 647/708/174 661/723/174 662/724/174 648/709/174
f 648/709/4 662/724/4 663/725/4 649/710/4
f 649/710/173 663/725/173 664/726/173 650/711/173
f 650/711/172 664/726/172 665/727/172 651/712/172
f 651/712/171 665/727/171 666/728/171 652/713/171
f 652/714/182 666/729/182 667/730/182 653/715/182
f 653/715/181 667/730/181 668/731/181 654/716/181
f 654/716/180 668/731/180 669/732/180 655/717/180
f 655/717/11 669/732/11 670/733/11 656/718/11
f 656/718/179 670/733/179 671/734/179 657/719/179
f 657/719/178 671/734/178 672/735/178 658/720/178
f 658/720/177 672/735/177 659/721/177 645/706/177
f 659/721/188 673/736/188 674/737/188 660/722/188
f 660/722/187 674/737/187 675/738/187 661/723/187
f 661/723/186 675/738/186 676/739/186 662/724/186
f 662/724/4 676/739/4 677/740/4 663/725/4
f 663/725/185 677/740/185 678/741/185 664/726/185
f 664/726/184 678/741/184 679/742/184 665/727/184
f 665/727/183 679/742/183 680/743/183 666/728/183
f 666/729/194 680/744/194 681/745/194 667/730/194
f 667/730/193 681/745/193 682/746/193 668/731/193
f 668/731/192 682/746/192 683/747/192 669/732/192
f 669/732/11 683/747/11 684/748/11 670/733/11
f 670/733/191 684/748/191 685/749/191 671/734/191
f 671/734/190 685/749/190 686/750/190 672/735/190
f 672/735/189 686/750/189 673/736/189 659/721/189
f 673/736/200 687/751/200 688/752/200 674/737/200
f 674/737/199 688/752/199 689/753/199 675/738/199
f 675/738/198 689/753/198 690/754/198 676/739/198
f 676/739/4 690/754/4 691/755/4 677/740/4
f 677/740/197 691/755/197 692/756/197 678/741/197
f 678/741/196 692/756/196 693/757/196 679/742/196
f 679/742/195 693/757/195 694/758/195 680/743/195
f 680/744/206 694/759/206 695/760/206 681/745/206
f 681/745/205 695/760/205 696/761/205 682/746/205
f 682/746/204 696/761/204 697/762/204 683/747/204
f 683/747/11 697/762/11 698/763/11 684/748/11
f 684/748/203 698/763/203 699/764/203 685/749/203
f 685/749/202 699/764/202 700/765/202 686/750/202
f 686/750/201 700/765/201 687/751/201 673/736/201
f 687/751/212 701/766/212 702/767/212 688/752/212
f 688/752/211 702/767/211 703/768/211 689/753/211
f 689/753/210 703/768/210 704/769/210 690/754/210
f 690/754/4 704/769/4 705/770/4 691/755/4
f 691/755/209 705/770/209 706/771/209 692/756/209
f 692/756/208 706/771/208 707/772/208 693/757/208
f 693/757/207 707/772/207 708/773/207 694/758/207
f 694/759/218 708/774/218 709/775/218 695/760/218
f 695/760/217 709/775/217 710/776/217 696/761/217
f 696/761/216 710/776/216 711/777/216 697/762/216
f 697/762/11 711/777/11 712/778/11 698/763/11
f 698/763/215 712/778/215 713/779/215 699/764/215
f 699/764/214 713/779/214 714/780/214 700/765/214
f 700/765/213 714/780/213 701/766/213 687/751/213
f 701/766/224 715/781/224 716/782/224 702/767/224
f 702/767/223 716/782/223 717/783/223 703/768/223
f 703/768/222 717/783/222 718/784/222 704/769/222
f 704/769/4 718/784/4 719/785/4 705/770/4
f 705/770/221 719/785/221 720/786/221 706/771/221
f 706/771/220 720/786/220 721/787/220 707/772/220
f 707/772/219 721/787/219 722/788/219 708/773/219
f 708/774/230 722/789/230 723/790/230 709/775/230
f 709/775/229 723/790/229 724/791/229 710/776/229
f 710/776/228 724/791/228 725/792/228 711/777/228
f 711/777/11 725/792/11 726/793/11 712/778/11
f 712/778/227 726/793/227 727/794/227 713/779/227
f 713/779/226 727/794/226 728/795/226 714/780/226
f 714/780/225 728/795/225 715/781/225 701/766/225
f 715/781/236 729/796/236 730/797/236 716/782/236
f 716/782/235 730/797/235 731/798/235 717/783/235
f 717/783/234 731/798/234 732/799/234 718/784/234
f 718/784/4 732/799/4 733/800/4 719/785/4
f 719/785/233 733/800/233 734/801/233 720/786/233
f 720/786/232 734/801/232 735/802/232 721/787/232
f 721/787/231 735/802/231 736/803/231 722/788/231
f 722/789/242 736/804/242 737/805/242 723/790/242
f 723/790/241 737/805/241 738/806/241 724/791/241
f 724/791/240 738/806/240 739/807/240 725/792/240
f 725/792/11 739/807/11 740/808/11 726/793/11
f 726/793/239 740/808/239 741/809/239 727/794/239
f 727/794/238 741/809/238 742/810/238 728/795/238
f 728/795/237 742/810/237 729/796/237 715/781/237
f 729/796/248 743/811/248 744/812/248 730/797/248
f 730/797/247 744/812/247 745/813/247 731/798/247
f 731/798/246 745/813/246 746/814/246 732/799/246
f 732/799/4 746/814/4 747/815/4 733/800/4
f 733/800/245 747/815/245 748/816/245 734/801/245
f 734/801/244 748/816/244 749/817/244 735/802/244
f 735/802/243 749/817/243 750/818/243 736/803/243
f 736/804/254 750/819/254 751/820/254 737/805/254
f 737/805/253 751/820/253 752/821/253 738/806/253
f 738/806/252 752/821/252 753/822/252 739/807/252
f 739/807/11 753/822/11 754/823/11 740/808/11
f 740/808/251 754/823/251 755/824/251 741/809/251
f 741/809/250 755/824/250 756/825/250 742/810/250
f 742/810/249 756/825/249 743/811/249 729/796/249
f 743/811/260 757/826/260 758/827/260 744/812/260
f 744/812/259 758/827/259 759/828/259 745/813/259
f 745/813/258 759/828/258 760/829/258 746/814/258
f 746/814/4 760/829/4 761/830/4 747/815/4
f 747/815/257 761/830/257 762/831/257 748/816/257
f 748/816/256 762/831/256 763/832/256 749/817/256
f 749/817/255 763/832/255 764/833/255 750/818/255
f 750/819/266 764/834/266 765/835/266 751/820/266
f 751/820/265 765/835/265 766/836/265 752/821/265
f 752/821/264 766/836/264 767/837/264 753/822/264
f 753/822/11 767/837/11 768/838/11 754/823/11
f 754/823/263 768/838/263 769/839/263 755/824/263
f 755/824/262 769/839/262 770/840/262 756/825/262
f 756/825/261 770/840/261 757/826/261 743/811/261
f 757/826/272 771/841/272 772/842/272 758/827/272
f 758/827/271 772/842/271 773/843/271 759/828/271
f 759/828/270 773/843/270 774/844/270 760/829/270
f 760/829/4 774/844/4 775/845/4 761/830/4
f 761/830/269 775/845/269 776/846/269 762/831/269
f 762/831/268 776/846/268 777/847/268 763/832/268
f 763/832/267 777/847/267 778/848/267 764/833/267
f 764/834/278 778/849/278 779/850/278 765/835/278
f 765/835/277 779/850/277 780/851/277 766/836/277
f 766/836/276 780/851/276 781/852/276 767/837/276
f 767/837/11 781/852/11 782/853/11 768/838/11
f 768/838/275 782/853/275 783/854/275 769/839/275
f 769/839/274 783/854/274 784/855/274 770/840/274
f 770/840/273 784/855/273 771/841/273 757/826/273
f 771/841/284 785/856/284 786/857/284 772/842/284
f 772/842/283 786/857/283 787/858/283 773/843/283
f 773/843/282 787/858/282 788/859/282 774/844/282
f 774/844/4 788/859/4 789/860/4 775/845/4
f 775/845/281 789/860/281 790/861/281 776/846/281
f 776/846/280 790/861/280 791/862/280 777/847/280
f 777/847/279 791/862/279 792/863/279 778/848/279
f 778/849/290 792/864/290 793/865/290 779/850/290
f 779/850/289 793/865/289 794/866/289 780/851/289
f 780/851/288 794/866/288 795/867/288 781/852/288
f 781/852/11 795/867/11 796/868/11 782/853/11
f 782/853/287 796/868/287 797/869/287 783/854/287
f 783/854/286 797/869/286 798/870/286 784/855/286
f 784/855/285 798/870/285 785/856/285 771/841/285
f 785/856/296 799/871/296 800/872/296 786/857/296
f 786/857/295 800/872/295 801/873/295 787/858/295
f 787/858/294 801/873/294 802/874/294 788/859/294
f 788/859/4 802/874/4 803/875/4 789/860/4
f 789/860/293 803/875/293 804/876/293 790/861/293
f 790/861/292 804/876/292 805/877/292 791/862/292
f 791/862/291 805/877/291 806/878/291 792/863/291
f 792/864/302 806/879/302 807/880/302 793/865/302
f 793/865/301 807/880/301 808/881/301 794/866/301
f 794/866/300 808/881/300 809/882/300 795/867/300
f 795/867/11 809/882/11 810/883/11 796/868/11
f 796/868/299 810/883/299 811/884/299 797/869/299
f 797/869/298 811/884/298 812/885/298 798/870/298
f 798/870/297 812/885/297 799/871/297 785/856/297
f 799/871/308 813/886/308 814/887/308 800/872/308
f 800/872/307 814/887/307 815/888/307 801/873/307
f 801/873/306 815/888/306 816/889/306 802/874/306
f 802/874/4 816/889/4 817/890/4 803/875/4
f 803/875/305 817/890/305 818/891/305 804/876/305
f 804/876/304 818/891/304 819/892/304 805/877/304
f 805/877/303 819/892/303 820/893/303 806/878/303
f 806/879/314 820/894/314 821/895/314 807/880/314
f 807/880/313 821/895/313 822/896/313 808/881/313
f 808/881/312 822/896/312 823/897/312 809/882/312
f 809/882/11 823/897/11 824/898/11 810/883/11
f 810/883/311 824/898/311 825/899/311 811/884/311
f 811/884/310 825/899/310 826/900/310 812/885/310
f 812/885/309 826/900/309 813/886/309 799/871/309
f 813/886/320 827/901/320 828/902/320 814/887/320
f 814/887/319 828/902/319 829/903/319 815/888/319
f 815/888/318 829/903/318 830/904/318 816/889/318
f 816/889/4 830/904/4 831/905/4 817/890/4
f 817/890/317 831/905/317 832/906/317 818/891/317
f 818/891/316 832/906/316 833/907/316 819/892/316
f 819/892/315 833/907/315 834/908/315 820/893/315
f 820/894/326 834/909/326 835/910/326 821/895/326
f 821/895/325 835/910/325 836/911/325 822/896/325
f 822/896/324 836/911/324 837/912/324 823/897/324
f 823/897/11 837/912/11 838/913/11 824/898/11
f 824/898/323 838/913/323 839/914/323 825/899/323
f 825/899/322 839/914/322 840/915/322 826/900/322
f 826/900/321 840/915/321 827/901/321 813/886/321
f 827/901/332 841/916/332 842/917/332 828/902/332
f 828/902/331 842/917/331 843/918/331 829/903/331
f 829/903/330 843/918/330 844/919/330 830/904/330
f 830/904/4 844/919/4 845/920/4 831/905/4
f 831/905/329 845/920/329 846/921/329 832/906/329
f 832/906/328 846/921/328 847/922/328 833/907/328
f 833/907/327 847/922/327 848/923/327 834/908/327
f 834/909/338 848/924/338 849/925/338 835/910/338
f 835/910/337 849/925/337 850/926/337 836/911/337
f 836/911/336 850/926/336 851/927/336 837/912/336
f 837/912/11 851/927/11 852/928/11 838/913/11
f 838/913/335 852/928/335 853/929/335 839/914/335
f 839/914/334 853/929/334 854/930/334 840/915/334
f 840/915/333 854/930/333 841/916/333 827/901/333
f 841/916/344 855/931/344 856/932/344 842/917/344
f 842/917/343 856/932/343 857/933/343 843/918/343
f 843/918/342 857/933/342 858/934/342 844/919/342
f 844/919/4 858/934/4 859/935/4 845/920/4
f 845/920/341 859/935/341 860/936/341 846/921/341
f 846/921/340 860/936/340 861/937/340 847/922/340
f 847/922/339 861/937/339 862/938/339 848/923/339
f 848/924/350 862/939/350 863/940/350 849/925/350
f 849/925/349 863/940/349 864/941/349 850/926/349
f 850/926/348 864/941/348 865/942/348 851/927/348
f 851/927/11 865/942/11 866/943/11 852/928/11
f 852/928/347 866/943/347 867/944/347 853/929/347
f 853/929/346 867/944/346 868/945/346 854/930/346
f 854/930/345 868/945/345 855/931/345 841/916/345
f 855/931/356 869/946/356 870/947/356 856/932/356
f 856/932/355 870/947/355 871/948/355 857/933/355
f 857/933/354 871/948/354 872/949/354 858/934/354
f 858/934/4 872/949/4 873/950/4 859/935/4
f 859/935/353 873/950/353 874/951/353 860/936/353
f 860/936/352 874/951/352 875/952/352 861/937/352
f 861/937/351 875/952/351 876/953/351 862/938/351
f 862/939/362 876/954/362 877/955/362 863/940/362
f 863/940/361 877/955/361 878/956/361 864/941/361
f 864/941/360 878/956/360 879/957/360 865/942/360
f 865/942/11 879/957/11 880/958/11 866/943/11
f 866/943/359 880/958/359 881/959/359 867/944/359
f 867/944/358 881/959/358 882/960/358 868/945/358
f 868/945/357 882/960/357 869/946/357 855/931/357
f 869/946/368 883/961/368 884/962/368 870/947/368
f 870/947/367 884/962/367 885/963/367 871/948/367
f 871/948/366 885/963/366 886/964/366 872/949/366
f 872/949/4 886/964/4 887/965/4 873/950/4
f 873/950/365 887/965/365 888/966/365 874/951/365
f 874/951/364 888/966/364 889/967/364 875/952/364
f 875/952/363 889/967/363 890/968/363 876/953/363
f 876/954/374 890/969/374 891/970/374 877/955/374
f 877/955/373 891/970/373 892/971/373 878/956/373
f 878/956/372 892/971/372 893/972/372 879/957/372
f 879/957/11 893/972/11 894/973/11 880/958/11
f 880/958/371 894/973/371 895/974/371 881/959/371
f 881/959/370 895/974/370 896/975/370 882/960/370
f 882/960/369 896/975/369 883/961/369 869/946/369
f 883/961/380 1/1/380 2/4/380 884/962/380
f 884/962/379 2/4/379 3/6/379 885/963/379
f 885/963/378 3/6/378 4/8/378 886/964/378
f 886/964/4 4/8/4 5/10/4 887/965/4
f 887/965/377 5/10/377 6/12/377 888/966/377
f 888/966/376 6/12/376 7/14/376 889/967/376
f 889/967/375 7/14/375 8/16/375 890/968/375
f 890/969/386 8/17/386 9/20/386 891/970/386
f 891/970/385 9/20/385 10/22/385 892/971/385
f 892/971/384 10/22/384 11/24/384 893/972/384
f 893/972/11 11/24/11 12/26/11 894/973/11
f 894/973/383 12/26/383 13/28/383 895/974/383
f 895/974/382 13/28/382 14/30/382 896/975/382
f 896/975/381 14/30/381 1/1/381 883/961/381
